{"type": "FeatureCollection", "features": [{"type": "Feature", "geometry": {"type": "Polygon", "coordinates": [[[-268.74924559319504, 240.76415339561333], [-267.1183779553091, 242.30784856258765], [-258.66360021883537, 232.5896567620755], [-252.58383759424254, 225.67030821355064], [-252.29113857911508, 225.34821954711907], [-245.25798862009034, 217.69583792855954], [-241.36090024476994, 213.3865193320703], [-239.2785491630255, 211.0652641048282], [-245.59293050374174, 205.43465534407412], [-249.24778520324182, 201.12559246577862], [-249.74956897598042, 201.32552050878107], [-249.9670345762823, 200.65915878402478], [-250.33503628782006, 200.02612072403988], [-251.06265363675985, 199.42641359479904], [-251.8404382232804, 199.17099904875036], [-252.71856940830148, 199.24877269549097], [-253.46288425953648, 199.4820279183499], [-254.19046647105284, 199.89298109054667], [-254.49156744195312, 199.1377732051723], [-267.7304879509729, 198.96055177080015], [-268.0399030248682, 199.57140166392844], [-268.407895263794, 199.23823067267978], [-268.7340679284931, 199.00501353368625], [-269.4616666669632, 198.94950978307185], [-270.4401521211483, 199.1272446939121], [-271.25136894256076, 199.4382473172123], [-271.9371188334777, 200.26012839392206], [-272.2465234834169, 201.137526154975], [-273.1162968938095, 201.05981580809114], [-281.4540322967907, 210.1449686684309], [-290.5945751087817, 220.09644341947882], [-288.38661932252046, 222.1732060309657], [-286.73065254429935, 223.75021420415754], [-284.94923487294363, 225.43827936805923], [-281.8045752879803, 228.4034995657557], [-277.8235733385933, 232.16833213791836], [-274.7625530799112, 235.07802785846104], [-272.89750668765396, 236.8438359234384], [-268.74924559319504, 240.76415339561333]], [[-264.55151125216133, 225.4819306156223], [-264.74396228971574, 222.78314218678105], [-262.7536088588585, 220.66179431353217], [-260.09412511859495, 220.67280452457945], [-258.29598738162474, 222.33866332376545], [-258.103539524843, 225.01523961179322], [-260.09389312093816, 227.1365862245966], [-262.6948300394695, 227.19221081511344], [-264.55151125216133, 225.4819306156223]]]}, "properties": {"id": "br9045960", "height": null, "levels": 8, "osm_id": 9045960, "tags": {"building": "apartments"}}}, {"type": "Feature", "geometry": {"type": "Polygon", "coordinates": [[[-252.34799360527475, 273.79326782381514], [-249.9562361105566, 271.2609815914367], [-245.63267432652805, 266.56293021594166], [-243.1071113589921, 263.7640940238655], [-235.66421192406165, 255.63414286662282], [-228.81505340781288, 248.27054284724167], [-228.5474425694472, 247.981774383605], [-226.3981923153883, 245.66052061862132], [-223.74717111968806, 242.75062580433726], [-221.71499857103862, 240.5293324537147], [-217.99352934707045, 236.3866239619862], [-216.0031696099664, 234.1431211854648], [-221.8073642443674, 228.40141476693026], [-229.10024193867798, 221.6268876276056], [-234.30230545651236, 216.00734001051916], [-239.2785491630255, 211.0652641048282], [-241.36090024476994, 213.3865193320703], [-245.25798862009034, 217.69583792855954], [-252.29113857911508, 225.34821954711907], [-252.58383759424254, 225.67030821355064], [-258.66360021883537, 232.5896567620755], [-238.75866685942, 252.5245208570797], [-240.71556978692539, 254.53479958977374], [-254.4650048907239, 241.08571619851313], [-260.85417956224734, 248.24941302549564], [-254.79071365596687, 253.97997307512694], [-256.5385382084124, 255.86808103426495], [-270.5211010088272, 270.99517240689516], [-271.4911807403512, 272.05029340904565], [-274.05854616061686, 274.8269288007774], [-270.5542788923688, 278.3474482708258], [-269.1827872340622, 276.8702785709731], [-265.3272659747282, 280.6018044880057], [-266.79074918633796, 282.1456137854885], [-263.24467197346024, 285.7105599114749], [-260.3177080477371, 282.5340937899365], [-252.34799360527475, 273.79326782381514]], [[-236.9781692503677, 226.63601648624245], [-232.0270279430253, 231.5558825857766], [-233.50725658371232, 233.0330486522889], [-233.6828882725951, 232.8553558452855], [-236.97785399747266, 236.27615837868277], [-237.92291875978, 235.35437853614343], [-240.50721398111233, 232.77783604518947], [-241.4188263396022, 231.87826786052887], [-238.14895233944026, 228.39082723141442], [-238.324587907229, 228.10207299523347], [-236.9781692503677, 226.63601648624245]]]}, "properties": {"id": "br9045964", "height": null, "levels": 8, "osm_id": 9045964, "tags": {"building": "retail"}}}, {"type": "Feature", "geometry": {"type": "Polygon", "coordinates": [[[-201.7375712945063, 165.2512385468755], [-200.13179181905917, 166.75052469352718], [-199.93106939303303, 166.9393237561095], [-198.30020041122071, 168.4608219267356], [-185.53827691771363, 155.0553572182245], [-187.3698692755834, 153.32284448915158], [-188.91710557489043, 151.85687247886972], [-192.99010344043486, 148.00314476715914], [-194.6460668263766, 146.43722151261133], [-196.62820582811574, 144.56033520779553], [-197.48964225295472, 143.73850332882324], [-198.91971611479698, 145.2267669106454], [-202.57455075810654, 141.72843004449865], [-201.1444760315832, 140.27348420901887], [-209.0395983278861, 132.77705463919418], [-214.85185783393968, 139.65193309102216], [-221.75969492405383, 146.3935758889012], [-214.21583859095878, 153.60124216008336], [-212.96975512832614, 152.30178554341202], [-209.31492240248804, 155.7445864595184], [-210.54427947119757, 157.04404196728095], [-207.01490278281833, 160.34246772500637], [-205.91092776443662, 161.375308504583], [-201.7375712945063, 165.2512385468755]], [[-206.36299030234719, 145.62679654654283], [-209.03914757246824, 148.40341144753768], [-209.3653039290751, 148.7477115997759], [-212.9114144704177, 145.42707523076638], [-209.75020286470576, 142.1839864454709], [-206.36299030234719, 145.62679654654283]], [[-201.92198143290457, 150.20240639841322], [-199.93984352239497, 152.04597281483737], [-202.18949034835376, 154.31169042301096], [-204.17162695994622, 152.5125492264667], [-201.92198143290457, 150.20240639841322]]]}, "properties": {"id": "br9062064", "height": null, "levels": 8, "osm_id": 9062064, "tags": {"building": "apartments"}}}, {"type": "Feature", "geometry": {"type": "Polygon", "coordinates": [[[-217.54386903537505, 171.46003542566476], [-219.71823679333963, 173.68133167389578], [-212.82676308352833, 180.12269492436977], [-212.63440422471885, 180.30038773066505], [-206.46219648517584, 186.08651518624148], [-203.3677335872901, 188.9629214397406], [-202.49793930116303, 189.76254013484535], [-201.3438510600753, 188.60746801093288], [-198.30793298433397, 191.50609036998387], [-199.3951160534309, 192.65005402191605], [-192.88839330229723, 198.76936856208113], [-191.04008416811212, 200.52409188685957], [-189.53467487481868, 201.94564003330262], [-183.29589502281507, 196.01479347279826], [-176.47171056648077, 188.8955796302139], [-186.51614720126003, 179.4444946188201], [-187.77059394070832, 180.7439469584741], [-190.76470008743388, 177.70093914079476], [-189.6356982546616, 176.52365725675298], [-196.7362399340602, 169.9045792122907], [-198.30020041122071, 168.4608219267356], [-199.93106939303303, 166.9393237561095], [-200.13179181905917, 166.75052469352718], [-201.7375712945063, 165.2512385468755], [-205.91092776443662, 161.375308504583], [-207.01490278281833, 160.34246772500637], [-209.12237100590633, 162.57486499655124], [-212.7102908004917, 159.2542296663471], [-210.54427947119757, 157.04404196728095], [-214.21583859095878, 153.60124216008336], [-221.75969492405383, 146.3935758889012], [-228.25771199431279, 153.41286624605357], [-234.3041177847291, 159.95458331363525], [-232.13797663514464, 162.0091519120643], [-223.40651792755736, 170.2496430918314], [-221.1067064369934, 167.88396193022092], [-217.54386903537505, 171.46003542566476]], [[-215.35299002479945, 161.95310290405206], [-213.56321286237974, 163.56344213190815], [-216.74950042907534, 166.89538266626892], [-218.53927881646456, 165.24061960431487], [-223.02209141390614, 161.1092672344929], [-219.8274426435475, 157.7217929551633], [-215.35299002479945, 161.95310290405206]], [[-200.42448507578973, 167.45022043074596], [-198.87724886306617, 168.94950847939575], [-202.84966181754007, 173.02557681337484], [-210.52686125367853, 180.8556338660332], [-212.13263780402445, 179.4229869091371], [-200.42448507578973, 167.45022043074596]]]}, "properties": {"id": "br9062066", "height": null, "levels": 8, "osm_id": 9062066, "tags": {"building": "office"}}}, {"type": "Feature", "geometry": {"type": "Polygon", "coordinates": [[[-197.48964225295472, 143.73850332882324], [-196.62820582811574, 144.56033520779553], [-194.6460668263766, 146.43722151261133], [-192.99010344043486, 148.00314476715914], [-188.91710557489043, 151.85687247886972], [-187.3698692755834, 153.32284448915158], [-182.43569217189918, 148.1472513628401], [-180.09393119783607, 150.3239987414867], [-178.86452997433224, 150.54609134985762], [-176.34726131905342, 147.85834067350615], [-176.54801261019082, 146.4811826152109], [-178.80614077994335, 144.3266443445193], [-173.86358871826198, 139.12884461627345], [-179.22455811378418, 134.00903886772457], [-181.26524098834363, 132.06551292845668], [-181.7085042130446, 131.64349023275398], [-182.59503081729451, 130.79944492490623], [-185.72296591452007, 127.82307554921253], [-186.4422241878877, 127.13451256666924], [-187.68001732732967, 125.96839851238578], [-188.65854239741088, 125.07993172775643], [-191.86175040357858, 122.15909774835683], [-195.7173148208975, 118.54970134582514], [-203.35274310321353, 127.10164890502739], [-209.0395983278861, 132.77705463919418], [-201.1444760315832, 140.27348420901887], [-197.48964225295472, 143.73850332882324]], [[-194.79708521096612, 128.57853215235124], [-190.89134587345185, 132.23235238827277], [-195.01431332634345, 136.63049858425782], [-198.97859547195307, 132.96557599801412], [-194.79708521096612, 128.57853215235124]], [[-189.0513646761881, 134.70897617357406], [-187.08595087356753, 136.60807725976588], [-190.66532403341415, 140.36205014356733], [-192.69764257499085, 138.5073764058505], [-189.0513646761881, 134.70897617357406]]]}, "properties": {"id": "br9062067", "height": null, "levels": 5, "osm_id": 9062067, "tags": {"building": "office"}}}, {"type": "Feature", "geometry": {"type": "Polygon", "coordinates": [[[-124.47796336423382, 176.30012203379798], [-129.0943703731938, 180.9536810501544], [-125.43958887104623, 184.5742228748389], [-122.21144997041937, 181.30895861140766], [-120.61410546441151, 179.69853961222117], [-121.42534894077805, 178.93222857847852], [-120.07889584271493, 177.56614928459587], [-119.27601537704389, 178.34356675590314], [-115.1697482289791, 174.18979900126166], [-113.7647514697139, 172.76818919283286], [-111.96668936942746, 170.94675206134087], [-111.5485352391916, 170.5247117902126], [-112.79467403151791, 169.2364173100513], [-110.06830827482216, 166.45983709963264], [-108.85562168738089, 167.79255715868837], [-108.33710992232335, 167.28166634370731], [-106.66449174470239, 165.5712939518326], [-103.8963063098742, 162.78360931206475], [-100.74341594577018, 159.5960988745144], [-105.65269869289938, 154.84273531912774], [-105.87850934064127, 154.60950940375128], [-111.222696185719, 149.26752992441678], [-117.15213501459964, 155.24273360179717], [-119.3432648658417, 157.46399994489627], [-117.87131161182405, 159.00773111741714], [-120.51404735269288, 161.63993285051774], [-122.00272633727849, 160.14062710039778], [-123.03138528844595, 161.18462287655632], [-126.12572397051139, 164.294398925995], [-129.75529591744723, 167.95949353614247], [-129.05277272149903, 168.69248709899966], [-130.43267803131073, 170.0918871041041], [-131.11847520441495, 169.33668106478672], [-132.94162212002252, 171.18033571027226], [-135.92723244314328, 174.1901586233605], [-130.52450334640108, 179.53211903668634], [-125.89136935536523, 174.91187729081878], [-124.47796336423382, 176.30012203379798]], [[-112.36822810418921, 164.20532331826655], [-115.32885422629984, 161.30666388299844], [-113.22135587469641, 159.12982465894487], [-110.26909140819414, 162.12844044965627], [-112.36822810418921, 164.20532331826655]], [[-119.14240606328688, 166.06015909333487], [-116.92611920022324, 168.17029209034274], [-118.22239680300345, 169.44752073557152], [-120.53068162270948, 167.181903516926], [-119.14240606328688, 166.06015909333487]]]}, "properties": {"id": "br9062134", "height": null, "levels": 6, "osm_id": 9062134, "tags": {"building": "apartments"}}}, {"type": "Feature", "geometry": {"type": "Polygon", "coordinates": [[[-144.64101767343706, 208.17515718676702], [-137.5823690844738, 215.2052151631091], [-135.859590515177, 213.4615164885602], [-133.60985776935416, 215.72713006890848], [-135.34100032990193, 217.42640375371502], [-131.167708858765, 221.58002862906864], [-129.32784667068069, 219.80301090807737], [-127.22029330058841, 221.96867364566117], [-129.00997694145812, 223.72347763470356], [-123.64074283212358, 229.04323188300228], [-118.4389531077487, 223.73440330526287], [-112.40084963479748, 217.80362085894805], [-117.73662989840072, 212.56160091307902], [-119.81902388773514, 214.61627352446294], [-121.9014858218672, 212.5616697758908], [-119.82745536670815, 210.48478440196806], [-124.10110554802412, 206.2867301727565], [-126.16677358409295, 208.31919199370313], [-128.41650649926893, 206.04246997678032], [-126.40101710392439, 204.03222070452165], [-128.50021069299208, 201.95540687150336], [-133.5098444132488, 197.02436519259533], [-144.64101767343706, 208.17515718676702]], [[-128.3495305048001, 210.0295780224653], [-131.62783161649898, 213.36148300164095], [-133.91938051319894, 211.08476343338137], [-130.6578055648911, 207.76396388483013], [-128.3495305048001, 210.0295780224653]]]}, "properties": {"id": "br9062135", "height": null, "levels": 6, "osm_id": 9062135, "tags": {"building": "apartments"}}}, {"type": "Feature", "geometry": {"type": "Polygon", "coordinates": [[[-134.7886071179827, 240.26064651897948], [-129.46975006841296, 234.92959544282186], [-123.64074283212358, 229.04323188300228], [-129.00997694145812, 223.72347763470356], [-130.8832896067652, 225.56713281481626], [-133.08283749307705, 223.4125789733739], [-131.167708858765, 221.58002862906864], [-135.34100032990193, 217.42640375371502], [-137.2728540579671, 219.32559243024807], [-139.53094721124816, 217.2043601391443], [-137.5823690844738, 215.2052151631091], [-144.64101767343706, 208.17515718676702], [-146.4056819044872, 206.42042031857238], [-152.1594252621971, 212.0735711686606], [-150.42821228325295, 213.89494427093692], [-155.78051911745794, 219.3592851201834], [-148.76368704141257, 226.35601476385702], [-147.10781676373182, 224.7233762991108], [-144.89153880923084, 226.87792555479749], [-146.5724978581991, 228.54388248816383], [-142.38247963222182, 232.71971294576556], [-140.53425858696738, 231.009329110037], [-138.40997926946343, 233.15277599982292], [-140.1494781766273, 234.92979412089946], [-136.8877926169854, 238.18383499725002], [-134.7886071179827, 240.26064651897948]], [[-141.8725898077036, 219.34789333262572], [-139.6395828893297, 221.63571769703825], [-142.5080874997052, 224.54558591592203], [-144.84145137898403, 222.3021890479806], [-141.8725898077036, 219.34789333262572]], [[-133.53437688929318, 227.25531661638132], [-132.9573095199715, 227.81061371411067], [-133.1998158747935, 229.1655689801327], [-131.97041206993637, 230.34279883397517], [-133.67646086781352, 232.10870863177564], [-134.92258866229255, 231.053647072377], [-136.03488399274397, 231.1980478723267], [-136.69558590709835, 230.47616028038604], [-133.53437688929318, 227.25531661638132]]]}, "properties": {"id": "br9062136", "height": null, "levels": 6, "osm_id": 9062136, "tags": {"building": "residential"}}}, {"type": "Feature", "geometry": {"type": "Polygon", "coordinates": [[[-128.50021069299208, 201.95540687150336], [-126.40101710392439, 204.03222070452165], [-124.58617771979165, 205.80917388220544], [-123.60770209507454, 204.8984525144466], [-117.72829668533252, 210.71797922753547], [-118.64822974033524, 211.65091115842654], [-117.73662989840072, 212.56160091307902], [-112.40084963479748, 217.80362085894805], [-107.75100272708761, 213.15007171301298], [-102.21466675815716, 207.5858084079344], [-104.6567475971776, 205.15359557965152], [-107.8180736097126, 202.02170656309323], [-108.41186812536861, 201.4219831195804], [-109.59105832961477, 202.59925315331006], [-115.46210096219161, 196.7575074731747], [-114.3247266815878, 195.58023715407455], [-118.19694341700306, 191.7486762857399], [-120.27104827147294, 189.6940720074974], [-121.18265130841897, 188.78338260548642], [-123.25675785807428, 186.72877918972856], [-124.34399141397162, 185.66260703187893], [-125.43958887104623, 184.5742228748389], [-129.0943703731938, 180.9536810501544], [-130.52450334640108, 179.53211903668634], [-135.92723244314328, 174.1901586233605], [-138.33579014403412, 176.62245176893077], [-135.98568237094676, 179.1212917858285], [-138.74548899789608, 181.75350244826498], [-141.10395682819578, 179.42125577786763], [-141.70609569881262, 180.02099980842107], [-146.18868059193022, 184.55239943842602], [-136.2948357590764, 194.28119708844403], [-133.5098444132488, 197.02436519259533], [-128.50021069299208, 201.95540687150336]], [[-126.12528325174436, 189.61642845785255], [-130.75840729101895, 194.25888276869475], [-132.2052665683657, 192.71515367024406], [-127.58886846334981, 188.09491104843767], [-126.12528325174436, 189.61642845785255]], [[-114.76786409905655, 202.61043944576264], [-117.47748864832668, 205.3537028488], [-120.69736364466725, 202.14407732190801], [-117.97937484946657, 199.46744951494028], [-114.76786409905655, 202.61043944576264]]]}, "properties": {"id": "br9062137", "height": null, "levels": 6, "osm_id": 9062137, "tags": {"building": "apartments"}}}, {"type": "Feature", "geometry": {"type": "Polygon", "coordinates": [[[-102.21466675815716, 207.5858084079344], [-99.22069286731677, 204.58710526834912], [-96.51942355759263, 201.89937957360283], [-93.33309481829049, 198.6674471055246], [-90.42274457597354, 195.7353856397639], [-92.69755930071852, 193.49197135289037], [-93.13245042324198, 193.06994309281643], [-96.5697655684913, 189.67150509446788], [-97.80750043665431, 190.95983550511548], [-104.20542914953118, 184.78490333874907], [-102.90078925277875, 183.46325243639546], [-108.57112125169157, 177.87694002700582], [-120.27104827147294, 189.6940720074974], [-118.19694341700306, 191.7486762857399], [-114.3247266815878, 195.58023715407455], [-114.01528397706592, 195.89120458049607], [-112.76082698064799, 194.56955267120227], [-106.53852635661488, 200.74447995936129], [-107.8180736097126, 202.02170656309323], [-104.6567475971776, 205.15359557965152], [-102.21466675815716, 207.5858084079344]], [[-109.20656010564225, 188.80540453799125], [-108.06914911054993, 189.93821514632393], [-109.73339915261569, 191.5819508792477], [-110.82063083991912, 190.46024591680654], [-109.20656010564225, 188.80540453799125]], [[-101.91379755354782, 193.01453050073704], [-99.7811559497673, 195.11356385313186], [-102.92566841799037, 198.27886162373898], [-105.07503669004448, 196.15761711976796], [-101.91379755354782, 193.01453050073704]]]}, "properties": {"id": "br9062139", "height": null, "levels": 7, "osm_id": 9062139, "tags": {"building": "apartments"}}}, {"type": "Feature", "geometry": {"type": "Polygon", "coordinates": [[[-170.13093248621374, 251.87842770652276], [-169.85494330713246, 252.14496894223808], [-169.7462248436458, 252.05611715989136], [-169.4702478929468, 251.80066914405757], [-169.1440644677006, 252.73357851084967], [-168.6589930172338, 253.18891954487927], [-167.91466602717233, 253.59982998018398], [-167.05326291300375, 253.6886593088977], [-166.20859649799425, 253.32213678216144], [-166.08313853612336, 253.81080471209324], [-150.19321872550387, 253.6993964033545], [-150.10123893122332, 252.99970675592863], [-149.59944475333504, 253.34398717369726], [-148.8383985570893, 253.466139202021], [-148.14426186476624, 253.3661695871158], [-147.51704365873422, 252.59983212296376], [-147.2745263196186, 251.95567022135262], [-146.78945686623274, 252.37769425397727], [-145.33430363968256, 250.91165251698277], [-140.56741816746722, 246.11369971314403], [-134.7886071179827, 240.26064651897948], [-136.8877926169854, 238.18383499725002], [-140.1494781766273, 234.92979412089946], [-141.6129979303812, 236.4402595631149], [-143.54491798506822, 234.65220672594765], [-143.96308464378782, 234.16354423221821], [-142.38247963222182, 232.71971294576556], [-146.5724978581991, 228.54388248816383], [-148.16146222998313, 230.17651947153252], [-149.51632183438224, 228.7105349417694], [-150.34428986556128, 227.91090897007024], [-148.76368704141257, 226.35601476385702], [-155.78051911745794, 219.3592851201834], [-157.1521066754901, 217.98215163349442], [-162.20334015428406, 223.07998765535044], [-166.5269898818003, 227.43369815134685], [-162.81367061590038, 231.0764323540506], [-167.25439939524995, 235.4190398156853], [-170.9008122202306, 231.83183705515893], [-173.811115403623, 234.76393100925668], [-176.81340882550253, 237.7737714694459], [-178.29364690359583, 239.27313857989438], [-180.54327369270965, 241.52774362530468], [-175.41654852214344, 246.72529800570763], [-171.19307354144829, 250.8233680335437], [-170.13093248621374, 251.87842770652276]], [[-152.31791056960552, 231.80921032053575], [-150.05145255428957, 234.05260619994803], [-153.27955729333348, 237.22903390197428], [-153.54718376507518, 236.94027955461922], [-155.48747501234078, 234.90789468387098], [-152.31791056960552, 231.80921032053575]], [[-148.5292056516962, 241.63807827381177], [-145.44327252282065, 238.5393986010333], [-144.34767999833952, 239.63888597937748], [-147.3917956718721, 242.82641357668967], [-148.5292056516962, 241.63807827381177]], [[-166.65202868644343, 245.19244182109048], [-164.51111586639396, 243.0933297050136], [-164.2936795413631, 242.87120168308064], [-162.41193855847882, 244.51487012662517], [-162.49554343616074, 245.69212437716942], [-166.08332409731318, 245.71441802773668], [-166.65202868644343, 245.19244182109048]]]}, "properties": {"id": "br9062140", "height": null, "levels": 8, "osm_id": 9062140, "tags": {"building": "apartments"}}}, {"type": "Feature", "geometry": {"type": "Polygon", "coordinates": [[[-185.9710845675532, 236.11918370147276], [-180.1588479852438, 230.33273048446233], [-179.2138360599964, 229.38868394081373], [-178.74551144087377, 228.9222138973313], [-174.0120843610065, 224.20198316251967], [-172.86635995241429, 223.0580218664876], [-171.09341333784693, 221.29210128904555], [-167.5391543578945, 217.76026125510822], [-167.37189503547987, 217.5936650796866], [-170.30743290737686, 214.65060266786125], [-168.777011492016, 213.0512806918444], [-177.42473619316044, 204.3442626331241], [-179.0471527070882, 205.9324825314432], [-182.36741562271317, 202.61182534454744], [-186.00530338992462, 206.26584240682465], [-189.41738777040598, 209.69773233018887], [-200.8411573427148, 221.15959084729133], [-191.89234460175803, 230.12201476206744], [-185.9710845675532, 236.11918370147276]], [[-179.9166215030254, 218.0604241475732], [-182.86888976324937, 215.15068569792774], [-181.51409209254223, 213.7734885452863], [-178.57855040851513, 216.67212179798548], [-179.9166215030254, 218.0604241475732]]]}, "properties": {"id": "br9062141", "height": null, "levels": 7, "osm_id": 9062141, "tags": {"building": "apartments"}}}, {"type": "Feature", "geometry": {"type": "Polygon", "coordinates": [[[-131.11847520441495, 169.33668106478672], [-129.75529591744723, 167.95949353614247], [-126.12572397051139, 164.294398925995], [-123.03138528844595, 161.18462287655632], [-123.8677220958307, 160.3405694926518], [-117.94665602626675, 154.37646656312833], [-117.15213501459964, 155.24273360179717], [-111.222696185719, 149.26752992441678], [-115.98145407337589, 144.53638343903526], [-120.26350508633875, 140.28279675150063], [-140.20946394521755, 160.30754878799678], [-137.5080909104643, 163.0173983675868], [-138.152048393641, 163.57271826946626], [-137.90112132884212, 165.17199953380126], [-138.52835109181862, 165.78284991765355], [-142.1078787349799, 162.2067379354266], [-155.36330109615534, 175.52328764458375], [-146.77411606713858, 183.97489129392162], [-146.18868059193022, 184.55239943842602], [-141.70609569881262, 180.02099980842107], [-143.4373123789551, 178.31068625385953], [-141.8985130652395, 176.76690064850365], [-140.16729637947398, 178.47721456703653], [-138.33579014403412, 176.62245176893077], [-135.92723244314328, 174.1901586233605], [-132.94162212002252, 171.18033571027226], [-137.0898533496455, 167.0600301702721], [-136.55461541316882, 166.6379862466843], [-134.78161102996162, 166.7601207378207], [-134.27982724888483, 166.26033453275824], [-131.11847520441495, 169.33668106478672]], [[-126.34327729074013, 158.00832010096678], [-127.57269440755957, 156.72002789527232], [-126.45203820093248, 155.775985254048], [-125.35643412485715, 156.98653689049098], [-126.34327729074013, 158.00832010096678]]]}, "properties": {"id": "br9062143", "height": null, "levels": 8, "osm_id": 9062143, "tags": {"building": "apartments"}}}, {"type": "Feature", "geometry": {"type": "Polygon", "coordinates": [[[-51.901637599239685, 235.0841108917053], [-48.12147435921296, 238.79354035628697], [-46.85028585463696, 237.57185504603464], [-44.34969307282749, 240.05961789177954], [-40.025977478330454, 235.70598020917103], [-38.55405719067912, 237.2164092181382], [-37.05706412963744, 235.59490287430415], [-33.57801470753871, 232.1519780868531], [-31.989024660285473, 230.58600314837443], [-30.768010772596913, 229.3865332058177], [-36.16226628857342, 223.9889671886747], [-42.4932096071224, 217.5474321890458], [-43.630592309639, 218.69137281235527], [-45.29485015588514, 220.3684122843896], [-50.38797625109969, 225.48838295161178], [-48.84914624608164, 227.04323399747986], [-53.11432036050329, 231.30802722248794], [-50.59699683167635, 233.81800007549444], [-51.901637599239685, 235.0841108917053]], [[-46.33182292614359, 229.51988985049766], [-43.337835505048346, 226.43236046179277], [-39.52421974056655, 230.10847569794961], [-42.56838604663158, 233.20710997840305], [-46.33182292614359, 229.51988985049766]]]}, "properties": {"id": "br9062319", "height": null, "levels": 11, "osm_id": 9062319, "tags": {"building": "residential"}}}, {"type": "Feature", "geometry": {"type": "Polygon", "coordinates": [[[212.8108588507344, -132.6820383584607], [213.72251668694173, -133.68156484304964], [212.50147084836863, -134.85885242529648], [215.72990893269508, -138.27945058099485], [216.83386487078525, -137.10216596504364], [220.78996484434708, -141.44455031436883], [221.90235814508281, -142.68840488833567], [222.8474741623394, -143.73235377592124], [223.15693706387776, -144.0766348331181], [213.84854789510428, -153.2616995665045], [212.54378961336792, -151.9401063868903], [211.77431641280947, -151.1404862868845], [207.43348904409, -146.69815277515278], [208.6210821110009, -145.47644244222462], [205.34246493660243, -142.13358561487752], [204.07123329784562, -143.2553424432352], [199.94787370893596, -139.0129089281771], [197.89874168295728, -136.91390323335574], [207.76747056957683, -127.10689841910995], [210.09261364785675, -129.67235157419566], [212.8108588507344, -132.6820383584607]], [[211.7907154574956, -139.91217049247257], [209.77515200033054, -141.8891234169298], [211.79082905135425, -143.79932220254148], [213.83148747037282, -141.9667479048147], [211.7907154574956, -139.91217049247257]]]}, "properties": {"id": "br9284169", "height": null, "levels": 7, "osm_id": 9284169, "tags": {"building": "apartments"}}}, {"type": "Feature", "geometry": {"type": "Polygon", "coordinates": [[[176.68128715798844, -174.53097315374717], [177.45075869773535, -175.31949080358652], [179.8679037954451, -177.7849958846392], [181.19775245321824, -179.13991270707314], [187.60445176928346, -185.67016416110414], [190.07178728225202, -188.2023013812068], [186.07407708031934, -192.2339364504063], [186.8770057652566, -193.01134607154563], [190.79107820862876, -188.92418203219978], [193.19986845498966, -191.37857668828974], [180.3118772164862, -205.99459792348915], [177.05833747059032, -202.68504643276108], [181.37387201227148, -198.464603964336], [182.22698830662839, -199.4641357718288], [186.88541550556855, -194.79943549633032], [185.22100850652137, -193.0891316096691], [176.37250192892296, -201.99648206018716], [175.5528447462977, -201.16354095863218], [174.4571809156518, -200.0529527410842], [167.33955627383145, -192.84523130558372], [166.29407776507946, -191.7790652686841], [162.86491088448471, -188.30291915684782], [160.28885625496818, -185.704138198764], [157.09388154741188, -182.46121322889792], [154.67674287509985, -180.006806717539], [162.7307265258135, -171.98799210848574], [168.51820943733486, -166.22376941284162], [174.02995759448504, -171.83224353318636], [176.68128715798844, -174.53097315374717]], [[175.65281626764954, -184.9818825638155], [173.30269336246093, -187.2920177137731], [175.20964545491103, -189.16891069682578], [177.50958742426766, -186.89209460676474], [175.65281626764954, -184.9818825638155]], [[169.24608916694729, -176.77459232462215], [165.4072783801078, -180.6285139990695], [167.95824243475047, -183.2383998871401], [171.77196239714968, -179.384477472004], [169.24608916694729, -176.77459232462215]]]}, "properties": {"id": "br9284171", "height": null, "levels": 7, "osm_id": 9284171, "tags": {"building": "apartments"}}}, {"type": "Feature", "geometry": {"type": "Polygon", "coordinates": [[[148.16179335959433, -195.10019653816897], [149.0315874162156, -193.9340332882724], [150.16065379334714, -192.7678645632271], [150.2777487903034, -192.96777277970492], [155.96489341602825, -187.13692549847838], [154.191766474001, -185.33776762935574], [152.13427121579673, -183.2498554730678], [151.78299167869764, -182.8944661329575], [154.67674287509985, -180.006806717539], [157.09388154741188, -182.46121322889792], [160.28885625496818, -185.704138198764], [162.86491088448471, -188.30291915684782], [166.29407776507946, -191.7790652686841], [167.33955627383145, -192.84523130558372], [174.4571809156518, -200.0529527410842], [169.698383009059, -204.90645183415705], [170.777317978771, -205.95040427506598], [172.51695480504125, -205.87262004908047], [175.4107055719884, -202.92942172582335], [175.5528447462977, -201.16354095863218], [176.37250192892296, -201.99648206018716], [177.05833747059032, -202.68504643276108], [180.3118772164862, -205.99459792348915], [178.2712043127291, -208.3158330487497], [172.4335336833267, -214.92413147642208], [170.92811534716404, -216.62340754545338], [167.45728762614837, -220.56617054692273], [160.88329977117928, -213.91373774433944], [157.66322092071638, -210.64860143241413], [156.95229503092264, -209.9378234836767], [154.97843039089318, -207.93875957553126], [149.0484795894872, -201.95267090811635], [148.6051974084413, -201.50843414340181], [146.8069771819867, -199.67595658132737], [145.36840187827985, -198.22108035430497], [144.1138309179184, -196.95500467690735], [143.386179988073, -196.2220134210903], [140.88540352357913, -193.68986098925143], [143.77916381298238, -190.82441826712068], [146.3050296293766, -193.27882617842383], [148.16179335959433, -195.10019653816897]], [[157.37849135440982, -193.82279537477186], [158.0893846965417, -193.11198650475686], [155.17877774958384, -190.18002663302866], [151.35668034503982, -194.0672588657384], [151.0221400855961, -194.31160107564662], [153.86583720320772, -197.210245578176], [154.47637231757471, -196.7215621334346], [157.37849135440982, -193.82279537477186]]]}, "properties": {"id": "br9284173", "height": null, "levels": 9, "osm_id": 9284173, "tags": {"building": "office"}}}, {"type": "Feature", "geometry": {"type": "Polygon", "coordinates": [[[255.47615379577832, -210.99010412214622], [258.82173529221126, -214.35514781624994], [263.97393743087116, -219.55263853070045], [265.2285328356408, -220.80758726988293], [265.3289008771215, -220.91864505934703], [266.9766037928979, -222.57340036106382], [267.96355341628856, -223.57291710906526], [270.82403571434634, -226.46040882433292], [259.63384275746984, -237.6002829591669], [253.946735702756, -243.253512792453], [248.53524245211432, -237.8450072632179], [247.13845945755625, -236.44568061816648], [242.8310181270011, -232.12553536761013], [241.14149943519834, -230.4485637018793], [233.7477715091728, -223.05211251484536], [232.74409970024493, -222.06369778860056], [220.32367743195104, -209.6252019654067], [235.243972491899, -195.46439599585088], [237.72789497122045, -193.10981181704744], [244.07610760412462, -199.50674136866706], [250.62506551047335, -206.09246285143826], [255.47615379577832, -210.99010412214622]], [[245.57415501384412, -227.71630288985878], [243.37443900521532, -225.62842158899372], [242.88936399944615, -226.16153288497208], [242.1031737492672, -226.00607314146947], [241.5930083514094, -226.56139747969226], [241.65994586560993, -227.4054623640999], [241.15814068226078, -227.86083107482207], [243.3494945463065, -229.99313790855405], [245.57415501384412, -227.71630288985878]], [[257.02399327127745, -226.88294491648668], [251.8216123858108, -221.78540638030643], [248.95297383613513, -224.66199738820893], [254.21390205134134, -229.80396048997042], [257.02399327127745, -226.88294491648668]], [[253.05923443348627, -216.0434855776935], [255.19203985797822, -218.0980478866411], [257.39996681938646, -215.85452822439856], [255.30897892934388, -213.77775279248138], [254.72354561235514, -214.42192988741772], [254.06280734470343, -214.15540556504007], [253.47737427487834, -214.8106887073694], [253.77012290523734, -215.39930422556705], [253.05923443348627, -216.0434855776935]]]}, "properties": {"id": "br9284175", "height": null, "levels": 7, "osm_id": 9284175, "tags": {"building": "office"}}}, {"type": "Feature", "geometry": {"type": "Polygon", "coordinates": [[[88.62812770211939, -87.81578178814098], [92.65102981111292, -91.98053722088783], [94.5328462540053, -93.9240889228122], [97.23430018345029, -96.72280261799581], [103.94194392645531, -103.66405231648041], [101.81763709342637, -105.77425066546363], [110.8503947246658, -115.13660114780835], [106.95304103486217, -119.01270542544918], [105.21344837867777, -120.74528999637559], [87.14839788356093, -138.68195869038067], [86.83058608788818, -139.00404079045762], [84.82335276099813, -141.01427730884882], [82.56521398467228, -143.2799575256939], [82.23903820813392, -143.60203951672108], [81.62014062307833, -144.2239907858047], [80.9928794788933, -144.85704824248813], [77.87329963361272, -148.05565295996882], [74.87080652736192, -151.1876182263993], [73.68318952762789, -152.36488203862658], [72.23630349093771, -153.79758963923837], [71.1657747861755, -154.86379039362254], [70.50505766703822, -155.5190595535041], [67.29346897773672, -158.7065544118063], [65.11059057115435, -160.86116695247932], [60.042206460115445, -155.396986163526], [54.346556281865226, -149.2664376570353], [52.76582689935556, -147.5672087513258], [51.17673460151754, -145.8568734080517], [45.75709922812652, -140.0372882435726], [40.897834715235746, -134.80632166980408], [42.87998788276044, -132.80720359436688], [43.05562158561782, -132.61839803836583], [44.47741841065558, -131.17459022381618], [46.384298065081175, -129.25321467556972], [47.72245865188338, -127.90936208347863], [49.545701338532965, -126.03241083527008], [52.91618856331365, -122.53395037323554], [54.480160452139515, -120.91244116365824], [55.7932270978208, -119.53526880780385], [56.98920473337817, -118.30247705786259], [60.568772770642525, -114.73737445818783], [61.59747987401102, -113.72670630020923], [61.95710910116122, -113.37130648990377], [72.01834950107471, -103.40899844266576], [81.81193255883981, -93.70212071545633], [85.07366662025397, -90.4701939158423], [86.06891307335084, -89.48173493450588], [88.19321971601236, -87.37154114720244], [88.62812770211939, -87.81578178814098]], [[68.86564389043443, -139.7039210724776], [72.67103251768438, -136.09438587435992], [64.77575402288609, -128.1091403912194], [61.30490671999726, -131.55207644620359], [58.227140311851805, -134.57297405699737], [66.04714484428169, -142.38052891413008], [68.86564389043443, -139.7039210724776]]]}, "properties": {"id": "br9336464", "height": null, "levels": 11, "osm_id": 9336464, "tags": {"addr:housenumber": "38-40", "addr:street": "Passeig de Gr\u00e0cia", "building": "hotel", "name": "Mandarin Oriental", "tourism": "hotel", "wikidata": "Q6747848"}}}, {"type": "Feature", "geometry": {"type": "Polygon", "coordinates": [[[109.56957833727198, -36.138583492595934], [112.2458418836657, -33.495278929070885], [114.42873788245798, -35.772005462354066], [121.16979663553217, -42.77987624620641], [120.04074785787638, -43.879403832762385], [123.8127349304323, -47.76649267138436], [124.95014835402537, -46.733601255887784], [128.2035954774038, -50.109813841923035], [130.18577421713795, -52.16441613390168], [131.49886379587022, -53.53044879059233], [136.50868055370276, -58.6947155549655], [126.93266877014715, -68.40166392731331], [125.0090320660807, -66.41369668403107], [123.38648733064527, -64.74780212784704], [121.81412461017871, -63.10411865950878], [130.61234721648344, -54.163515330272716], [129.4748921630899, -52.88632857361368], [120.60139892819035, -61.86025023976043], [120.19994483082576, -61.438223241548236], [118.7446742561936, -59.916704795452326], [115.30722785859933, -56.36279255776967], [116.38609899287466, -55.29658498352555], [112.53047608623002, -51.33175058131379], [111.42651353961519, -52.3313210766945], [110.23051838068189, -51.08745064235769], [107.15271474562613, -47.90003193762398], [105.93999396182997, -46.64505488515312], [104.6854556453538, -45.34565363248863], [102.54437790736776, -43.12445435571238], [105.05337955817446, -40.62553478487572], [109.56957833727198, -36.138583492595934]], [[121.96444618685045, -49.965541586880036], [120.59281460510549, -48.58840201960367], [117.31438991209039, -51.92030063494572], [118.66929510436424, -53.330759536159334], [121.96444618685045, -49.965541586880036]]]}, "properties": {"id": "br9336465", "height": null, "levels": 7, "osm_id": 9336465, "tags": {"building": "retail"}}}, {"type": "Feature", "geometry": {"type": "Polygon", "coordinates": [[[169.1269176410813, -87.6033334672614], [171.9955349355945, -84.78230417984503], [173.29191128635924, -86.14832959322268], [176.54523602513288, -82.84972489259738], [175.28231500956014, -81.5392299902253], [176.2524582349589, -80.58407766331078], [180.40901711506464, -76.48580645774953], [186.63162213879679, -82.7939414236321], [191.3153100369696, -87.52503865958374], [186.2053116459792, -91.67887135266113], [181.86473483175914, -95.17741838251818], [178.94592433461108, -97.52088838405511], [169.1269176410813, -87.6033334672614]], [[178.50235483381414, -85.22639278768723], [177.0889585896825, -86.72575753940312], [180.09989915579047, -89.82429882376195], [181.6136605837733, -88.44709861276989], [178.50235483381414, -85.22639278768723]]]}, "properties": {"id": "br9336466", "height": null, "levels": 5, "osm_id": 9336466, "tags": {"building": "apartments"}}}, {"type": "Feature", "geometry": {"type": "Polygon", "coordinates": [[[181.86473483175914, -95.17741838251818], [186.2053116459792, -91.67887135266113], [191.3153100369696, -87.52503865958374], [193.54006382696784, -89.76842162155388], [195.28808601297393, -91.54535851329031], [195.28025816604404, -111.42536446211909], [192.4032687700036, -113.97985551127287], [190.73887961210903, -112.29176497205383], [189.4508608666615, -111.00348555492451], [186.71591300742602, -108.24923175036972], [188.6812956729594, -106.4055602219955], [188.6059932424964, -105.2283104552383], [185.62021201676458, -105.20617524550413], [184.62497584969182, -106.15022327973577], [182.04057936489986, -103.56255607971413], [181.76457593344549, -103.28490929653535], [181.77290798551098, -102.02991431458116], [181.86473483175914, -95.17741838251818]], [[188.75628833134934, -95.68812500179894], [188.72278739866613, -93.88892980578629], [187.60205037777322, -92.90051167987917], [185.55302851571363, -94.45542523322284], [185.54469399937307, -95.58825259981587], [187.90320840281152, -95.65482872622525], [188.75628833134934, -95.68812500179894]]]}, "properties": {"id": "br9336467", "height": null, "levels": 7, "osm_id": 9336467, "tags": {"building": "apartments"}}}, {"type": "Feature", "geometry": {"type": "Polygon", "coordinates": [[[66.9498205053091, -78.47574335957609], [73.4063777746276, -72.05632676964217], [77.16162750349211, -75.94343988529441], [78.15689483924484, -76.97630106780163], [77.5045488337051, -77.62046470641998], [78.0063641764129, -78.12023602264688], [78.64198318385425, -77.47607251786233], [82.8656003242781, -81.85184809537883], [83.41759812575057, -82.41825535111136], [86.1692250511392, -85.26139723884354], [88.19321971601236, -87.37154114720244], [86.06891307335084, -89.48173493450588], [85.07366662025397, -90.4701939158423], [83.91112464209141, -89.30406185984775], [80.69120854111361, -92.56930612539044], [81.81193255883981, -93.70212071545633], [72.01834950107471, -103.40899844266576], [67.025275967578, -98.36685494084219], [62.74318875203701, -102.60944199090952], [57.081124142166914, -108.19588143408747], [55.985492091586735, -107.02974440428994], [54.764426212713, -108.35138538665416], [53.43461393551695, -106.96312677027694], [51.34371512273328, -104.77523065478906], [51.970975387489034, -104.14217572749402], [51.47752356786716, -103.64240256945882], [50.85862675549603, -104.26435124967233], [48.04846111745044, -101.32124109316243], [46.0579285548183, -99.24440425276487], [52.75706296387488, -92.56956330725883], [66.9498205053091, -78.47574335957609]], [[60.735893392799134, -96.81204958470761], [62.3165854980054, -95.24606922064834], [60.97841103440037, -93.90223662573771], [59.40608245319637, -95.46821663432303], [60.735893392799134, -96.81204958470761]], [[68.05388369212147, -87.11631682291657], [69.44223907331633, -88.43793534527477], [71.03129011004125, -86.78310379085332], [69.69311602027635, -85.48369738310831], [68.05388369212147, -87.11631682291657]]]}, "properties": {"id": "br9336468", "height": null, "levels": 8, "osm_id": 9336468, "tags": {"addr:housenumber": "314", "addr:street": "Carrer del Consell de Cent", "building": "apartments"}}}, {"type": "Feature", "geometry": {"type": "Polygon", "coordinates": [[[92.60059640550945, -72.23380532073607], [95.85403961118129, -75.58781999695417], [98.463487355255, -78.28657919054073], [101.68348166364291, -81.61837937641829], [102.33584438534854, -82.28473912057562], [92.65102981111292, -91.98053722088783], [88.62812770211939, -87.81578178814098], [88.19321971601236, -87.37154114720244], [86.1692250511392, -85.26139723884354], [83.41759812575057, -82.41825535111136], [82.8656003242781, -81.85184809537883], [78.64198318385425, -77.47607251786233], [78.15689483924484, -76.97630106780163], [77.16162750349211, -75.94343988529441], [73.4063777746276, -72.05632676964217], [83.10791894111505, -62.40497849126512], [85.21554195781165, -64.58175924056063], [92.60059640550945, -72.23380532073607]], [[88.31016162420886, -75.28804982744496], [89.05450382307455, -74.555034891539], [86.27778908840386, -71.68968205191919], [82.59789350665342, -75.29922333062432], [85.34951766922438, -78.16457785980758], [85.96840929285221, -77.54262620763352], [88.31016162420886, -75.28804982744496]]]}, "properties": {"id": "br9336473", "height": null, "levels": 6, "osm_id": 9336473, "tags": {"building": "apartments"}}}, {"type": "Feature", "geometry": {"type": "Polygon", "coordinates": [[[180.4263778363218, -101.94109877499969], [181.76457593344549, -103.28490929653535], [182.04057936489986, -103.56255607971413], [184.62497584969182, -106.15022327973577], [186.71591300742602, -108.24923175036972], [189.4508608666615, -111.00348555492451], [190.73887961210903, -112.29176497205383], [192.4032687700036, -113.97985551127287], [172.67414387933977, -133.67155294520902], [170.96793619858585, -131.95014047043654], [170.4828378410515, -131.4503752411701], [169.6213707305655, -130.5841159152948], [168.69299354035064, -129.64011500897917], [166.3595066702485, -127.29677172328672], [162.21945237609526, -123.10984776184918], [160.58852333668693, -121.4661741660566], [160.2707013145698, -121.14410290651915], [154.3993633711852, -115.22465339770274], [151.43024302641422, -112.22605602082562], [132.75411427300548, -93.36818215396264], [139.57025040324265, -86.58219726683377], [143.06626499784508, -90.00282288962252], [148.10936229070356, -85.03827311444039], [144.63007338858338, -81.5510126702603], [146.79617771335, -79.41858854570054], [148.30994102320957, -77.9303337799158], [150.22514332916387, -76.04224902501315], [152.49160396552722, -73.79875960850605], [171.25973364920782, -92.71211176002733], [180.4263778363218, -101.94109877499969]], [[172.7992154933089, -117.6564845014791], [176.5710868864849, -114.05800156938555], [174.58051720509528, -112.11447384849917], [170.90064638343475, -115.77959047608049], [172.7992154933089, -117.6564845014791]], [[157.60214813857766, -94.43387466272756], [153.9723047686951, -90.84666668834709], [149.65681996259028, -95.14483659756311], [153.41211738071559, -98.78757479545428], [157.60214813857766, -94.43387466272756]]]}, "properties": {"id": "br9336475", "height": null, "levels": 10, "osm_id": 9336475, "tags": {"building": "office"}}}, {"type": "Feature", "geometry": {"type": "Polygon", "coordinates": [[[134.5695708751117, -124.24324101182707], [137.75614818351113, -127.58613169913089], [139.6798044061804, -129.56298921919284], [154.3993633711852, -115.22465339770274], [160.2707013145698, -121.14410290651915], [158.89074508995034, -122.48797721226255], [165.02136768861945, -128.618433927163], [166.3595066702485, -127.29677172328672], [168.69299354035064, -129.64011500897917], [169.6213707305655, -130.5841159152948], [170.4828378410515, -131.4503752411701], [170.96793619858585, -131.95014047043654], [172.67414387933977, -133.67155294520902], [146.89815850459624, -159.28289775949565], [144.59812372363325, -156.95065304632942], [139.46277929606427, -151.7752889365941], [138.57622208877012, -150.8757079867362], [139.7638265902688, -149.60958435575995], [133.49938344038452, -143.1014999221337], [132.1695989221256, -144.41204972540515], [129.44302360139017, -141.64666815201582], [127.83718873475432, -140.01409293401773], [126.44044789830859, -138.61474281493898], [123.1702360564442, -135.31627322415875], [121.56440381920073, -133.67259045189797], [121.3218565567681, -133.439365410336], [118.46983409691799, -130.5518141326449], [129.96953037815294, -119.43436283979432], [132.98046540456812, -122.58845428182204], [134.5695708751117, -124.24324101182707]], [[152.8693684553143, -140.5133848114702], [146.83074348887223, -134.29406688495763], [145.45914472003574, -135.58240769711315], [143.3431189580301, -133.38343257786963], [142.05515582928697, -134.69398338737315], [148.36978174178566, -141.24648407684572], [149.65774604001675, -139.99146289745215], [151.46431714580658, -141.89057663483467], [152.8693684553143, -140.5133848114702]], [[132.62946311203936, -137.17083297936324], [134.75384947355255, -139.32538646816408], [138.29157223346866, -135.78245867108296], [136.091912948219, -133.5834830320827], [132.62946311203936, -137.17083297936324]], [[151.73178757429935, -134.0607368284574], [153.02811381084305, -132.8168210081686], [150.67790316982044, -130.44015459658064], [149.44848522023577, -131.67296247243516], [151.73178757429935, -134.0607368284574]]]}, "properties": {"id": "br9336476", "height": null, "levels": 8, "osm_id": 9336476, "tags": {"addr:housenumber": "275", "addr:street": "Carrer de la Diputaci\u00f3", "building": "school"}}}, {"type": "Feature", "geometry": {"type": "Polygon", "coordinates": [[[28.05944864312911, -53.90919655252829], [31.17067365918559, -57.03001177776883], [31.51357765694324, -57.37430091951985], [31.923389792203075, -57.785226647285924], [34.164812069638536, -60.028658564109946], [35.71206336255589, -61.583511987121625], [37.62731045993818, -63.50486609434023], [39.39201499206309, -65.27073442419153], [39.75164680231968, -65.62612923095318], [42.185435318790475, -68.0694682638436], [43.77450770123207, -69.65763814867624], [44.08395873018931, -69.96860844508969], [45.857029902036885, -71.7344751306969], [34.624913203133445, -83.00727859935563], [33.11111173711236, -81.48574329019826], [31.128952738315355, -79.486645288418], [29.389337301620614, -77.73188103456626], [28.511166444363766, -76.86560492989526], [26.386830057227026, -74.73323238800583], [26.12756075856427, -74.47779190297989], [22.907604709980507, -71.25701960143452], [20.59927437119063, -68.95805368826066], [19.09384230131608, -67.44762154375826], [17.20368958448419, -65.5484747883683], [16.718606300701673, -65.05980536289665], [15.321901365081038, -63.660433665415646], [12.009956483974586, -60.339701318437335], [11.784142177763563, -60.11757870650646], [23.041349397400804, -48.867022452327795], [26.57074512567514, -52.40987200902418], [28.05944864312911, -53.90919655252829]], [[31.455068706361068, -65.52621464653247], [29.180191457278614, -63.23835744963874], [26.135893814610917, -66.03711863883403], [28.47767945775994, -68.46935645580322], [31.455068706361068, -65.52621464653247]]]}, "properties": {"id": "br9336506", "height": null, "levels": 8, "osm_id": 9336506, "tags": {"building": "apartments"}}}, {"type": "Feature", "geometry": {"type": "Polygon", "coordinates": [[[-15.764984780695203, 19.635691033230806], [-12.821067335811735, 22.556602830270233], [-6.983431086235142, 16.714759661047733], [1.43014143846786, 8.307400555931377], [7.819785897208477, 2.1101727619393493], [15.104328420814516, -4.942221087062142], [28.485843709733835, -17.780890265974342], [25.34956825159814, -20.901730030247858], [23.57651483814839, -19.23581353593891], [16.910874841775485, -25.799566701166974], [18.658838290239117, -27.576546372282397], [17.973037783772096, -28.265129388120034], [15.748366923994281, -30.48636450474381], [10.320483420421441, -25.077679347861203], [7.577272653084617, -22.345569883481275], [2.9355640284486264, -17.736521055194487], [0.4014445144405995, -15.226531754082197], [-0.8530694467166057, -13.982642920073392], [-4.583155087823139, -10.295399718225877], [-5.996572196041366, -8.896023781257636], [-8.271419896771386, -6.652579225280858], [-10.864075472514578, -4.087055124107686], [-13.063649589557729, -1.9213522108854164], [-19.3696455475315, 4.331424483870552], [-23.459337378985815, 8.385181438195717], [-25.282552292908473, 10.19549008211596], [-21.836821990758967, 13.61617321096082], [-15.764984780695203, 19.635691033230806]], [[-4.27370213878381, 0.4664595690386337], [-3.2533657187858283, 1.5548617617792797], [-5.160221394523304, 3.4540145644752345], [-5.820929928415348, 4.109277930556132], [-6.791085790738605, 3.1763621503623534], [-6.122013908881976, 2.454461788267555], [-4.27370213878381, 0.4664595690386337]]]}, "properties": {"id": "br9336508", "height": null, "levels": 11, "osm_id": 9336508, "tags": {"building": "apartments"}}}, {"type": "Feature", "geometry": {"type": "Polygon", "coordinates": [[[-13.757866403943616, -30.16429021730467], [-10.387393095348997, -26.58811562067671], [0.4014445144405995, -15.226531754082197], [2.9355640284486264, -17.736521055194487], [2.182855550738947, -18.558376413859026], [6.866381300598414, -23.05636418048021], [7.577272653084617, -22.345569883481275], [10.320483420421441, -25.077679347861203], [9.484140591640065, -25.877323274535854], [-5.4111562500420565, -40.31532199142986], [-5.837692881085909, -40.759567640160896], [-6.264229564389026, -41.20381326552412], [-8.020557638546734, -43.036326197965536], [-12.40301757033652, -47.22333835659925], [-14.49388780113894, -49.300184411703235], [-14.811700284997096, -49.666686696959204], [-17.554924928296817, -52.73197778564949], [-19.169079232021208, -54.4201083865004], [-21.034138718070707, -56.17487479514749], [-22.129757083663932, -57.218849559396126], [-22.389025589644607, -57.46318404659717], [-26.74641296457384, -61.883416647583], [-35.076397264097636, -52.998461745446214], [-32.692796463268245, -50.43295239856667], [-31.429906917140038, -49.07800776419008], [-29.20521521898736, -46.690194953249936], [-27.097613938245217, -44.43565480874545], [-19.779564203846775, -36.6391615194415], [-15.2131090321652, -31.719148261477812], [-13.757866403943616, -30.16429021730467]], [[-17.897810028325903, -45.76842129963969], [-14.920410815462327, -42.603175448765874], [-16.961090595143826, -40.803974742198754], [-21.385372863571714, -45.401908915949214], [-19.528689460922607, -47.3343841541281], [-17.897810028325903, -45.76842129963969]]]}, "properties": {"id": "br9336509", "height": null, "levels": 9, "osm_id": 9336509, "tags": {"building": "office"}}}, {"type": "Feature", "geometry": {"type": "Polygon", "coordinates": [[[-3.6380673449118373, 31.719166722047728], [-0.43489521479984783, 34.91773725171424], [3.278442472919226, 31.330451272751464], [5.3609240083136145, 29.30913307888502], [14.092304974764456, 20.85736414902687], [18.458003024458417, 16.659249048794567], [20.348134473464704, 14.815633128018934], [20.674307676424867, 14.504661836703278], [23.501143394956326, 11.772557443138126], [27.774854658024044, 7.652190769406393], [24.63858990030303, 4.531351187826666], [22.790272108923464, 6.2416922873713006], [16.27519579320469, -0.133255529333539], [18.10678715420907, -1.9657659656679813], [15.104328420814516, -4.942221087062142], [7.819785897208477, 2.1101727619393493], [1.43014143846786, 8.307400555931377], [-6.983431086235142, 16.714759661047733], [-12.821067335811735, 22.556602830270233], [-9.576070143687225, 25.799593802161674], [-3.6380673449118373, 31.719166722047728]], [[7.0085240288662085, 13.849372859502598], [8.19612702024147, 12.905351316578253], [9.216459872652257, 13.949330686409816], [8.171034531419922, 14.948882973309715], [7.251060549721629, 15.748524829454777], [6.456537720812831, 16.44821156015308], [5.544928944582697, 15.370914206760448], [6.180547310493055, 14.704545691176968], [7.0085240288662085, 13.849372859502598]]]}, "properties": {"id": "br9336510", "height": null, "levels": 10, "osm_id": 9336510, "tags": {"addr:housenumber": "284B", "addr:street": "Carrer d'Arag\u00f3", "building": "apartments"}}}, {"type": "Feature", "geometry": {"type": "Polygon", "coordinates": [[[-135.69502572655, 69.34807613740959], [-129.0962509004737, 75.38970198981825], [-124.79743565361599, 79.29899203736728], [-116.80198539660996, 86.61781270903754], [-116.50926508787391, 86.89546179075909], [-113.59051810772921, 83.83011758278793], [-111.94297219589951, 82.09753228533506], [-109.73509199761595, 79.78741897719868], [-107.33485747690213, 77.24407431535914], [-111.59184909347657, 73.25703021604036], [-112.34455921469385, 72.55735430322186], [-116.06629499468247, 69.08118754840383], [-117.73898645465556, 67.51524718153792], [-119.17750164085108, 66.17142637745775], [-119.7127632374125, 65.67165838937349], [-125.00684946368591, 60.11867211678627], [-126.31991578732992, 58.86369979381855], [-127.22317172352274, 58.008541948699666], [-129.28895248272053, 56.04278974313121], [-129.6736729170632, 55.67629362839332], [-133.47069848394182, 52.055757285230506], [-139.23293123032772, 58.05318734079369], [-143.0214431136982, 62.22917399662687], [-141.1062032471341, 64.05054526842473], [-136.66519041241364, 68.37075304345143], [-135.69502572655, 69.34807613740959]], [[-130.13344572329828, 67.43771609054096], [-133.05229915577618, 64.68344355137559], [-130.78588022267357, 62.1956243969978], [-127.90048077316978, 64.90547382363488], [-130.13344572329828, 67.43771609054096]]]}, "properties": {"id": "br9427466", "height": null, "levels": 7, "osm_id": 9427466, "tags": {"building": "office"}}}, {"type": "Feature", "geometry": {"type": "Polygon", "coordinates": [[[-131.01098541261854, 101.18932689099448], [-125.94292035559647, 95.98045178241979], [-123.13290075054816, 93.103910157781], [-122.01223768013641, 91.94885141158571], [-117.60484980510316, 87.43968092141382], [-116.80198539660996, 86.61781270903754], [-124.79743565361599, 79.29899203736728], [-125.85119119330025, 80.59843000015321], [-136.80732405732894, 70.64751676766645], [-135.69502572655, 69.34807613740959], [-136.66519041241364, 68.37075304345143], [-141.1062032471341, 64.05054526842473], [-143.0214431136982, 62.22917399662687], [-144.20065078847014, 63.3842371012728], [-145.1038698003371, 64.45044565838117], [-145.58894504053163, 64.36160617529181], [-146.751387507325, 67.38250279543207], [-146.4753950803722, 67.50466487828716], [-146.2575992329815, 84.80804459301203], [-146.6673983712767, 84.96353899805804], [-145.37938909521526, 87.9177494053278], [-144.80232570095546, 87.67340251406833], [-139.06499026850273, 93.18194143745956], [-139.2573428061964, 93.35964356113801], [-134.83307500787495, 97.71317143486665], [-134.62399505747803, 97.57989372381648], [-131.01098541261854, 101.18932689099448]], [[-138.321012283198, 74.53469852165786], [-133.5872887134888, 78.99928264328325], [-133.24438570617224, 79.37688548591306], [-133.24437835491284, 79.77670694365597], [-133.54545042594603, 80.1765339431104], [-137.6684846201554, 84.45247948306718], [-138.04483050260123, 84.61907891723614], [-138.52990494320272, 84.49692050525158], [-138.79753625463402, 84.21927183352888], [-138.9982678996871, 83.58622503398303], [-139.2075113786592, 75.22329689156291], [-139.07370545718467, 74.84568517058152], [-138.78099381593654, 74.60134422607562], [-138.321012283198, 74.53469852165786]], [[-121.59411162817746, 89.61655250492747], [-123.06603016628613, 90.99374017519482], [-125.49979167684762, 88.69480849303017], [-124.0445995622597, 87.32872677314398], [-121.59411162817746, 89.61655250492747]], [[-129.48902146431658, 92.49318259088949], [-126.76263051019944, 89.87208256018545], [-126.01828332794548, 90.61618174981503], [-128.7112204706817, 93.2705993639949], [-129.48902146431658, 92.49318259088949]]]}, "properties": {"id": "br9427467", "height": null, "levels": 6, "osm_id": 9427467, "tags": {"building": "office", "name": "Casa V\u00eddua Marf\u00e0", "wikidata": "Q23857507"}}}, {"type": "Feature", "geometry": {"type": "Polygon", "coordinates": [[[-95.20742793187041, 124.02301695585952], [-94.62200694970375, 123.43438321218629], [-92.94101200251421, 121.73512014840345], [-92.11305878587572, 120.91325430396526], [-89.42848219526435, 118.22553182123065], [-88.5168965212818, 117.31481614317948], [-87.71403212395653, 116.49295111307404], [-86.55155064200436, 115.3378973038597], [-80.80604369292459, 109.58484413107797], [-63.28511822477954, 92.04805597430445], [-73.14555303075116, 82.15256759349995], [-77.03445271534571, 86.08418558564776], [-88.55895366192422, 97.61250284415247], [-84.96269291266213, 101.27748993263299], [-87.09530858478935, 103.27662261082709], [-90.6581149907437, 99.71159151665098], [-91.31880701821977, 100.36686277821921], [-92.76563839579762, 101.8106809121354], [-94.45500115162267, 103.52105014369083], [-96.53743292909918, 105.5868218643525], [-95.3665575607459, 106.73074002411538], [-97.34863113200024, 108.61881223546085], [-98.40242080884776, 107.4526804959939], [-101.27098764328593, 110.32921341506128], [-102.02367259129761, 111.07333616652453], [-99.99973100447625, 113.06130919511004], [-102.61740283768091, 115.50469927604361], [-103.36174632802842, 114.6717484364849], [-104.48244168247768, 113.55004313414832], [-105.87072567688747, 114.93833230924801], [-111.55766644499153, 120.6358737396243], [-106.42254033943131, 125.94453734133307], [-101.66377928903825, 130.47577922162563], [-98.06762636197519, 126.88844241767605], [-95.20742793187041, 124.02301695585952]], [[-69.42383210392885, 86.92817621211195], [-67.91005945184021, 88.38306774717428], [-68.98890226529574, 90.89306823934322], [-71.8324540092578, 88.06102716390646], [-69.42383210392885, 86.92817621211195]], [[-93.49301543162532, 119.59163985043845], [-95.91833132504976, 122.07944966689773], [-96.83830248304506, 121.21318201924961], [-94.28753665649957, 118.79200717784273], [-93.49301543162532, 119.59163985043845]]]}, "properties": {"id": "br9427468", "height": null, "levels": 6, "osm_id": 9427468, "tags": {"building": "public"}}}, {"type": "Feature", "geometry": {"type": "Polygon", "coordinates": [[[-85.5239326590101, 25.089298477301988], [-84.94685261034614, 25.666811524797822], [-83.09852724958084, 27.266075792237544], [-75.83068441253201, 33.67424508273996], [-74.13290454492217, 35.19577017803999], [-73.17947170909889, 36.06204025381601], [-71.90825351842696, 34.673758673962695], [-60.92706027119507, 45.224501401581534], [-61.91392755136961, 46.26848796090931], [-60.7095950165755, 47.3679867243338], [-58.59368322545302, 45.25780061441812], [-56.486133562070926, 43.147615191374435], [-55.50762792580524, 42.17026634679774], [-53.542252580088025, 40.204462843929484], [-51.3092503534634, 37.97211035927094], [-45.4214775886664, 32.08581112607555], [-56.71211402140825, 21.45730448193056], [-69.03150111862936, 8.763081357918676], [-68.89768989099282, 8.429895574138131], [-75.27899414994293, 5.542359959960918], [-75.42953159680381, 5.908864487110419], [-78.48217368936861, 5.908896903219725], [-78.58253825855114, 5.564607330226389], [-84.06056644893059, 5.65351800441115], [-84.19437664364231, 6.020022517398342], [-87.32228409620521, 6.453199395350189], [-87.48955562952942, 6.164441503169155], [-93.29372350386816, 8.774459228175196], [-93.24353924757666, 9.074324643461816], [-97.51717533695142, 13.605690261265227], [-91.60418635058959, 19.092051456837886], [-89.35440915689269, 21.19108582537838], [-85.5239326590101, 25.089298477301988]], [[-73.78181762063974, 18.04786994128734], [-74.50943954181895, 17.359296053766034], [-73.76512000832575, 15.182482940053642], [-72.24297895782276, 15.54897057369273], [-71.94189277125476, 15.959895146522499], [-73.78181762063974, 18.04786994128734]], [[-91.73802318990452, 17.303962912240703], [-90.52534775538327, 16.015634203902653], [-89.07846467367659, 17.34835433518616], [-90.30786705743603, 18.625576863005524], [-91.73802318990452, 17.303962912240703]], [[-65.76965902227815, 21.568442527784107], [-67.90230334228693, 23.57867545673807], [-68.78046631556096, 22.756828592626526], [-66.59764280471452, 20.624427289919776], [-65.76965902227815, 21.568442527784107]]]}, "properties": {"id": "br9427469", "height": null, "levels": 9, "osm_id": 9427469, "tags": {"building": "office"}}}, {"type": "Feature", "geometry": {"type": "Polygon", "coordinates": [[[-84.20129606591446, 130.29785684429976], [-81.97669430666096, 128.0654946910328], [-80.74730840238577, 126.84380411948266], [-81.86799887588877, 125.6776706897441], [-80.24554260400832, 124.1338973581534], [-79.1248530016731, 125.22228796966577], [-76.27300957585486, 122.36797623192187], [-73.3709846094625, 119.48034666427796], [-72.12486958289392, 118.22533894686732], [-78.43084574025882, 111.93932229154359], [-77.25999923987617, 110.7398452805784], [-71.01256510710715, 117.11471273396833], [-65.81901855135415, 111.93919677170612], [-64.12965080313131, 110.25104649799164], [-55.86679105996615, 102.02131940462628], [-60.90153554278429, 96.94584852325767], [-59.571780757671924, 95.77969152177187], [-63.28511822477954, 92.04805597430445], [-80.80604369292459, 109.58484413107797], [-86.55155064200436, 115.3378973038597], [-87.71403212395653, 116.49295111307404], [-88.5168965212818, 117.31481614317948], [-89.42848219526435, 118.22553182123065], [-92.11305878587572, 120.91325430396526], [-92.94101200251421, 121.73512014840345], [-94.62200694970375, 123.43438321218629], [-95.20742793187041, 124.02301695585952], [-98.06762636197519, 126.88844241767605], [-101.66377928903825, 130.47577922162563], [-93.02442200826648, 139.08293141285228], [-86.80223875661439, 132.8856210674686], [-86.40080708121046, 132.49690093044802], [-84.20129606591446, 130.29785684429976]], [[-84.81194541398557, 119.06954389580386], [-81.934945929894, 122.05706577055628], [-83.42359079926726, 123.53420101846775], [-86.30895265547397, 120.62442289311332], [-84.81194541398557, 119.06954389580386]], [[-91.94572489713045, 126.31084223232476], [-89.03527353239973, 129.19840552602702], [-90.68281587989229, 130.79771191359023], [-93.60162922997247, 128.0101047551074], [-91.94572489713045, 126.31084223232476]]]}, "properties": {"id": "br9427470", "height": null, "levels": 7, "osm_id": 9427470, "tags": {"building": "apartments"}}}, {"type": "Feature", "geometry": {"type": "Polygon", "coordinates": [[[-21.000279567402334, 83.67377165757725], [-19.61197329508194, 82.29660496168968], [-19.31925804555203, 82.00784423279813], [-17.504423026052553, 80.19753690526451], [-15.907032915390019, 78.60935354357854], [-14.761260552298534, 77.45431135524692], [-13.071872851221693, 75.77727922636984], [-7.376456110907434, 70.09092162845305], [-11.809027607286279, 65.69289154145108], [-15.631079485621717, 61.872382721041014], [-17.487736136620455, 63.72711423248162], [-21.217773186587372, 67.4587910510421], [-24.14492964137615, 70.3797180357418], [-25.466330914384272, 71.70135457963833], [-26.50337969312478, 72.73423038614594], [-27.565518065732903, 73.7893187413415], [-32.72566610736829, 78.94259452566692], [-34.54886095545262, 80.75290569897558], [-36.42223450079327, 82.61874834845116], [-37.651635322345236, 83.85153746703539], [-33.52013931197113, 88.03853637612082], [-40.311108327380104, 94.73558051115283], [-36.221433963238404, 98.82262281766266], [-28.00870911326222, 90.64845864574727], [-26.687311676992667, 89.34903390135256], [-26.344417394278047, 88.99363578910794], [-21.000279567402334, 83.67377165757725]], [[-27.046937802838862, 88.29395081666031], [-28.552327189316163, 89.82660553464119], [-35.351728352876165, 83.00745835588015], [-33.779432150918645, 81.5414388388405], [-27.046937802838862, 88.29395081666031]]]}, "properties": {"id": "br9427472", "height": null, "levels": 6, "osm_id": 9427472, "tags": {"building": "apartments"}}}, {"type": "Feature", "geometry": {"type": "Polygon", "coordinates": [[[-53.70937028960431, 60.384340620030336], [-52.51342142371885, 59.17376136708461], [-48.716489980265344, 55.3643249812431], [-48.25650906078483, 54.89786355410951], [-46.56712406655684, 53.18750522257528], [-45.50498544081926, 52.13241411705929], [-43.56470007261698, 50.17771959884691], [-41.38187771887672, 47.98979504473424], [-41.23970157840742, 47.83430811951178], [-39.031787865120215, 45.62417183600073], [-37.175132146843254, 43.758328705714746], [-35.43556204427551, 41.9924419875213], [-40.9386831752221, 36.794792362049066], [-45.4214775886664, 32.08581112607555], [-51.3092503534634, 37.97211035927094], [-53.542252580088025, 40.204462843929484], [-55.50762792580524, 42.17026634679774], [-56.486133562070926, 43.147615191374435], [-58.59368322545302, 45.25780061441812], [-60.7095950165755, 47.3679867243338], [-66.0370035669549, 52.710091986924695], [-70.68698010299907, 57.37471934494231], [-62.507564155985854, 65.01567626202967], [-60.333080192218915, 67.04808353330222], [-56.301985451906745, 62.99430585172957], [-56.01763413623243, 62.7166498644661], [-53.70937028960431, 60.384340620030336]], [[-56.519438280083186, 62.2168769535632], [-57.73211282483127, 63.40524470229126], [-66.68932955935624, 54.36491448100891], [-65.485017616584, 53.254288383532746], [-56.519438280083186, 62.2168769535632]]]}, "properties": {"id": "br9427474", "height": null, "levels": 7, "osm_id": 9427474, "tags": {"building": "office"}}}, {"type": "Feature", "geometry": {"type": "Polygon", "coordinates": [[[-11.875893092123778, 90.82611267918081], [-12.99657807268949, 89.64886251446273], [-13.364562876333691, 90.01536619187368], [-19.73738469302078, 96.36809959967127], [-20.916606429599142, 97.53424885791458], [-21.07550862522707, 97.68973544536595], [-22.396905512578247, 99.0002653364308], [-17.43745924589088, 103.98691394899676], [-12.662012364144267, 108.79586787805336], [-8.338189394340125, 113.1494732564348], [-3.4456733882155945, 108.21833772673682], [2.8853358454106024, 101.82119390079671], [3.9223852695213384, 99.64438860184647], [3.7718506623402948, 90.6150870472245], [3.8973044636523104, 82.76303784114869], [2.9689775637518956, 80.35300249567642], [-0.3596227976036308, 77.0655810263206], [-8.087322696812276, 84.76214860741814], [-6.891368163037672, 85.72838257015344], [-11.875893092123778, 90.82611267918081]], [[-3.905664414041894, 89.00469510867015], [-2.023920323546215, 88.98248203526865], [-1.8984694015980024, 94.00246262021649], [-4.039474566567799, 93.95803889091962], [-5.1601569752075, 93.92472114670157], [-5.218703060351097, 89.79323271249491], [-5.2270669833469325, 88.938059031082], [-3.905664414041894, 89.00469510867015]], [[-4.624902856364203, 98.35607539061516], [-8.087303647014746, 101.83230399152893], [-11.006096941490641, 99.01134523736872], [-8.262939268795122, 96.14595439390055], [-7.669145802321601, 95.43516002042516], [-4.624902856364203, 98.35607539061516]]]}, "properties": {"id": "br9427475", "height": null, "levels": 9, "osm_id": 9427475, "tags": {"building": "apartments"}}}, {"type": "Feature", "geometry": {"type": "Polygon", "coordinates": [[[-76.85824991338409, 140.13782642703643], [-73.87260114085011, 137.11692185971643], [-73.32063215550063, 136.56160862403584], [-72.40904676388233, 135.6508949449946], [-65.94431131470017, 129.13152170079266], [-64.99090825025554, 128.16527782302478], [-64.93236591449008, 128.1097465373409], [-55.640853668318705, 118.75828894476672], [-57.13789140133531, 117.24786388425132], [-58.90252869039889, 118.92490700591273], [-65.81901855135415, 111.93919677170612], [-71.01256510710715, 117.11471273396833], [-72.12486958289392, 118.22533894686732], [-73.3709846094625, 119.48034666427796], [-76.27300957585486, 122.36797623192187], [-79.1248530016731, 125.22228796966577], [-80.74730840238577, 126.84380411948266], [-81.97669430666096, 128.0654946910328], [-84.20129606591446, 130.29785684429976], [-86.40080708121046, 132.49690093044802], [-86.80223875661439, 132.8856210674686], [-93.02442200826648, 139.08293141285228], [-89.57871359769075, 143.1033152709905], [-84.36835851229458, 147.7123061308218], [-81.80923636042542, 145.13564934507656], [-78.25489711259475, 141.5483227641898], [-76.85824991338409, 140.13782642703643]], [[-67.51663848901771, 125.46650587415452], [-70.99579166285992, 121.9014642134796], [-67.14872377730903, 118.02538038904557], [-63.72811410764116, 121.52378747687767], [-67.51663848901771, 125.46650587415452]], [[-83.6074375035143, 136.11747390017464], [-82.19406442049899, 134.65144559046539], [-80.22031301870743, 136.76159246441182], [-81.4998748342188, 138.16098197028842], [-82.595447214602, 139.33824655506962], [-84.71973739195772, 137.20588977228965], [-83.6074375035143, 136.11747390017464]]]}, "properties": {"id": "br9427476", "height": null, "levels": 10, "osm_id": 9427476, "tags": {"building": "apartments"}}}, {"type": "Feature", "geometry": {"type": "Polygon", "coordinates": [[[-56.73631579797656, 134.9288553758987], [-45.504394690603135, 146.2126272555494], [-44.676438753932274, 145.41297910354984], [-45.83893676807466, 144.24684032753962], [-47.67049926109093, 142.39212463964697], [-50.48893272066765, 139.56007479703274], [-55.230931076173526, 134.79556991523302], [-56.55233564828837, 133.46284179994774], [-58.04934624649543, 134.98439653696073], [-59.01111259220988, 135.95063957915238], [-64.22137240932504, 141.22610638205475], [-63.008691479608046, 142.3922417690244], [-64.84858849139684, 144.29141011485459], [-66.027817027978, 143.05863781117998], [-67.18193398783379, 144.22479445365124], [-69.36471935240958, 146.43493941724157], [-68.26076089366222, 147.56775651757673], [-70.06720248047284, 149.44471358295374], [-71.25479299463927, 148.34521603394725], [-72.70998169297772, 149.82234881336825], [-77.45188574222391, 154.6202559841227], [-74.42436484666922, 157.65220401134306], [-71.12924249043971, 158.7294677575762], [-63.48525373948114, 158.68497214889572], [-54.904584426357175, 158.51830976255468], [-52.2116341749981, 157.29661303252442], [-49.426698472759746, 154.46452450556288], [-47.519894132411466, 152.5653596061306], [-45.111297955000964, 150.1330967360366], [-58.383863523188325, 136.58368519685354], [-56.73631579797656, 134.9288553758987]], [[-58.30851070030812, 146.9679373566816], [-57.21293491420219, 145.86841949892388], [-55.86644267723345, 147.21225347961644], [-58.082684521509904, 149.30022762999621], [-59.48771808746135, 148.12298683081315], [-58.30851070030812, 146.9679373566816]], [[-63.527169082517844, 147.367802725372], [-61.05162916003623, 149.85555967534762], [-61.034888935875735, 151.48816400326396], [-65.88556522846339, 151.48820648027765], [-66.12811272479819, 149.9888780548846], [-63.527169082517844, 147.367802725372]]]}, "properties": {"id": "br9427477", "height": null, "levels": 6, "osm_id": 9427477, "tags": {"building": "apartments"}}}, {"type": "Feature", "geometry": {"type": "Polygon", "coordinates": [[[-55.640853668318705, 118.75828894476672], [-48.941826959286075, 125.45525047104974], [-47.72079838281315, 124.22245941222916], [-45.111442725867335, 126.87681312394602], [-46.332471583006374, 128.06517913920743], [-41.88319044953016, 132.5187192061155], [-40.461428842879606, 133.94029865409414], [-38.32042422600395, 136.07266831041306], [-34.73257153801139, 139.67104367552028], [-30.684775945074524, 135.71723507351754], [-26.06827724473876, 130.97488986188415], [-28.267822806883654, 128.78698606688417], [-32.524741791467974, 124.54445369749229], [-36.15441733412827, 120.9238652285346], [-37.72672029538574, 119.35790576662733], [-39.023020349035754, 120.67954475564653], [-41.64073857893485, 118.14735660079917], [-40.319349033685945, 116.77018624678716], [-46.93474232750929, 110.17317166934174], [-55.498809100483875, 101.64370740889609], [-55.86679105996615, 102.02131940462628], [-64.12965080313131, 110.25104649799164], [-58.108038991267875, 116.28163635332871], [-55.71616026687881, 113.927113296927], [-54.010038905020785, 115.6152355165234], [-48.31468470802941, 110.0621192155276], [-47.62889026328299, 110.86175763093968], [-55.640853668318705, 118.75828894476672]], [[-34.84134860832026, 128.26502552587615], [-37.341950605824344, 130.84166535367248], [-40.24401689512752, 128.05403661749548], [-37.67650902072512, 125.44407699477877], [-34.84134860832026, 128.26502552587615]]]}, "properties": {"id": "br9427478", "height": null, "levels": 6, "osm_id": 9427478, "tags": {"building": "apartments"}}}, {"type": "Feature", "geometry": {"type": "Polygon", "coordinates": [[[-107.66075210233369, 95.74692792817368], [-103.96422893233552, 91.90414541259798], [-103.3369903363078, 91.25997963688718], [-102.7682941354907, 90.6602393522645], [-111.94297219589951, 82.09753228533506], [-113.59051810772921, 83.83011758278793], [-116.50926508787391, 86.89546179075909], [-116.80198539660996, 86.61781270903754], [-117.60484980510316, 87.43968092141382], [-116.3921528899998, 88.5058519129973], [-121.98710888334254, 94.25893057227049], [-123.13290075054816, 93.103910157781], [-125.94292035559647, 95.98045178241979], [-131.01098541261854, 101.18932689099448], [-121.76939134158572, 110.4294842297078], [-114.30110262792198, 102.66616228529212], [-113.90803439442962, 102.25522847226377], [-115.16254757939868, 101.03357158080901], [-108.9403549290126, 94.54748264857014], [-107.66075210233369, 95.74692792817368]], [[-117.42903585397862, 98.82348371185974], [-116.87705009393089, 99.33435777636971], [-118.96783578251024, 101.65557756172515], [-122.4721152136283, 98.11277346108419], [-120.2642419610198, 95.88039994964532], [-119.74570658550617, 96.53565432690863], [-117.42903585397862, 98.82348371185974]]]}, "properties": {"id": "br9427479", "height": null, "levels": 8, "osm_id": 9427479, "tags": {"building": "apartments"}}}, {"type": "Feature", "geometry": {"type": "Polygon", "coordinates": [[[-98.47872343394634, 31.431074995146062], [-98.2278190665058, 31.664300755445247], [-94.6231611032849, 35.04052263691208], [-92.35666111055671, 37.15066206006769], [-92.01375897666847, 37.472736072758025], [-85.23099410742365, 43.814265306063426], [-75.83068441253201, 33.67424508273996], [-83.09852724958084, 27.266075792237544], [-84.94685261034614, 25.666811524797822], [-85.5239326590101, 25.089298477301988], [-89.35440915689269, 21.19108582537838], [-91.60418635058959, 19.092051456837886], [-97.51717533695142, 13.605690261265227], [-102.11696338140716, 19.19214731952324], [-106.89239303155226, 23.579145665935645], [-100.82886183943864, 29.243195613842616], [-100.35214325210107, 29.687435026200834], [-98.47872343394634, 31.431074995146062]], [[-93.42727230365867, 29.37637022399063], [-97.06538559989875, 26.03346667801825], [-94.14660804601877, 22.801538334004427], [-90.53358461273264, 26.144443641059944], [-93.42727230365867, 29.37637022399063]]]}, "properties": {"id": "br9427481", "height": null, "levels": 8, "osm_id": 9427481, "tags": {"building": "apartments"}}}, {"type": "Feature", "geometry": {"type": "Polygon", "coordinates": [[[-129.28895248272053, 56.04278974313121], [-127.22317172352274, 58.008541948699666], [-126.31991578732992, 58.86369979381855], [-125.00684946368591, 60.11867211678627], [-119.7127632374125, 65.67165838937349], [-119.17750164085108, 66.17142637745775], [-117.73898645465556, 67.51524718153792], [-116.06629499468247, 69.08118754840383], [-112.34455921469385, 72.55735430322186], [-101.64802234027496, 61.35108962487702], [-105.34466806920754, 57.91934167936967], [-108.02097490216393, 55.431603206958734], [-108.4976920999276, 54.99847043256178], [-110.65546615062729, 52.98828969879802], [-113.19796109491328, 50.622718777309714], [-113.68304418674141, 50.067418815253355], [-115.88264555219766, 47.579675813735975], [-117.12880499869875, 46.369125385337966], [-123.03342844580891, 40.83836003419585], [-125.07405175524545, 42.99298825112881], [-133.47069848394182, 52.055757285230506], [-129.6736729170632, 55.67629362839332], [-129.28895248272053, 56.04278974313121]], [[-119.47046035817361, 51.48909925395011], [-119.04391945407541, 52.09993054771785], [-115.09635701846541, 55.96480738077641], [-118.55872107513113, 59.68542385796408], [-123.05827223611858, 55.342993739596444], [-120.74166778326769, 52.799646155364414], [-119.47046035817361, 51.48909925395011]]]}, "properties": {"id": "br9427483", "height": null, "levels": 6, "osm_id": 9427483, "tags": {"addr:housenumber": "62", "addr:street": "Passeig de Gr\u00e0cia", "building": "hotel", "name": "Sixtytwo", "tourism": "hotel", "wikidata": "Q111389487"}}}, {"type": "Feature", "geometry": {"type": "Polygon", "coordinates": [[[-99.86904007165921, -113.4597324094914], [-99.45922093562706, -113.04881055865744], [-98.53921912305938, -112.13811896998594], [-97.3515804413379, -110.93867100662482], [-94.33230381695509, -107.90673244619997], [-89.51484836543816, -103.07561900488676], [-89.00466683666323, -102.56474246055647], [-84.5635814104459, -98.11123010433055], [-81.04249896738453, -94.60172739681364], [-78.18220830237915, -97.64484351791941], [-75.8237217994457, -100.21038887884289], [-71.90126923828062, -104.33080992451173], [-69.04933442884783, -107.37392231030847], [-76.45950803055482, -115.21478860589112], [-78.72605406028136, -117.60258619943014], [-83.66896972991934, -122.82242043843563], [-84.58897180786367, -123.79975078916098], [-85.6427925698219, -124.91035321716994], [-86.79697764772548, -126.13201576929964], [-91.17953878879676, -130.75211951621108], [-92.4257260467108, -132.06262918633098], [-93.63845906989505, -133.33982062788186], [-97.83691211889625, -129.19717198961223], [-101.28274976366527, -132.87325961847182], [-97.17629684427365, -137.09365203304785], [-106.49345588352172, -146.91135571980251], [-120.87906558813052, -162.09323372956888], [-122.00817135833753, -163.2926787280506], [-136.17584345179978, -149.2764682321292], [-125.01863567173403, -138.303795343211], [-118.06003446909378, -131.46252495160783], [-115.44219866960614, -128.88594079797295], [-110.25671447715189, -123.7660873054476], [-102.02709531425342, -132.05139423218432], [-98.59798600735054, -128.46415590939168], [-106.8777899109517, -120.42318734820435], [-105.53123915029852, -119.09046930515332], [-99.86904007165921, -113.4597324094914]], [[-84.20402721376759, -104.76381721235265], [-88.84584625737193, -109.6171486222695], [-84.22922829527926, -114.2706798734189], [-79.47032338955863, -109.73942512596041], [-84.20402721376759, -104.76381721235265]]]}, "properties": {"id": "br9427552", "height": null, "levels": 7, "osm_id": 9427552, "tags": {"addr:housenumber": "41", "addr:street": "Passeig de Gr\u00e0cia", "building": "apartments", "historic": "heritage", "name": "Casa Amatller", "tourism": "artwork", "wikidata": "Q506814"}}}, {"type": "Feature", "geometry": {"type": "Polygon", "coordinates": [[[-125.87296561725452, -210.03838521268756], [-125.47150165937242, -209.53861557823487], [-123.01253718590364, -206.53999815106863], [-117.22498319266819, -212.137591943611], [-116.17116271020929, -212.13760891147354], [-116.17949503106557, -210.18292698780263], [-117.73510875224434, -208.60582907159858], [-116.87363913452053, -207.7617758725122], [-120.60375735460121, -203.58580362753665], [-120.4448447820442, -203.3858956298665], [-120.68738732924164, -203.19708710190488], [-119.87609895203504, -202.2975026844056], [-116.36330583444153, -198.37709014277402], [-113.84589052335413, -200.9204377255898], [-111.87210177370221, -202.9084687219227], [-109.93176618933548, -204.87428637081342], [-114.97512803303337, -210.11630931413515], [-115.10897822029078, -212.11541356786677], [-113.64533831745763, -212.0932243714103], [-108.29251625218126, -206.52912689847392], [-106.5696302090194, -208.26171130795], [-106.17654434662354, -208.65043220690282], [-105.25655632954081, -209.58336193697107], [-103.9685726120798, -210.8827996752844], [-102.07005024416118, -212.79308386457677], [-98.724634385712, -216.19161102882347], [-104.16945480836257, -221.63354655273855], [-104.57091604422449, -222.00004360006452], [-105.35710807522317, -222.51091494753547], [-105.82547567478397, -222.66639417200236], [-107.14693929385052, -222.95513456169368], [-123.99136218554956, -222.79937991359617], [-125.10372681949234, -222.62166245709378], [-125.6975427265406, -222.36621081712505], [-126.33317479288486, -221.98859078853314], [-126.82662428420063, -221.59986704862112], [-131.55201145477318, -216.97962591739775], [-128.62466691363804, -213.40349929842435], [-127.21117882009825, -211.6820715354392], [-125.87296561725452, -210.03838521268756]], [[-119.93485231836233, -214.85855349822845], [-120.55375080031169, -214.12553756246345], [-122.84543439824104, -216.5799574494152], [-120.043609485854, -216.64664127664471], [-119.93485231836233, -214.85855349822845]]]}, "properties": {"id": "br9427553", "height": null, "levels": 6, "osm_id": 9427553, "tags": {"building": "apartments"}}}, {"type": "Feature", "geometry": {"type": "Polygon", "coordinates": [[[-111.47749352205443, -104.28588463278928], [-110.04730878423315, -102.89763793824388], [-109.09388073878777, -103.84167496906944], [-107.8309692543138, -102.59780524709677], [-108.859670212527, -101.7315102888518], [-108.33276019534266, -101.20952920895502], [-104.56911985802496, -97.51123704373383], [-104.44366510225463, -97.37796507125131], [-99.56766376646188, -92.43579758852911], [-94.56621468008699, -87.36035464231522], [-93.06076365695448, -85.87215020300398], [-91.06186046661753, -83.91749341601552], [-86.45362606327127, -88.75983069193839], [-81.04249896738453, -94.60172739681364], [-84.5635814104459, -98.11123010433055], [-89.00466683666323, -102.56474246055647], [-89.51484836543816, -103.07561900488676], [-94.33230381695509, -107.90673244619997], [-97.3515804413379, -110.93867100662482], [-98.53921912305938, -112.13811896998594], [-100.00281871798732, -110.70540579367305], [-101.19882133925603, -111.90485320824469], [-99.86904007165921, -113.4597324094914], [-105.53123915029852, -119.09046930515332], [-106.8777899109517, -120.42318734820435], [-110.25671447715189, -123.7660873054476], [-115.44219866960614, -128.88594079797295], [-116.82216703307493, -127.71977314784692], [-117.19015941960761, -127.46432580259845], [-117.45779162072772, -127.36436613813163], [-118.16033039150804, -127.36435471835368], [-118.46978398992772, -127.48651729476524], [-118.8043295444212, -127.68642248121701], [-120.40179221114687, -129.0857707641524], [-126.14745599127615, -123.27715761922158], [-125.72090751422705, -122.85513140347696], [-125.3361756899892, -122.36646755370641], [-124.93471758248444, -121.92222856055255], [-124.4830725013243, -121.14480596532185], [-124.3576125871086, -120.75609293494799], [-124.31578760206487, -120.33406002397173], [-124.36595955557046, -119.78985790579081], [-124.44122462288874, -119.39003527965743], [-124.60848640890228, -118.85693729554151], [-125.4030056918542, -117.83515796128971], [-123.4793583686159, -115.9693580954418], [-121.22952871586857, -113.79259102976934], [-115.82659718775976, -108.53947125376105], [-111.47749352205443, -104.28588463278928]], [[-104.61108703968345, -107.87327292168925], [-101.15694520295116, -107.71783588178438], [-98.0958494726007, -104.59705026851596], [-101.71720877523124, -101.0763512954484], [-104.68630334101736, -104.03054449905318], [-104.81180816870766, -107.6178286100074], [-104.9205389343285, -107.951011486974], [-104.61108703968345, -107.87327292168925]], [[-95.32748347277814, -101.7539132157961], [-92.45039114172347, -98.69975965802004], [-92.19108135972591, -95.51229833535767], [-92.83506301302657, -94.77928431008817], [-96.0048379632198, -94.86809220202274], [-99.06592838041807, -97.96666644703166], [-95.32748347277814, -101.7539132157961]]]}, "properties": {"id": "br9427554", "height": null, "levels": 7, "osm_id": 9427554, "tags": {"addr:housenumber": "43", "addr:street": "Passeig de Gr\u00e0cia", "building": "apartments", "historic": "heritage", "name": "Casa Batll\u00f3", "tourism": "artwork", "wikidata": "Q461371"}}}, {"type": "Feature", "geometry": {"type": "Polygon", "coordinates": [[[-103.61701575152345, -191.0583328240692], [-101.99449444946525, -192.69095942929775], [-101.60140934193556, -193.09078623756102], [-98.69926874410244, -196.02284910326594], [-96.30730116085951, -198.45512742727163], [-92.48516753415245, -202.32011626932479], [-92.12553553126808, -202.68662368983402], [-88.6630299667392, -206.19620921853456], [-90.87942405957477, -208.38409264671782], [-96.50823509328403, -213.97041158776443], [-98.724634385712, -216.19161102882347], [-102.07005024416118, -212.79308386457677], [-103.9685726120798, -210.8827996752844], [-105.25655632954081, -209.58336193697107], [-106.17654434662354, -208.65043220690282], [-106.5696302090194, -208.26171130795], [-108.29251625218126, -206.52912689847392], [-108.66887475717962, -206.15151227917596], [-109.93176618933548, -204.87428637081342], [-111.87210177370221, -202.9084687219227], [-113.84589052335413, -200.9204377255898], [-116.36330583444153, -198.37709014277402], [-114.89964317172533, -196.74450991698342], [-116.70616423217564, -195.22293894005057], [-116.8650709710593, -195.07855647179377], [-117.24979296763303, -194.75647200023818], [-122.9286200240825, -189.99184089827477], [-124.48423252084626, -188.68128900960332], [-126.44965612419563, -187.0264390894994], [-125.92273651659092, -186.382291740369], [-130.86554798923484, -181.3511195775948], [-131.97792793543414, -182.3728649350508], [-136.28512450262394, -178.76328742136974], [-136.44403069962786, -178.63001066698357], [-132.75560445358454, -174.72071537513145], [-126.42423299349596, -167.97939721419905], [-108.3340318542592, -186.28262067118837], [-103.61701575152345, -191.0583328240692]], [[-100.53098837682066, -202.03124931815816], [-99.97898043425137, -201.48705576604988], [-101.92768035794892, -199.44349762438418], [-105.71646110595609, -202.99741029755782], [-103.63394390481871, -205.10760824008275], [-102.93138781860618, -204.41903716023924], [-100.53098837682066, -202.03124931815816]]]}, "properties": {"id": "br9427558", "height": null, "levels": 7, "osm_id": 9427558, "tags": {"building": "retail"}}}, {"type": "Feature", "geometry": {"type": "Polygon", "coordinates": [[[-84.58897180786367, -123.79975078916098], [-83.66896972991934, -122.82242043843563], [-78.72605406028136, -117.60258619943014], [-76.45950803055482, -115.21478860589112], [-69.04933442884783, -107.37392231030847], [-66.62393353954742, -109.9727837202216], [-63.74690435705624, -113.09363726158941], [-61.53058606649882, -115.43705369277592], [-59.113543238034445, -118.02480633684084], [-66.49862050607122, -125.23263245375715], [-67.92880130919862, -126.62088769242365], [-68.70661927609282, -127.38720457236752], [-71.16552853740099, -129.7861088074084], [-73.83353063514616, -132.39602688074265], [-74.75353180012466, -133.29561543080374], [-75.99135179534893, -134.49506652828387], [-77.20408138283484, -135.6834115330516], [-81.77900270451777, -140.15913892132642], [-91.17953878879676, -130.75211951621108], [-86.79697764772548, -126.13201576929964], [-85.6427925698219, -124.91035321716994], [-84.58897180786367, -123.79975078916098]], [[-67.83674002849426, -119.97941200993141], [-71.5250290840572, -116.3587722479226], [-73.12248225395139, -117.96914779289605], [-69.55964600241785, -121.54536256303814], [-67.83674002849426, -119.97941200993141]]]}, "properties": {"id": "br9427559", "height": null, "levels": 6, "osm_id": 9427559, "tags": {"addr:housenumber": "39", "addr:street": "Passeig de Gr\u00e0cia", "building": "apartments", "name": "Casa Bonet", "wikidata": "Q64587220"}}}, {"type": "Feature", "geometry": {"type": "Polygon", "coordinates": [[[-64.85176045372897, -210.18356802348072], [-62.6939206579764, -208.16226833479547], [-60.67826407673636, -206.14096680855062], [-58.62082309120385, -208.1623024248897], [-58.160826082582034, -208.6287642860981], [-54.93248103640628, -211.8051473874724], [-53.06739964042515, -213.6487816059514], [-51.65395168804344, -215.04816627256696], [-50.65031963818991, -216.03662039198267], [-45.60706442787883, -221.0011013255965], [-29.992165898406675, -236.40540758479463], [-33.49656385580359, -239.63728074112234], [-35.06892915232388, -238.03798827086027], [-37.795504144905536, -240.69234346961957], [-36.20641071857581, -242.13615056259957], [-33.61367905581699, -244.72389506333676], [-37.076264227291674, -247.96687278567993], [-39.367904676297336, -245.712313079486], [-54.92425869552531, -230.45236719109377], [-55.952983011160796, -229.44170001881187], [-61.096600379337396, -224.39946808115724], [-62.434775901925036, -223.06671911753673], [-64.35840279728502, -221.2008697069748], [-67.92965489291932, -217.69129485453098], [-70.09582247638244, -215.55889411123545], [-67.60342901721586, -213.0711409765859], [-64.85176045372897, -210.18356802348072]], [[-54.44752542283009, -229.95259421008743], [-53.03407439469203, -231.32976681944717], [-44.653618130642904, -222.8669398481752], [-46.083796360921454, -221.4786626034047], [-54.44752542283009, -229.95259421008743]]]}, "properties": {"id": "br9427686", "height": null, "levels": 9, "osm_id": 9427686, "tags": {"building": "apartments"}}}, {"type": "Feature", "geometry": {"type": "Polygon", "coordinates": [[[-65.60507345483957, -274.7324817372363], [-64.57632644253526, -273.76625632357894], [-60.76243743024354, -270.1790043136226], [-56.714366453162974, -266.38073534541627], [-56.095446823267984, -265.7921144462493], [-52.55757072729482, -262.4825095728214], [-51.59573736041434, -261.5829186859793], [-48.76042116794962, -258.9174633540073], [-46.99566792207426, -257.26265929924955], [-37.076264227291674, -247.96687278567993], [-33.61367905581699, -244.72389506333676], [-36.20641071857581, -242.13615056259957], [-33.49656385580359, -239.63728074112234], [-29.992165898406675, -236.40540758479463], [-18.834986432676097, -226.07672921528064], [-8.313477459463604, -216.2922339786641], [-1.538911995446422, -209.99505351709405], [-0.27600057123748517, -211.31668511480413], [1.8149123327972698, -209.26204778031595], [0.6021827895836905, -208.00705341867092], [3.0694585278289104, -205.71918659353136], [4.223642548949081, -206.9297559923424], [7.167644202251346, -204.24206619480097], [6.013460080547392, -202.98707267227275], [6.28946011290576, -202.7316310641757], [11.224002866499761, -198.16699879834925], [13.348363404371268, -196.19010107078364], [15.991278698159908, -199.02216314892482], [18.600741343859237, -201.7986936014867], [20.78365877435925, -204.13097847258848], [23.794581613154463, -207.3295394412801], [21.72040246773304, -209.2731216077476], [16.59349519577432, -214.070990457418], [15.916040405295858, -214.7151484721834], [8.288392857178017, -221.86751949876313], [7.853482690304191, -222.28955354414035], [2.3000098956399584, -227.49834004693625], [-11.558615907814408, -240.49252217289765], [-15.096447927238351, -236.78306288532548], [-28.687483765069764, -249.63283272712073], [-25.149651851147116, -253.1757063873591], [-38.138544434596064, -265.22581775920446], [-40.196029075019105, -267.1249575332842], [-43.02298127769772, -269.73488550394814], [-43.49971611267715, -270.1902346253644], [-46.11757631288407, -272.60025201019624], [-48.007789723017666, -274.36611686249256], [-53.0344234415409, -279.03066288920144], [-55.29264704533049, -281.1297074793885], [-56.0202970745962, -281.7960706111702], [-58.420707104874374, -284.03949300879816], [-60.45311118133398, -285.9386271774359], [-65.07821819766926, -281.36285527334365], [-68.86695605450586, -277.79774760851905], [-67.06873850123455, -276.1207365177521], [-66.86800717385486, -275.92082775460915], [-65.60507345483957, -274.7324817372363]], [[4.549831761160121, -217.9470531368164], [7.167655295750055, -215.4592742182669], [3.9392812488323528, -211.9941589859518], [1.212730312443678, -214.48193677222469], [4.549831761160121, -217.9470531368164]], [[10.128386524075204, -212.69384021105245], [13.248024598168014, -209.7729186413116], [10.086559313883114, -206.2744875554467], [9.768741084559625, -206.56324780352787], [6.799648551201703, -209.30646940367745], [10.128386524075204, -212.69384021105245]]]}, "properties": {"id": "br9427693", "height": null, "levels": 12, "osm_id": 9427693, "tags": {"building": "retail", "name": "Casa Malagrida", "wikidata": "Q23857286"}}}, {"type": "Feature", "geometry": {"type": "Polygon", "coordinates": [[[-39.367904676297336, -245.712313079486], [-49.23712622654567, -255.0414152688684], [-64.51747902204333, -239.91472463435278], [-71.86072379666035, -232.6401298523105], [-70.71488697695588, -231.31850972748703], [-72.73887691149285, -229.34159567290337], [-73.94325872659158, -230.5854718613864], [-79.53849709100493, -225.04344563978006], [-74.21914777766072, -219.6237026503777], [-70.09582247638244, -215.55889411123545], [-67.92965489291932, -217.69129485453098], [-64.35840279728502, -221.2008697069748], [-65.50423525227818, -222.34479251551565], [-63.563880913823226, -224.19953622920175], [-62.434775901925036, -223.06671911753673], [-61.096600379337396, -224.39946808115724], [-55.952983011160796, -229.44170001881187], [-54.92425869552531, -230.45236719109377], [-39.367904676297336, -245.712313079486]], [[-55.3006269858333, -230.8299733009683], [-64.11601872105138, -239.53711923330184], [-62.602204557976414, -241.0475683244233], [-53.87881260113356, -232.2515707209172], [-55.3006269858333, -230.8299733009683]], [[-66.70863009877188, -225.26569801032753], [-69.61085071058997, -228.0977380143856], [-66.8174090008049, -230.8187701291676], [-63.98209738209411, -227.94230384305644], [-66.70863009877188, -225.26569801032753]]]}, "properties": {"id": "br9427698", "height": null, "levels": 6, "osm_id": 9427698, "tags": {"building": "apartments"}}}, {"type": "Feature", "geometry": {"type": "Polygon", "coordinates": [[[-263.6712722774565, 53.56976140697235], [-259.3556281082194, 57.94542924826291], [-259.2134461138489, 58.089804126938255], [-255.02326208376005, 62.3322052513792], [-250.5905378539925, 66.81893576742239], [-247.47927113327998, 69.95076355182104], [-244.81127798396042, 72.64946774041528], [-240.57929309156282, 76.92519435585736], [-238.86487450939813, 75.03709187894921], [-235.24368065427961, 71.18313885481443], [-241.80911373987817, 64.56408870656051], [-244.3851086540212, 61.965335704874875], [-247.57165019859443, 58.755766141763544], [-250.15601297212353, 56.14590935157323], [-252.22183186169198, 54.05802452995812], [-256.98074747267964, 49.23812212902455], [-271.25752979208283, 34.8450707970552], [-274.8369172025034, 38.39917393912398], [-276.7520558017456, 40.28729247892311], [-263.6712722774565, 53.56976140697235]], [[-242.16872528194844, 64.9194975580841], [-244.28457750588933, 67.04084348684798], [-246.3336664387111, 64.90853178128164], [-244.21781381760616, 62.79829141414356], [-242.16872528194844, 64.9194975580841]]]}, "properties": {"id": "br9427730", "height": null, "levels": 6, "osm_id": 9427730, "tags": {"building": "ruins"}}}, {"type": "Feature", "geometry": {"type": "Polygon", "coordinates": [[[-269.24102808908, 59.86715393849948], [-268.404663165778, 60.700084259704745], [-263.5872029308049, 65.55329557040794], [-261.5882935033423, 67.5634365434889], [-261.28720194433043, 67.88550407338225], [-259.65629381060194, 69.51804971552212], [-255.75048288603216, 73.37174538713269], [-253.1744891139995, 75.9371759398812], [-252.73958164184347, 76.35919451930876], [-250.42286247289414, 78.64698131961262], [-246.12397201273595, 82.90049012082021], [-243.34745091749184, 79.94616001371391], [-240.57929309156282, 76.92519435585736], [-244.81127798396042, 72.64946774041528], [-247.47927113327998, 69.95076355182104], [-250.5905378539925, 66.81893576742239], [-255.02326208376005, 62.3322052513792], [-259.2134461138489, 58.089804126938255], [-259.3556281082194, 57.94542924826291], [-263.6712722774565, 53.56976140697235], [-276.7520558017456, 40.28729247892311], [-278.2155889557884, 41.73114814012595], [-280.4401597802783, 43.885827172840195], [-282.79853692142837, 46.19599823416499], [-281.14252770436735, 47.861856458361245], [-278.7505151653631, 50.28290499533874], [-272.1432170108266, 56.94634456257137], [-269.44175611221107, 59.65614452592767], [-269.24102808908, 59.86715393849948]], [[-250.55685950729026, 73.3271393535119], [-252.63925585310741, 75.38184968337366], [-254.7468877727983, 73.26064852314968], [-252.7481235293152, 71.23925896540766], [-250.55685950729026, 73.3271393535119]]]}, "properties": {"id": "br9427732", "height": null, "levels": 6, "osm_id": 9427732, "tags": {"building": "ruins"}}}, {"type": "Feature", "geometry": {"type": "Polygon", "coordinates": [[[-264.182462832677, 25.415687435421514], [-259.80825637009355, 29.83577728245593], [-245.22303365033935, 14.941921091601023], [-253.00125860099686, 7.212307766177833], [-259.5249448319643, 0.704334371428018], [-265.5630998561799, 6.879572685846536], [-274.1436266880962, 15.43162802305352], [-270.7145073535385, 18.874405781660172], [-268.4981272285516, 21.09555344460901], [-268.2555800055166, 21.339879775028127], [-265.68811480744154, 18.7742644076864], [-263.7477307463401, 20.917680592878085], [-266.2315665326771, 23.36112455077607], [-264.182462832677, 25.415687435421514]], [[-260.94626887643795, 13.354290666116897], [-261.0884505825566, 13.24323428155387], [-257.69303008573274, 9.933479921412822], [-254.37264593991915, 13.209676995331534], [-257.7680664178934, 16.519429816029582], [-258.05242882195415, 16.319529226663338], [-260.94626887643795, 13.354290666116897]]]}, "properties": {"id": "br9427735", "height": null, "levels": 5, "osm_id": 9427735, "tags": {"building": "ruins"}}}, {"type": "Feature", "geometry": {"type": "Polygon", "coordinates": [[[-292.2067926336053, 59.10171912044798], [-291.4123100147436, 58.23540733029862], [-288.97011477199, 60.723087424255205], [-289.81478055152957, 61.511657895258814], [-283.24930085109827, 68.13066452344496], [-281.92794204927606, 66.90893634105053], [-279.01739112636227, 69.79642306906106], [-280.2969302460118, 71.09589216626732], [-277.98856274135966, 73.41698891372997], [-274.13292283206073, 77.30399508128879], [-272.5521955068131, 78.89211513674496], [-272.28455887388884, 79.16975886652989], [-270.74565060343264, 80.71345628601946], [-269.2067425760474, 82.26826018697679], [-267.1576550959939, 84.31171626796196], [-265.1503857286668, 86.34406831331015], [-264.6067511023631, 86.87714372695403], [-263.60311719291417, 87.8877669599638], [-261.97221303842855, 89.52031213120691], [-261.4369417893871, 90.06449424087752], [-256.96241365214763, 94.5623256959688], [-254.32807293609312, 91.74127019341016], [-250.6316304853479, 87.7540329152384], [-248.67468869516955, 85.64379666791604], [-246.12397201273595, 82.90049012082021], [-250.42286247289414, 78.64698131961262], [-252.73958164184347, 76.35919451930876], [-253.1744891139995, 75.9371759398812], [-255.75048288603216, 73.37174538713269], [-259.65629381060194, 69.51804971552212], [-261.28720194433043, 67.88550407338225], [-261.5882935033423, 67.5634365434889], [-263.5872029308049, 65.55329557040794], [-268.404663165778, 60.700084259704745], [-269.24102808908, 59.86715393849948], [-270.1944124932833, 60.84453073451753], [-270.62928997748907, 61.277686863270304], [-273.47293801127364, 58.29023891860387], [-272.1432170108266, 56.94634456257137], [-278.7505151653631, 50.28290499533874], [-279.68717584724055, 51.182539323647774], [-281.9537402596092, 48.705955456230924], [-281.14252770436735, 47.861856458361245], [-282.79853692142837, 46.19599823416499], [-287.7163872030376, 41.2428484649285], [-293.74661761038124, 35.16802583778935], [-298.75605097897846, 40.621350710512495], [-304.861065783587, 46.33016657176396], [-299.38283842503705, 51.871907585000294], [-298.7806525020378, 52.471614894102466], [-292.2067926336053, 59.10171912044798]], [[-271.24815379215323, 61.89965447282616], [-278.28144672422957, 69.05228262462506], [-281.2421815326146, 66.06484218952303], [-274.05834804974216, 58.92331165641884], [-271.24815379215323, 61.89965447282616]], [[-263.48654208882044, 73.82737473957538], [-259.1960064076316, 78.02534530140531], [-262.33214116583696, 81.068543693489], [-266.4805024455142, 76.81503898094005], [-263.48654208882044, 73.82737473957538]]]}, "properties": {"id": "br9427736", "height": null, "levels": 8, "osm_id": 9427736, "tags": {"building": "ruins"}}}, {"type": "Feature", "geometry": {"type": "Polygon", "coordinates": [[[254.22601751098273, -98.32938748214715], [256.6598893191611, -100.77265436515384], [264.3546152986671, -108.50225707026144], [264.97353963034834, -109.12417877410856], [258.3749463015115, -115.75478754262949], [261.1350176685647, -118.58675640657648], [255.673810933823, -123.9512206667532], [244.16516557848286, -112.1791004693301], [243.6131507069263, -111.5460685947337], [243.27859127021287, -111.0129847134452], [243.20329445830316, -110.26887530641771], [243.31979595336992, -92.7544752727268], [243.353224288828, -91.98814989327312], [243.62920164848447, -91.4328331906593], [244.22298878159938, -90.76644428772374], [245.51092788639244, -89.52251212058965], [251.223407932279, -95.30861978292289], [253.68236905915163, -97.77409910627587], [254.22601751098273, -98.32938748214715]], [[253.38168917510257, -109.41335317555162], [256.359003914278, -106.47011915761065], [252.74583230175742, -102.8718539816413], [251.2906260877215, -104.24906699040397], [251.3660053308379, -107.34767977672091], [251.90129426313314, -108.00292394225123], [253.38168917510257, -109.41335317555162]]]}, "properties": {"id": "br11186686", "height": null, "levels": 7, "osm_id": 11186686, "tags": {"building": "apartments"}}}, {"type": "Feature", "geometry": {"type": "Polygon", "coordinates": [[[206.13389448517748, -32.79352917763797], [207.51382391593418, -31.416327236719855], [209.9475165833142, -28.99511650872982], [211.38607029211272, -30.416661852451917], [212.55698678329532, -31.582773322822078], [212.79117012677554, -31.815995594236416], [214.2297252815232, -33.24864651799529], [218.61230379364574, -37.613232440218894], [210.43308356624576, -45.77649443401332], [206.13413993624195, -41.423007393054284], [204.6621296810862, -39.94593122746393], [204.40285502991645, -39.679390956201864], [203.30721118898256, -38.568806820939464], [201.84356554228071, -37.09172984101633], [204.2270822499717, -34.70384090058359], [206.13389448517748, -32.79352917763797]], [[210.1819561503032, -38.068833970805336], [210.89282903488964, -37.35801974602126], [209.17827181807104, -35.64772240163872], [208.46739893310786, -36.358536459307544], [210.1819561503032, -38.068833970805336]]]}, "properties": {"id": "br11223539", "height": null, "levels": 3, "osm_id": 11223539, "tags": {"building": "office"}}}, {"type": "Feature", "geometry": {"type": "Polygon", "coordinates": [[[261.582820086055, -12.500804146960487], [262.1515530219758, -13.056091095979122], [268.3908983181882, -19.27530668635422], [267.46258769048364, -20.097196099707233], [270.2560762007503, -22.829205329636363], [271.1091146982961, -21.973999929607864], [274.25388526731007, -25.116922005266712], [278.0593952310911, -28.903974063524448], [273.18369080898407, -33.757546908946324], [269.41191495995344, -37.51156667353148], [267.3293372973513, -35.40147537106975], [265.648221832668, -33.71340244197397], [264.66129838012483, -32.71388508286889], [262.51181310212706, -30.526051776513768], [263.43175370540445, -29.4709341711931], [260.80553641979265, -26.8055532196685], [259.81032240589644, -27.794036294633283], [257.2259262249864, -25.184183288611962], [253.0691505028513, -20.986204998409942], [251.42985963461072, -19.32033957480385], [250.91130915566407, -18.809474649940064], [247.13090744617045, -14.977982822862288], [246.48690165036382, -14.333848056235384], [248.29334390705193, -12.645651590025407], [247.44860656682354, -11.723870032430451], [247.80822123859988, -11.357354792910346], [252.30758424186456, -6.803678014968801], [253.25268536826206, -7.803198557760962], [255.00057503184263, -5.959516348173224], [259.4333437198285, -10.368500605965359], [261.582820086055, -12.500804146960487]], [[261.0475781366243, -12.978387896812674], [259.7679271679481, -11.667908175727831], [252.18256195502155, -19.131508872914868], [253.4287599127652, -20.46420338812178], [261.0475781366243, -12.978387896812674]]]}, "properties": {"id": "br11223540", "height": null, "levels": 5, "osm_id": 11223540, "tags": {"building": "office"}}}, {"type": "Feature", "geometry": {"type": "Polygon", "coordinates": [[[176.45905386488246, 21.7590969555357], [179.21904003015283, 18.96041473750031], [179.5034020971682, 18.68276801167888], [178.21547280675554, 17.361104310846528], [180.65764436191728, 14.884493215682312], [182.02920978992043, 16.117310242512858], [183.54302269787297, 14.573593504925554], [184.58011001921187, 13.529641699904314], [186.6626498130224, 11.408420306697439], [188.70337267372943, 9.331623031542811], [189.25537122250242, 8.78743605570278], [180.65800704598826, 0.33543625613032535], [180.11437135591635, 0.9018363868051494], [175.9743818036625, 5.110965632374197], [173.52384515471476, 7.5875780672928546], [174.4939766801138, 8.542730292946862], [171.80089659944994, 11.2969912473434], [170.8224019517747, 10.330733031653764], [168.99913795957755, 12.185417405972862], [167.8282350341388, 13.373748291626555], [165.78751929410785, 15.450551457593651], [163.59626070261018, 17.660625613179022], [168.49709380907876, 22.525231854056287], [172.13507977240607, 26.145922463003462], [174.40997436282134, 23.847003667831988], [176.45905386488246, 21.7590969555357]], [[173.76624744135603, 13.273932883024024], [176.4258717806754, 10.608521037838347], [178.92646705548944, 13.06304159189941], [176.26684188675156, 15.761770978074], [173.76624744135603, 13.273932883024024]]]}, "properties": {"id": "br11223639", "height": null, "levels": 10, "osm_id": 11223639, "tags": {"building": "apartments"}}}, {"type": "Feature", "geometry": {"type": "Polygon", "coordinates": [[[189.1039351132656, 43.08322539692502], [191.26173946789143, 40.90647643634852], [193.39445472699242, 38.74083360743074], [196.04571387272816, 36.06432248160337], [198.94788343270235, 33.121271601438224], [200.83805835193533, 31.211065802651074], [201.51551077665096, 30.522503260555595], [205.68895448173973, 26.302283238811476], [206.88495230359803, 25.09174685800787], [209.77040324798267, 22.17091218677947], [212.94022018120438, 18.96132711310721], [209.9796670934173, 15.984792385373577], [207.4454847993709, 18.594664776055485], [206.06556614234694, 17.173038139262903], [208.64156316336047, 14.640909527719833], [204.5018018193873, 10.453772808745098], [203.59021736059148, 9.531936659697243], [196.02991091603548, 1.9129090904351553], [189.25537122250242, 8.78743605570278], [188.70337267372943, 9.331623031542811], [186.6626498130224, 11.408420306697439], [184.58011001921187, 13.529641699904314], [183.54302269787297, 14.573593504925554], [182.02920978992043, 16.117310242512858], [182.88225411328128, 16.97250530759629], [180.072085454237, 19.771184873739298], [179.21904003015283, 18.96041473750031], [176.45905386488246, 21.7590969555357], [174.40997436282134, 23.847003667831988], [172.13507977240607, 26.145922463003462], [180.6738785695385, 34.64233563922483], [189.1039351132656, 43.08322539692502]], [[189.14651397756012, 13.885156258903056], [191.0283261774095, 12.041584642787106], [195.31863394125602, 16.28424848372684], [193.45354675053127, 18.194456347378658], [189.14651397756012, 13.885156258903056]]]}, "properties": {"id": "br11223640", "height": null, "levels": 11, "osm_id": 11223640, "tags": {"addr:housenumber": "334", "addr:street": "Carrer del Consell de Cent", "building": "office"}}}, {"type": "Feature", "geometry": {"type": "Polygon", "coordinates": [[[161.68978083476904, 0.9458264966462395], [161.9072349202397, 0.7014960464114038], [166.03049250170002, -3.5298538883408783], [175.97458244578957, -3.1520101427088623], [178.64257841049687, -5.872951652702143], [177.34627846284232, -7.083553852837306], [177.3797748125743, -8.827218598034191], [176.418004222525, -9.760158678626047], [175.56495545136164, -10.59314064764827], [165.7379312526545, -10.448992098959051], [161.97447282724468, -14.09189439340145], [159.69966914765035, -16.279856419567782], [154.00429227442862, -21.83305463111073], [151.16902780482707, -18.95662151171126], [150.46648478517392, -18.245842538330773], [149.8977565543972, -17.52395458100252], [149.40429632328676, -16.657685075967567], [149.02791643764144, -15.413804031228768], [149.05266020370973, 1.434226179697541], [149.11955558569338, 2.0117473676886464], [149.3369872449833, 2.8336069658404184], [149.68823449141647, 3.5999385809587943], [150.60818372525426, 4.821634173755637], [154.32145716799815, 8.486741904574368], [159.75779008514968, 2.9115722449098604], [161.68978083476904, 0.9458264966462395]], [[160.44374849826838, -4.274091787874515], [157.85108774954733, -4.174193370437754], [157.81774074882944, -9.07200629470508], [160.3685839354156, -9.071950298351117], [160.44374849826838, -4.274091787874515]]]}, "properties": {"id": "br11223642", "height": null, "levels": 6, "osm_id": 11223642, "tags": {"building": "apartments"}}}, {"type": "Feature", "geometry": {"type": "Polygon", "coordinates": [[[237.5362171342189, 41.141074612914245], [233.78957662863718, 36.620749357006076], [232.61038671954998, 35.22133640401053], [231.35593027269556, 33.688647433068866], [224.7658409473114, 25.725329960123524], [223.87092599434902, 26.80259887701571], [217.01270620968123, 35.12089718747082], [216.04252027715663, 36.298120189588154], [215.6577914715871, 36.7645670677816], [209.81995652675042, 43.82790768705863], [207.22722528815393, 46.97087382236921], [207.02649777355333, 47.21520340799508], [204.4588596400498, 50.33595896671924], [200.8039524564919, 54.75610492623855], [206.5744982723707, 60.48704115370803], [210.06191061649753, 63.952260611412626], [229.9081119078871, 63.79737693541134], [244.3855318686168, 49.41538486069004], [238.1801704832831, 41.91852631452261], [237.5362171342189, 41.141074612914245]], [[223.76150320130458, 49.436931018209805], [216.0421259507326, 49.52554599116976], [213.86771980986742, 47.30425128167362], [224.95793530082287, 34.210435095477756], [231.43093354351925, 42.05158144859857], [223.76150320130458, 49.436931018209805]]]}, "properties": {"id": "br11223643", "height": null, "levels": 5, "osm_id": 11223643, "tags": {"building": "apartments"}}}, {"type": "Feature", "geometry": {"type": "Polygon", "coordinates": [[[236.7505741057166, 25.436951658189038], [238.15557165677615, 26.969646488077977], [238.3228333869687, 27.147350396915492], [239.47693888132156, 28.380171172509257], [240.70631030604045, 29.735162290416778], [243.35740486559828, 32.578425428758344], [243.8424625172175, 33.111536971160874], [245.40635546602402, 34.81083083725789], [248.05744556442323, 37.67630801911915], [251.95462677848573, 41.91899211640959], [259.95864773092967, 34.000589222816096], [259.532133331691, 33.511903299670585], [259.25613095915577, 33.82286564323935], [255.13313539361258, 29.66901892522725], [253.03400218863902, 27.547670539302757], [245.50721856068265, 19.973016906783077], [235.54675051979643, 9.95493857923014], [231.50709608235385, 14.119614822009405], [228.73035934654766, 16.973807330105426], [228.1198126321566, 17.584626364978405], [229.24046958922736, 18.761913683806306], [230.35276350146214, 19.91698861185599], [231.03021943224996, 19.239534992810352], [236.7505741057166, 25.436951658189038]], [[240.60611167291069, 24.859558803378103], [240.12104697505933, 24.51525204442267], [240.2047039816006, 23.81556732618849], [241.71016354956353, 22.294074744009574], [242.52141849623467, 22.094191136668176], [242.9061181680058, 22.5717684964865], [240.60611167291069, 24.859558803378103]]]}, "properties": {"id": "br11223644", "height": null, "levels": 5, "osm_id": 11223644, "tags": {"addr:housenumber": "16", "addr:street": "Passatge de Permanyer", "building": "apartments"}}}, {"type": "Feature", "geometry": {"type": "Polygon", "coordinates": [[[59.579200641471544, 210.5284632256713], [60.206432895712254, 211.16151918185807], [61.12638950661587, 210.17307918722136], [66.77984093651939, 215.5596137356911], [65.77625203441687, 216.6146891854825], [71.95656704304889, 222.6676018756572], [83.15495868930772, 211.33944464302675], [79.46684234649058, 207.70769094309443], [76.91610198744503, 205.20877881101063], [71.28774108356052, 199.6667505365776], [63.40969422613311, 191.88126362458388], [47.67863963947764, 176.265891331194], [36.354801242368374, 187.61631443856302], [52.07749313267475, 203.13170698603986], [59.579200641471544, 210.5284632256713]], [[67.86716784675346, 203.1762622739828], [63.585184848920186, 207.4187741880435], [62.20527288071006, 206.11934221379], [66.5207088516327, 201.84351133896888], [67.86716784675346, 203.1762622739828]]]}, "properties": {"id": "br21299514", "height": null, "levels": 6, "osm_id": 21299514, "tags": {"building": "residential"}}}, {"type": "Feature", "geometry": {"type": "Polygon", "coordinates": [[[22.413318039858463, 200.5438207000532], [18.925881940097945, 196.98984157449277], [12.661847535362245, 203.13153092162932], [10.520877458152446, 201.18795059201332], [8.48025984207083, 203.1315248219228], [1.7729948367894952, 196.36787247293765], [-2.5842220578616075, 200.7103788050636], [-4.064503779843446, 202.1652856226737], [-2.6427632196229767, 203.6868280306885], [-4.967724192535605, 206.03022770007408], [-6.456370141778431, 204.54200426485764], [-9.709640314357644, 207.84053557568905], [-10.395419246703371, 208.54022421829907], [-11.78370303111299, 209.95070788514263], [-16.768139126743996, 215.0262300475244], [-4.507736403601236, 227.45399845832407], [1.764625601016037, 221.22344480440276], [2.0406097747968803, 220.9568971800698], [0.17562629796028778, 219.02442609003126], [4.583012856156026, 214.60417824473592], [6.464722644854244, 216.50333200905266], [12.745466885379615, 210.18393874387309], [14.234113556832073, 208.70682305198613], [22.413318039858463, 200.5438207000532]], [[-2.5842192062544167, 208.70680953264588], [1.162481116832296, 204.76412455700228], [3.9474163323418963, 207.6295132223073], [0.34288979410258935, 211.51666601083602], [-2.5842192062544167, 208.70680953264588]]]}, "properties": {"id": "br21299517", "height": null, "levels": 4, "osm_id": 21299517, "tags": {"building": "yes", "name": "Casa Elizalde", "wikidata": "Q19256052"}}}, {"type": "Feature", "geometry": {"type": "Polygon", "coordinates": [[[15.522005511260325, 225.54375516269923], [16.851743495815157, 226.74322278263725], [19.7872166495389, 223.7556747394782], [23.048856365019567, 220.42383815292567], [12.745466885379615, 210.18393874387309], [6.464722644854244, 216.50333200905266], [7.610474333935156, 217.66947929165383], [3.002371980281992, 222.40069754524487], [1.764625601016037, 221.22344480440276], [-4.507736403601236, 227.45399845832407], [5.778926523470616, 237.82714745208094], [12.068014789947759, 231.52996570315702], [10.79681898267113, 230.27496826758278], [12.854156184439281, 228.15369617189307], [15.522005511260325, 225.54375516269923]], [[10.228131770308748, 225.61038268342023], [7.426473781343217, 228.46466089331355], [4.557916489023815, 225.54373997220648], [7.292669187823574, 222.7560975240818], [10.228131770308748, 225.61038268342023]]]}, "properties": {"id": "br21299518", "height": null, "levels": 7, "osm_id": 21299518, "tags": {"building": "residential"}}}, {"type": "Feature", "geometry": {"type": "Polygon", "coordinates": [[[71.28774108356052, 199.6667505365776], [72.35823913454723, 198.5561457781607], [77.97823822269213, 203.97600709365562], [76.91610198744503, 205.20877881101063], [79.46684234649058, 207.70769094309443], [83.15495868930772, 211.33944464302675], [94.57919465839365, 199.7447601698748], [88.48251058639278, 193.71404173280905], [87.48728029312443, 194.6358403977653], [81.97600281292657, 189.19376071145714], [82.91269131304773, 188.22753601228823], [82.61998286466734, 187.9387726775318], [79.3583726531054, 184.74016402646976], [77.24250581061811, 182.68550278246323], [75.0848227972209, 180.53088634857147], [72.56752428950482, 178.02087004701687], [69.84114578304926, 175.31094185386524], [58.63453805217354, 164.14915856878315], [47.11830827740674, 175.73279230827274], [47.67863963947764, 176.265891331194], [63.40969422613311, 191.88126362458388], [71.28774108356052, 199.6667505365776]], [[79.3750235021568, 191.63708553247037], [74.86721605347472, 196.35715283989987], [73.65456679286879, 195.146569666827], [78.20418955567449, 190.48203283428916], [79.3750235021568, 191.63708553247037]]]}, "properties": {"id": "br21299519", "height": null, "levels": 6, "osm_id": 21299519, "tags": {"building": "residential"}}}, {"type": "Feature", "geometry": {"type": "Polygon", "coordinates": [[[0.6188799495925942, 144.92417069413347], [1.2544862766508973, 145.5461153302996], [3.6630987095901695, 147.95615129962158], [6.222247679104345, 150.4994620413146], [7.000027888038664, 151.27689345045837], [8.062157576150549, 152.34308522947916], [14.075311195241632, 158.32931084146628], [21.79454668686034, 166.01478785174223], [32.14826169199549, 154.55327647974428], [30.258178896780176, 152.75407156980384], [30.36690651733739, 151.42133368110908], [32.1064669883013, 149.71099364232137], [27.372892570045536, 145.01307158782757], [25.14827770699819, 142.81404528599896], [23.31673291304785, 140.99263011954025], [20.28088260805282, 137.99395977348982], [20.071801928521705, 137.78294228981807], [18.340613368913818, 136.0614840488356], [14.468434954844385, 132.2409588043957], [13.364487011741796, 131.1525537367063], [9.325038336885576, 127.14322637133338], [7.610571189564738, 125.44398304910133], [-5.611740583941566, 138.69362118127134], [-3.855457202336079, 140.44839215301442], [0.6188799495925942, 144.92417069413347]], [[5.678643640376874, 142.4475008360082], [10.035888675074109, 146.6567374481669], [10.562773591408558, 146.13474901590737], [11.357280283659362, 146.91218091081834], [9.325010283280116, 148.94460397377364], [4.039446857033656, 143.66917653642568], [5.678644040709927, 141.93661781171338], [5.979720796305473, 142.05878573439662], [5.678643640376874, 142.4475008360082]]]}, "properties": {"id": "br21299520", "height": null, "levels": 10, "osm_id": 21299520, "tags": {"building": "office"}}}, {"type": "Feature", "geometry": {"type": "Polygon", "coordinates": [[[19.26057350777408, 135.18410038140456], [18.340613368913818, 136.0614840488356], [20.071801928521705, 137.78294228981807], [20.28088260805282, 137.99395977348982], [23.31673291304785, 140.99263011954025], [31.914189081343032, 132.3298638547275], [31.404032564248105, 131.83008476197668], [28.560536029217797, 129.02021641789585], [27.515132336375157, 127.98734019360012], [27.030064873932645, 127.52087996601412], [26.068286033999605, 128.53153631545936], [21.067070391413715, 123.46711454970927], [21.987032526571692, 122.56751894115331], [20.464921918603075, 121.06818391612423], [16.19966355550419, 116.87004756109842], [7.610571189564738, 125.44398304910133], [9.325038336885576, 127.14322637133338], [13.364487011741796, 131.1525537367063], [14.217541095564039, 130.27516931442418], [19.26057350777408, 135.18410038140456]], [[24.37053569931926, 130.98599010485475], [21.945182956044704, 133.5403974356426], [20.43143815205083, 131.95221319730967], [22.848427492738598, 129.44222994987643], [24.37053569931926, 130.98599010485475]]]}, "properties": {"id": "br21299521", "height": null, "levels": 7, "osm_id": 21299521, "tags": {"building": "residential"}}}, {"type": "Feature", "geometry": {"type": "Polygon", "coordinates": [[[12.068014789947759, 231.52996570315702], [5.778926523470616, 237.82714745208094], [13.414454866522915, 245.5126164309114], [18.07272819602248, 240.74808628850903], [19.80390131023167, 238.99331841760355], [18.340356823648335, 237.42734680018637], [21.317641992130522, 234.42869327825102], [22.689191824524716, 236.02798366452933], [24.027298341382355, 234.6619309957878], [30.85164941054429, 227.69839812330406], [33.427510634072185, 225.11067562725466], [26.511210717340173, 218.23593764499762], [25.03092707910763, 219.5908831730159], [24.378602599259736, 219.07999786434064], [23.048856365019567, 220.42383815292567], [19.7872166495389, 223.7556747394782], [16.851743495815157, 226.74322278263725], [15.195836671304349, 228.4091422496149], [16.70119963674401, 229.8640517637286], [13.749004137151777, 232.75164566784576], [12.243641066265027, 231.3633736843731], [12.068014789947759, 231.52996570315702]], [[17.863670129018427, 232.54063771115932], [19.26868193776721, 231.01909817738516], [18.457458970789244, 230.2638775770897], [21.11694671538692, 227.5428770584193], [23.61751955201952, 230.05287562663855], [21.02493666123035, 232.86272466749207], [20.171898652116777, 232.00754836392764], [18.82542902947429, 233.45134479693758], [17.863670129018427, 232.54063771115932]]]}, "properties": {"id": "br21299522", "height": null, "levels": 6, "osm_id": 21299522, "tags": {"building": "residential"}}}, {"type": "Feature", "geometry": {"type": "Polygon", "coordinates": [[[-19.72877216052212, 187.91611624737888], [-13.933090467154688, 182.18532760816504], [-15.446832783457655, 180.68599997232073], [-19.87097829539572, 176.29908018636127], [-22.73956703111926, 173.44480723139273], [-24.771820027845855, 175.47723993958866], [-27.314244633815832, 172.9339399810778], [-25.357260783319425, 170.83486991148038], [-25.624884491681474, 170.57942932944263], [-31.52933844755818, 164.6931914487865], [-35.82801220277801, 168.98018653347975], [-37.61773100324523, 170.74607395837242], [-37.36683278782708, 171.10146956176396], [-37.92716743412974, 171.212534005389], [-38.53768062710431, 171.4568725968272], [-39.2987296614643, 172.05660895636592], [-39.767064981395265, 172.8784668515], [-39.81723850704651, 173.92244553233525], [-39.57470113702896, 174.7109810840414], [-39.18998983661725, 175.3995604962795], [-39.566333684085826, 175.48841176736684], [-39.25681782341319, 189.73760489781083], [-38.76338932595875, 189.78202685681904], [-39.1564552125027, 190.5372474096708], [-39.415709569478004, 191.3702103310954], [-39.139719175082085, 192.32533804108422], [-38.68810282094668, 193.1138725207036], [-37.95213975205798, 193.61364553994815], [-37.16599858136137, 193.93571992015043], [-37.483797696117286, 194.31333078006344], [-31.82189629435879, 199.955229760543], [-26.879275723735482, 195.03518367080625], [-25.959328705558267, 194.11336956822495], [-28.01668044036074, 192.03652650915745], [-26.193512078582447, 190.19289820061007], [-24.127797080987982, 192.2919540498329], [-20.213836019311763, 188.3936821838787], [-19.72877216052212, 187.91611624737888]], [[-30.358423336438886, 180.05299635719592], [-30.391884202511523, 178.1316319681409], [-29.07049811104822, 178.08720193520026], [-24.520900245925755, 182.4407972293095], [-29.129005317957393, 186.84995720028692], [-30.24131060695827, 186.73890022232314], [-30.28313590719741, 184.50656355271516], [-30.358423336438886, 180.05299635719592]]]}, "properties": {"id": "br21299523", "height": null, "levels": 6, "osm_id": 21299523, "tags": {"building": "residential"}}}, {"type": "Feature", "geometry": {"type": "Polygon", "coordinates": [[[40.678403098655934, 217.736226393248], [42.8528099337624, 220.16848665960143], [44.082185447851295, 221.54565713753365], [46.13114357595942, 223.84464379070107], [47.56125137231067, 222.48970223308615], [48.397561113849456, 223.32266932885136], [48.782264165893935, 223.61143191583787], [53.749939730633365, 228.5425995068793], [51.9100348680582, 230.3195707691237], [55.01273482135661, 233.80692609652607], [57.76418326511355, 236.89445840833156], [71.95656704304889, 222.6676018756572], [65.77625203441687, 216.6146891854825], [64.47995188496094, 217.78082370571883], [58.408347704142315, 211.71681216118793], [59.579200641471544, 210.5284632256713], [52.07749313267475, 203.13170698603986], [36.354801242368374, 187.61631443856302], [34.590175833605606, 185.86153355249547], [33.427686253999646, 187.03878036357875], [36.67258982916543, 190.13741288719777], [27.01306904309331, 199.76640562642487], [23.82670774661351, 196.72330834331456], [22.81475941314954, 197.74507122379566], [39.16468064804975, 216.02587033830494], [40.678403098655934, 217.736226393248]], [[54.44412791455622, 222.27873374887955], [52.244633812757755, 220.16854828405704], [50.998531972911735, 218.98018092408438], [54.736890291397835, 215.39292045427274], [55.92444993026792, 216.59239415125762], [54.954315049379844, 217.69189597657333], [56.96145730814729, 219.7021253543283], [54.44412791455622, 222.27873374887955]]]}, "properties": {"id": "br21299524", "height": null, "levels": 8, "osm_id": 21299524, "tags": {"building": "residential"}}}, {"type": "Feature", "geometry": {"type": "Polygon", "coordinates": [[[69.67411793873865, 150.7330235212754], [71.4304147656884, 148.9782684736327], [63.075612426999, 140.6707886845387], [55.84971054821399, 147.94525943307787], [57.16272769437991, 149.3890695376729], [54.419565473993586, 152.0989497135155], [53.00618870980317, 150.7550947421565], [45.52104680406561, 158.05178631937764], [53.96784429252788, 166.4036713913609], [57.421880778092095, 162.92747202216123], [61.386081490460406, 158.96260788759776], [59.914166138813925, 157.45215876390296], [62.60714909615197, 154.73117405815879], [63.90343456297841, 156.47485138444299], [65.62627537426417, 154.75341307761872], [69.67411793873865, 150.7330235212754]], [[61.26904909276862, 152.7209489482157], [59.21171042392919, 150.6662935652808], [61.00145805937031, 148.867111652806], [63.100613006484146, 150.91066174744765], [61.26904909276862, 152.7209489482157]], [[56.35142984366055, 157.59651017209154], [54.33587617194019, 159.6955576931685], [52.2367215382346, 157.61869165008954], [54.25227451438123, 155.6084927765322], [56.35142984366055, 157.59651017209154]]]}, "properties": {"id": "br21299525", "height": null, "levels": 7, "osm_id": 21299525, "tags": {"building": "residential"}}}, {"type": "Feature", "geometry": {"type": "Polygon", "coordinates": [[[34.247071150415806, 231.07468425633485], [34.464511815609335, 231.2968083708867], [40.11796516917848, 236.938763849066], [41.48116415365496, 235.58382069535884], [43.680656710729856, 237.69400294462903], [42.34254652969136, 239.14890122449108], [43.070134881368446, 239.87080554849186], [45.57905906002959, 242.36970563907235], [48.94937783519561, 245.7237862719964], [57.76418326511355, 236.89445840833156], [55.01273482135661, 233.80692609652607], [51.9100348680582, 230.3195707691237], [51.42497629856656, 229.78647190552837], [50.11195352980187, 231.09698890889194], [47.92082516379961, 228.80910631543742], [49.35093231507194, 227.45416510267472], [46.13114357595942, 223.84464379070107], [44.082185447851295, 221.54565713753365], [42.8528099337624, 220.16848665960143], [40.678403098655934, 217.736226393248], [36.66406626871839, 221.8343758149889], [37.89344366355759, 223.0227406285784], [35.12522680451398, 225.7881590600853], [33.94602838058847, 224.58868879108735], [33.427510634072185, 225.11067562725466], [30.85164941054429, 227.69839812330406], [32.80861696688034, 229.65308985933083], [33.17659365920796, 230.019594623699], [34.247071150415806, 231.07468425633485]], [[47.68662594850519, 233.54032648094017], [45.77981782362787, 235.46167887876805], [45.44529014151083, 235.80596755741158], [43.2625236728377, 233.717997186244], [45.84675075325485, 231.06364220487612], [47.97933777061524, 233.25156840181666], [47.68662594850519, 233.54032648094017]]]}, "properties": {"id": "br21299526", "height": null, "levels": 7, "osm_id": 21299526, "tags": {"building": "residential"}}}, {"type": "Feature", "geometry": {"type": "Polygon", "coordinates": [[[96.84229104401325, -177.27569807805125], [99.02516450618438, -175.08775759346517], [103.90108016824132, -170.2009845594882], [105.3814168312559, -168.71273945310637], [106.79484520947625, -167.3022380571762], [111.16057862835137, -162.91524421296185], [119.04758144573768, -170.83380198415148], [123.49709623631875, -175.28729255945413], [124.63452723656839, -174.110021486211], [128.31458124328145, -177.79719812237326], [121.90815247600273, -183.76130968948905], [116.0871718030559, -190.01416600403869], [115.01663662054308, -190.60280885690912], [114.86610272600018, -191.3247107931446], [114.63192844688793, -191.79117266922336], [114.0715693555797, -192.05772903665783], [113.58647907956724, -192.0799489476222], [113.00102245190946, -191.92447204435777], [112.64974665759664, -191.71346072129046], [111.10248291461633, -192.2354735098892], [97.04321482946948, -191.99134016571566], [95.88066316290623, -191.46936673559014], [95.45412296686999, -191.84698135984493], [94.93558263281538, -192.2134910165828], [94.35012784038464, -192.16907407528066], [93.85666983777719, -191.88032066405424], [93.54721003427711, -191.4582910840531], [93.40502144097101, -190.92519786697042], [93.37992382505011, -190.40320928600664], [91.95809806617719, -189.71464635728012], [88.33659916963003, -185.80532767849888], [96.84229104401325, -177.27569807805125]]]}, "properties": {"id": "bw128362814", "height": null, "levels": 7, "osm_id": 128362814, "tags": {"building": "apartments"}}}, {"type": "Feature", "geometry": {"type": "Polygon", "coordinates": [[[116.54685058715246, 349.9669328846924], [56.643131632010075, 286.960995330224], [55.94077457712923, 268.6247278673325], [100.11528332569078, 224.06731161187798], [112.57657396216588, 211.49532813698002], [133.09979552836543, 210.79598833257853], [142.30744800079748, 220.66953419248594], [133.8103261001211, 229.13226176559147], [150.80391463518313, 244.6478931143838], [131.9029036816057, 263.4835627139691], [115.66985715027589, 279.66495318905464], [118.58852182660725, 282.8857853504319], [118.47141523680574, 284.31847745181256], [114.65791272065808, 280.35351872152165], [112.60056157244088, 282.4081251595163], [108.66149409978114, 286.0730962304252], [117.82728891748832, 294.71382828188683], [126.20693890477264, 303.0880105761717], [149.1389162578715, 280.40967711354455], [135.9087673823944, 266.89322627472905], [162.83851846320533, 241.8271903198847], [191.85783522506694, 270.0375334327156], [191.8572938842673, 290.48396498242397], [138.05658689095847, 345.5026359371655], [116.54685058715246, 349.9669328846924]]]}, "properties": {"id": "bw185444028", "height": null, "levels": null, "osm_id": 185444028, "tags": {"building": "apartments"}}}, {"type": "Feature", "geometry": {"type": "Polygon", "coordinates": [[[115.55476610589116, 154.73182492035505], [99.8321366236471, 136.92842838931557], [114.20039869607339, 124.52306822907218], [122.17885775643276, 130.26507916345273], [128.4595595126825, 136.25140399870176], [134.38085416325117, 130.2208705490094], [157.29669826923154, 106.58743965116155], [167.61724053850722, 95.93687125647158], [168.11905033636668, 95.42599989271396], [172.30075087996087, 93.29371695221366], [177.6616912700334, 90.6950068665733], [177.419254392992, 86.65236168333833], [169.55792766347534, 78.7668058021761], [165.98697491266645, 70.71476327476648], [176.99338228255408, 59.764358485485594], [196.31222518588874, 77.27925685259562], [196.04403348720135, 98.18102719656446], [134.72321076859427, 159.10798019221107], [115.55476610589116, 154.73182492035505]]]}, "properties": {"id": "bw185444041", "height": null, "levels": null, "osm_id": 185444041, "tags": {"building": "apartments", "roof:shape": "flat"}}}, {"type": "Feature", "geometry": {"type": "Polygon", "coordinates": [[[85.28028357129634, 119.50268933130515], [59.78922864639777, 95.52425181992162], [59.789397427695, 75.06672038059222], [115.72416992814497, 20.76942521176761], [136.2562821766772, 20.769782163563058], [160.3256073729486, 43.3379730646221], [148.29050172524677, 54.62156629736518], [136.25591090545603, 40.516518199109065], [132.7097933111524, 43.33741473612105], [145.53051632880718, 58.65304323730239], [135.80380021207236, 66.61596492894131], [138.9567375452308, 68.65955655667878], [126.33623007235055, 82.51980267415905], [115.77320194183703, 92.64843661906308], [104.9010633193035, 81.93083465396347], [97.40765674799556, 72.71262425832828], [93.97864948959356, 76.07774288945818], [83.98436268421707, 86.17311200902836], [90.9425372561285, 94.11409451853454], [95.55078416378878, 88.96089937085658], [106.68218771451826, 99.71180969410388], [85.28028357129634, 119.50268933130515]]]}, "properties": {"id": "bw185444055", "height": null, "levels": 9, "osm_id": 185444055, "tags": {"building": "apartments"}}}, {"type": "Feature", "geometry": {"type": "Polygon", "coordinates": [[[159.69966914765035, -16.279856419567782], [161.97447282724468, -14.09189439340145], [165.7379312526545, -10.448992098959051], [175.56495545136164, -10.59314064764827], [176.418004222525, -9.760158678626047], [181.67036100594964, -14.879964069576634], [180.79222250611477, -15.735159577232226], [180.52459945055213, -16.001713847228725], [176.97022758906425, -19.489132587786347], [173.2234977839515, -23.16535871269913], [172.2784513671251, -24.087191674519325], [168.01319525378878, -28.274310274943907], [169.39319726364434, -29.729183762975744], [165.53773628251275, -33.52757604169937], [154.00429227442862, -21.83305463111073], [159.69966914765035, -16.279856419567782]]]}, "properties": {"id": "bw217163407", "height": null, "levels": 5, "osm_id": 217163407, "tags": {"building": "apartments"}}}, {"type": "Feature", "geometry": {"type": "Polygon", "coordinates": [[[254.96323194663927, 104.59111031141565], [256.35995073227707, 103.19178442900458], [258.9359371357663, 100.59303644290071], [257.47241045113356, 99.19360914915097], [261.33639788474636, 95.17332046385428], [262.87519270914595, 96.61717586659498], [265.34245639566694, 94.14059391108985], [267.5755406440937, 91.8972333439791], [268.7046286561431, 90.76444763511017], [265.1670822769955, 87.16592415490943], [266.3296263406749, 85.96650239536073], [267.89350958898876, 87.47699667557809], [272.06696582688517, 83.07911607458117], [269.34901139326666, 79.7804875048001], [268.45417671278494, 78.69205144218913], [266.01219681952205, 75.7155127702524], [265.8533006194405, 75.52670236366048], [262.6837406216345, 71.6838583567549], [262.2237781267111, 71.11742797255536], [260.50937059629126, 69.04051581983045], [259.00403666417304, 67.20794687758087], [257.12236847391927, 64.90890653509963], [244.07512201187473, 78.09145716749505], [244.16645246126373, 97.86041038563656], [251.57607749281894, 105.2351487538053], [252.955972003505, 106.612359646719], [254.96323194663927, 104.59111031141565]]]}, "properties": {"id": "bw217163408", "height": null, "levels": 10, "osm_id": 217163408, "tags": {"building": "apartments"}}}, {"type": "Feature", "geometry": {"type": "Polygon", "coordinates": [[[-246.85103738561725, -146.69691738772423], [-245.74708862746004, -147.9852680341872], [-245.20349834907603, -149.24028112902658], [-245.21197466165285, -152.57212512175866], [-245.14555433918554, -167.0101190475435], [-245.80634410583352, -168.93146014809741], [-252.6480171045051, -175.9392037763656], [-264.62428370717265, -164.24400331492066], [-246.85103738561725, -146.69691738772423]]]}, "properties": {"id": "bw249404876", "height": null, "levels": null, "osm_id": 249404876, "tags": {"building": "apartments"}}}, {"type": "Feature", "geometry": {"type": "Polygon", "coordinates": [[[-243.18275355562992, -245.86382625479771], [-246.4946583508303, -242.39859682824374], [-261.94184464143564, -227.22705937960913], [-260.6370654729378, -225.93879344924676], [-256.3463520274298, -221.68529243730916], [-252.22292224390154, -217.58726908702766], [-235.7721279863782, -233.78058421717262], [-243.18275355562992, -245.86382625479771]]]}, "properties": {"id": "bw249404884", "height": null, "levels": null, "osm_id": 249404884, "tags": {"building": "apartments"}}}, {"type": "Feature", "geometry": {"type": "Polygon", "coordinates": [[[-226.6021206352591, -124.57413224307075], [-219.76889293487613, -117.83291076963883], [-205.2410059496949, -103.42866240877035], [-193.28149540738931, -116.03446956221677], [-202.59038004359735, -125.35227359885624], [-205.9609262687157, -126.5405364353228], [-221.75969006024033, -126.76219319650674], [-225.80760726780065, -125.35158740523934], [-226.6021206352591, -124.57413224307075]]]}, "properties": {"id": "bw249404892", "height": null, "levels": null, "osm_id": 249404892, "tags": {"building": "apartments"}}}, {"type": "Feature", "geometry": {"type": "Polygon", "coordinates": [[[-224.70718716229808, -240.46683567139272], [-234.08257538918, -231.0152085848719], [-235.7721279863782, -233.78058421717262], [-252.22292224390154, -217.58726908702766], [-242.7131232672356, -208.13626310910794], [-227.32448692621327, -223.4299258051398], [-224.1712849425541, -220.2203477226914], [-214.46136292190056, -230.08289946489148], [-224.70718716229808, -240.46683567139272]]]}, "properties": {"id": "bw249404899", "height": null, "levels": null, "osm_id": 249404899, "tags": {"building": "apartments"}}}, {"type": "Feature", "geometry": {"type": "Polygon", "coordinates": [[[-176.21108924860926, -99.03139159006778], [-193.28149540738931, -116.03446956221677], [-205.2410059496949, -103.42866240877035], [-214.3569646642774, -93.68830627373536], [-223.4394458752029, -83.98125799975102], [-207.5649655327686, -64.96800307092613], [-197.6712562546583, -75.71903191004093], [-176.21108924860926, -99.03139159006778]]]}, "properties": {"id": "bw249404907", "height": null, "levels": null, "osm_id": 249404907, "tags": {"building": "apartments", "name": "Editorial Montaner i Sim\u00f3n", "tourism": "attraction", "wikidata": "Q50895561"}}}, {"type": "Feature", "geometry": {"type": "Polygon", "coordinates": [[[-207.19311696582793, -222.66420517752826], [-214.46136292190056, -230.08289946489148], [-224.1712849425541, -220.2203477226914], [-227.32448692621327, -223.4299258051398], [-242.7131232672356, -208.13626310910794], [-235.64560898634576, -201.06188092201504], [-226.11116400153833, -204.48287783381286], [-213.78328147002915, -208.93681675241595], [-217.12048665688502, -212.55732132243827], [-207.19311696582793, -222.66420517752826]]]}, "properties": {"id": "bw249404916", "height": null, "levels": null, "osm_id": 249404916, "tags": {"building": "apartments"}}}, {"type": "Feature", "geometry": {"type": "Polygon", "coordinates": [[[-165.6811734886419, -88.5807541444861], [-176.21108924860926, -99.03139159006778], [-197.6712562546583, -75.71903191004093], [-186.9908064146634, -65.49055212810514], [-165.6811734886419, -88.5807541444861]]]}, "properties": {"id": "bw249404926", "height": null, "levels": null, "osm_id": 249404926, "tags": {"building": "apartments"}}}, {"type": "Feature", "geometry": {"type": "Polygon", "coordinates": [[[-213.78328147002915, -208.93681675241595], [-226.11116400153833, -204.48287783381286], [-235.64560898634576, -201.06188092201504], [-231.1123695474966, -196.49740057881894], [-221.5942539959952, -186.77981931970092], [-220.94187428897553, -186.22453188703943], [-219.63714210075833, -186.00244860454904], [-215.00369085143714, -185.89152607150993], [-201.1786158122762, -185.7475431064144], [-199.68990723406145, -186.3473162150209], [-195.47475083524733, -190.44559934878697], [-206.31432462078203, -201.32932276162592], [-213.78328147002915, -208.93681675241595]]]}, "properties": {"id": "bw249404936", "height": null, "levels": 9, "osm_id": 249404936, "tags": {"building": "apartments", "roof:levels": "0"}}}, {"type": "Feature", "geometry": {"type": "Polygon", "coordinates": [[[-155.8789274052687, -78.81866684189825], [-165.6811734886419, -88.5807541444861], [-186.9908064146634, -65.49055212810514], [-188.85581127333006, -63.480290781061726], [-178.84448249394435, -53.77377034837561], [-155.8789274052687, -78.81866684189825]]]}, "properties": {"id": "bw249404947", "height": null, "levels": null, "osm_id": 249404947, "tags": {"building": "apartments"}}}, {"type": "Feature", "geometry": {"type": "Polygon", "coordinates": [[[-258.28961558094517, -68.18715600518865], [-264.9968811777791, -61.289995263089644], [-276.4460327496523, -49.4059878598617], [-278.7375338138845, -47.095821013948225], [-271.2352279603622, -39.65498552973467], [-268.1826805151827, -42.731502546932035], [-250.47786013532408, -60.74631030216097], [-258.28961558094517, -68.18715600518865]]]}, "properties": {"id": "bw249405013", "height": null, "levels": null, "osm_id": 249405013, "tags": {"building": "apartments"}}}, {"type": "Feature", "geometry": {"type": "Polygon", "coordinates": [[[-146.0014336383751, -68.92329386196137], [-155.8789274052687, -78.81866684189825], [-178.84448249394435, -53.77377034837561], [-168.96699849162513, -44.17829431610657], [-159.2907033221104, -54.59608155707254], [-146.0014336383751, -68.92329386196137]]]}, "properties": {"id": "bw249405016", "height": null, "levels": null, "osm_id": 249405016, "tags": {"building": "apartments"}}}, {"type": "Feature", "geometry": {"type": "Polygon", "coordinates": [[[-250.47786013532408, -60.74631030216097], [-268.1826805151827, -42.731502546932035], [-271.2352279603622, -39.65498552973467], [-263.7998471094841, -32.26967050624403], [-242.8333946226409, -53.438724278731506], [-250.47786013532408, -60.74631030216097]]]}, "properties": {"id": "bw249405025", "height": null, "levels": null, "osm_id": 249405025, "tags": {"building": "apartments"}}}, {"type": "Feature", "geometry": {"type": "Polygon", "coordinates": [[[-137.0602010492973, -33.89467350366032], [-134.02432926704515, -37.148832116951375], [-134.67705791878174, -57.56192260419981], [-146.0014336383751, -68.92329386196137], [-159.2907033221104, -54.59608155707254], [-137.0602010492973, -33.89467350366032]]]}, "properties": {"id": "bw249405031", "height": null, "levels": 7, "osm_id": 249405031, "tags": {"building": "apartments"}}}, {"type": "Feature", "geometry": {"type": "Polygon", "coordinates": [[[-237.037327618356, -47.89694764728778], [-242.8333946226409, -53.438724278731506], [-263.7998471094841, -32.26967050624403], [-258.2212300612292, -26.716796562011467], [-237.037327618356, -47.89694764728778]]]}, "properties": {"id": "bw249405042", "height": null, "levels": null, "osm_id": 249405042, "tags": {"building": "apartments"}}}, {"type": "Feature", "geometry": {"type": "Polygon", "coordinates": [[[-235.5151296909358, -46.44209170210823], [-237.037327618356, -47.89694764728778], [-258.2212300612292, -26.716796562011467], [-248.85385542297962, -17.365746103250697], [-227.26850678767428, -38.53477656811797], [-235.5151296909358, -46.44209170210823]]]}, "properties": {"id": "bw249405057", "height": null, "levels": null, "osm_id": 249405057, "tags": {"building": "apartments"}}}, {"type": "Feature", "geometry": {"type": "Polygon", "coordinates": [[[-227.26850678767428, -38.53477656811797], [-248.85385542297962, -17.365746103250697], [-239.2941382515961, -7.770354452143638], [-228.4053100214995, -18.65473281017257], [-217.67534884660893, -29.35028530698977], [-227.26850678767428, -38.53477656811797]]]}, "properties": {"id": "bw249405068", "height": null, "levels": null, "osm_id": 249405068, "tags": {"building": "apartments"}}}, {"type": "Feature", "geometry": {"type": "Polygon", "coordinates": [[[-213.85252556108708, -4.628109373098159], [-219.18017619854484, -9.75899154998677], [-223.144316049713, -5.8050811422250455], [-230.15262947752177, 1.425241811907243], [-227.40098141439586, 4.190586368561175], [-225.10933669378062, 6.500594088893921], [-213.85252556108708, -4.628109373098159]]]}, "properties": {"id": "bw249405106", "height": null, "levels": null, "osm_id": 249405106, "tags": {"building": "apartments"}}}, {"type": "Feature", "geometry": {"type": "Polygon", "coordinates": [[[-228.4053100214995, -18.65473281017257], [-239.2941382515961, -7.770354452143638], [-230.15262947752177, 1.425241811907243], [-223.144316049713, -5.8050811422250455], [-219.18017619854484, -9.75899154998677], [-228.4053100214995, -18.65473281017257]]]}, "properties": {"id": "bw249405109", "height": null, "levels": null, "osm_id": 249405109, "tags": {"building": "apartments"}}}, {"type": "Feature", "geometry": {"type": "Polygon", "coordinates": [[[-213.85252556108708, -4.628109373098159], [-225.10933669378062, 6.500594088893921], [-209.0344113404157, 22.65956154709157], [-189.49755667939462, 22.29252138937382], [-187.47367375421393, 20.12676938463139], [-192.10710621416047, 15.739961264230516], [-201.0143441267305, 7.599394588873576], [-205.75651959441726, 3.1237490962755103], [-213.85252556108708, -4.628109373098159]]]}, "properties": {"id": "bw249405121", "height": null, "levels": 7, "osm_id": 249405121, "tags": {"building": "apartments"}}}, {"type": "Feature", "geometry": {"type": "Polygon", "coordinates": [[[-34.31508491974123, -3.0541100624923394], [-30.85264711760656, -6.652518271410594], [-24.237205686780833, -13.171853491936947], [-19.436612478051202, -17.925300132634327], [-18.48318378053797, -18.858219219019166], [-17.195218269408528, -20.102111177233358], [-16.710140255935073, -20.579676755426735], [-15.505808318108594, -21.745825166055845], [-14.050573163534466, -23.045247662892113], [-11.951353977094616, -25.077676841840606], [-10.387393095348997, -26.58811562067671], [-13.757866403943616, -30.16429021730467], [-14.176038526401753, -30.108758661828805], [-15.263285991530616, -29.95327035719744], [-18.115219525370126, -29.5534424003709], [-22.547842866604004, -28.93148558107836], [-27.825172711374087, -28.198461358946307], [-33.91378649816634, -34.12911935042933], [-38.35480065182818, -38.40496479826651], [-39.935501744926654, -39.904286447702766], [-41.35729697382484, -41.259228714141265], [-44.00852835480783, -43.791415178717024], [-49.043296837040515, -38.67144793806554], [-50.78286002867929, -33.62924404390727], [-50.71591832011022, -28.75364480768567], [-50.77441347792707, -21.767876187235448], [-50.941663362372125, -19.09129289807016], [-48.95949227525999, -13.50491314265204], [-36.380836918923904, -0.8439761001837435], [-34.657983113817245, -2.6876054737367943], [-34.31508491974123, -3.0541100624923394]]]}, "properties": {"id": "bw249405148", "height": null, "levels": 12, "osm_id": 249405148, "tags": {"building": "office"}}}, {"type": "Feature", "geometry": {"type": "Polygon", "coordinates": [[[-23.459337378985815, 8.385181438195717], [-19.3696455475315, 4.331424483870552], [-13.063649589557729, -1.9213522108854164], [-10.864075472514578, -4.087055124107686], [-8.271419896771386, -6.652579225280858], [-5.996572196041366, -8.896023781257636], [-4.583155087823139, -10.295399718225877], [-0.8530694467166057, -13.982642920073392], [-11.951353977094616, -25.077676841840606], [-14.050573163534466, -23.045247662892113], [-15.505808318108594, -21.745825166055845], [-16.710140255935073, -20.579676755426735], [-17.195218269408528, -20.102111177233358], [-18.48318378053797, -18.858219219019166], [-19.436612478051202, -17.925300132634327], [-24.237205686780833, -13.171853491936947], [-30.85264711760656, -6.652518271410594], [-34.31508491974123, -3.0541100624923394], [-34.657983113817245, -2.6876054737367943], [-36.380836918923904, -0.8439761001837435], [-25.282552292908473, 10.19549008211596], [-23.459337378985815, 8.385181438195717]]]}, "properties": {"id": "bw249405206", "height": null, "levels": 8, "osm_id": 249405206, "tags": {"building": "apartments"}}}, {"type": "Feature", "geometry": {"type": "Polygon", "coordinates": [[[55.57447868865958, 49.48922037855978], [64.30589735276942, 40.64879639740501], [82.41278630162044, 22.334937072479445], [91.08572610287229, 13.538969670097497], [84.42854247863092, 6.830774216435221], [83.83474775088325, 6.242141355781961], [81.03303830174839, 3.5211026618992687], [73.76531048940002, -3.531380346627298], [45.3044374428889, 24.555840211831764], [27.774854658024044, 7.652190769406393], [23.501143394956326, 11.772557443138126], [20.674307676424867, 14.504661836703278], [20.348134473464704, 14.815633128018934], [18.458003024458417, 16.659249048794567], [14.092304974764456, 20.85736414902687], [5.3609240083136145, 29.30913307888502], [3.278442472919226, 31.330451272751464], [-0.43489521479984783, 34.91773725171424], [22.80683568892585, 58.107416473675194], [27.097223960206353, 59.86220314150545], [42.53594814190279, 60.33984181845726], [46.140556102317944, 59.02933802286317], [55.57447868865958, 49.48922037855978]]]}, "properties": {"id": "bw249405227", "height": null, "levels": 8, "osm_id": 249405227, "tags": {"building": "apartments"}}}, {"type": "Feature", "geometry": {"type": "Polygon", "coordinates": [[[0.6188992278990385, -80.8194499750599], [3.788665223004204, -77.6208781452934], [2.5090493590071805, -76.29924698590679], [3.981024165470734, -74.81102237451059], [7.318055785722584, -71.50138738847296], [9.124567904887702, -69.73550764946545], [10.38745315563862, -68.49161726114322], [12.260878022009507, -70.47961500437435], [17.20368958448419, -65.5484747883683], [19.09384230131608, -67.44762154375826], [20.59927437119063, -68.95805368826066], [22.907604709980507, -71.25701960143452], [26.12756075856427, -74.47779190297989], [26.386830057227026, -74.73323238800583], [28.511166444363766, -76.86560492989526], [29.389337301620614, -77.73188103456626], [31.128952738315355, -79.486645288418], [33.11111173711236, -81.48574329019826], [34.624913203133445, -83.00727859935563], [30.6773552939034, -86.96108533264167], [24.864735503552307, -92.72519875686555], [24.53855774593007, -92.547501490151], [24.354562022591264, -93.0361726497974], [23.986569435485414, -93.6914366439767], [23.36767118531699, -94.33559528329994], [22.47277585769445, -94.71320716502355], [21.65315115051665, -94.76874040227362], [21.05097735036928, -94.62436224573183], [20.800071588798083, -94.55772607892114], [20.06408090794006, -94.19122525096677], [19.96372009309981, -94.7021083623598], [5.904644005427585, -94.11350757862853], [5.804281348556902, -93.56930638028959], [5.427923189240572, -93.75811119772622], [4.783932449011029, -93.98023462257365], [3.9977617563755037, -94.02465969233306], [3.0610475827241155, -93.73590028620119], [2.350148381098121, -93.20280541920951], [1.8316101076293438, -92.42537516783452], [1.4636152034046142, -91.53688336123744], [1.0036218783588402, -91.71458181758595], [-3.353767628517187, -87.07221097160433], [-4.098119598889653, -86.28367403128375], [-5.670458059938109, -84.61775066329808], [-4.064663711380484, -82.98514787411662], [-1.304706362462756, -80.1641871039517], [-0.15054307015660945, -81.53024352216455], [0.6188992278990385, -80.8194499750599]]]}, "properties": {"id": "bw249405950", "height": null, "levels": 10, "osm_id": 249405950, "tags": {"building": "apartments"}}}, {"type": "Feature", "geometry": {"type": "Polygon", "coordinates": [[[66.84901737514917, -30.652665548973584], [70.54569593197299, -34.32876604145854], [71.44059388882837, -35.228355393814454], [73.07984653137248, -36.84983688916906], [74.92818855922711, -38.69343884236734], [76.88525764142601, -40.648100659808], [45.857029902036885, -71.7344751306969], [44.08395873018931, -69.96860844508969], [43.77450770123207, -69.65763814867624], [42.185435318790475, -68.0694682638436], [39.75164680231968, -65.62612923095318], [39.39201499206309, -65.27073442419153], [37.62731045993818, -63.50486609434023], [35.71206336255589, -61.583511987121625], [34.164812069638536, -60.028658564109946], [31.923389792203075, -57.785226647285924], [31.51357765694324, -57.37430091951985], [62.66725886428277, -26.49900291973636], [63.51197374113366, -27.343062947888196], [66.84901737514917, -30.652665548973584]]]}, "properties": {"id": "bw249405961", "height": null, "levels": 10, "osm_id": 249405961, "tags": {"building": "office"}}}, {"type": "Feature", "geometry": {"type": "Polygon", "coordinates": [[[17.973037783772096, -28.265129388120034], [18.658838290239117, -27.576546372282397], [25.34956825159814, -20.901730030247858], [28.485843709733835, -17.780890265974342], [41.298546194806775, -5.008756056385033], [51.63565451200186, 5.286711478057986], [65.80338776371661, -8.740241416104977], [67.09136614922394, -10.006330712687157], [65.92886219926554, -11.283548635631718], [66.09613217534898, -11.450139361396813], [78.98430589429097, -24.1887643020728], [91.69656907493481, -11.37211761011982], [91.33693698962259, -10.983406901656531], [90.88530437553891, -10.361468176838214], [90.40021455277211, -9.450769941086934], [89.998754773038, -8.195779978963218], [89.7896500269935, -6.640921561613234], [89.95689962775246, -5.130483071688236], [90.40850883680868, -3.908800936625619], [90.94375230150766, -2.7093300225344863], [91.76335551939226, -1.8208276756388555], [83.83474775088325, 6.242141355781961], [84.42854247863092, 6.830774216435221], [91.08572610287229, 13.538969670097497], [101.20557638074115, 3.277020989618602], [101.22257993160625, -16.536350558439427], [76.88525764142601, -40.648100659808], [74.92818855922711, -38.69343884236734], [73.07984653137248, -36.84983688916906], [74.4430743177167, -35.394917418243914], [72.87072940120646, -33.78454170261464], [71.44059388882837, -35.228355393814454], [70.54569593197299, -34.32876604145854], [66.84901737514917, -30.652665548973584], [63.51197374113366, -27.343062947888196], [65.82026166995993, -24.933007851659656], [64.65773389693265, -23.833509487612286], [62.19890219887667, -26.032548665104216], [56.85462204846337, -20.66832220284342], [55.299011437904326, -19.102367108592276], [48.591493962279955, -12.372088321734061], [19.695942299667347, -41.281532252832754], [33.35353072834497, -54.84209066014045], [31.17067365918559, -57.03001177776883], [28.05944864312911, -53.90919655252829], [26.57074512567514, -52.40987200902418], [23.041349397400804, -48.867022452327795], [15.748390961509907, -41.548089494789814], [15.748366923994281, -30.48636450474381], [17.973037783772096, -28.265129388120034]]]}, "properties": {"id": "bw249406073", "height": null, "levels": 5, "osm_id": 249406073, "tags": {"building": "school"}}}, {"type": "Feature", "geometry": {"type": "Polygon", "coordinates": [[[-14.443750539545313, -71.1459799220232], [-11.558341205375875, -68.24728020843988], [-10.546357649853961, -67.25883448798159], [-7.911856272071171, -64.65999896110458], [-6.172253118342501, -66.54804599469692], [-2.9523094839786794, -63.38279553328338], [-4.733730084406439, -61.43921849144743], [-3.9475624616800795, -60.63957622317917], [-1.4803354308304764, -58.22954277333198], [4.33227774533235, -52.63204240741843], [4.691906748950449, -52.276645407623214], [15.748390961509907, -41.548089494789814], [23.041349397400804, -48.867022452327795], [11.784142177763563, -60.11757870650646], [12.009956483974586, -60.339701318437335], [15.321901365081038, -63.660433665415646], [10.38745315563862, -68.49161726114322], [9.124567904887702, -69.73550764946545], [7.318055785722584, -71.50138738847296], [5.478086071909336, -69.64666213039995], [2.1410544785682917, -73.00072087547528], [3.981024165470734, -74.81102237451059], [2.5090493590071805, -76.29924698590679], [-1.304706362462756, -80.1641871039517], [-4.064663711380484, -82.98514787411662], [-5.670458059938109, -84.61775066329808], [-8.38023112609893, -81.71904320788849], [-13.632501182952575, -76.12153621684675], [-16.40081217202637, -73.14508257045708], [-14.443750539545313, -71.1459799220232]]]}, "properties": {"id": "bw249406753", "height": null, "levels": 10, "osm_id": 249406753, "tags": {"building": "office"}}}, {"type": "Feature", "geometry": {"type": "Polygon", "coordinates": [[[-26.74641296457384, -61.883416647583], [-22.389025589644607, -57.46318404659717], [-20.89196787734435, -59.02915555496457], [-19.578898361370385, -57.740845914051384], [-21.034138718070707, -56.17487479514749], [-19.169079232021208, -54.4201083865004], [-17.554924928296817, -52.73197778564949], [-15.639694555760402, -54.77551364008937], [-12.804471863131361, -51.75464659651544], [-14.811700284997096, -49.666686696959204], [-14.49388780113894, -49.300184411703235], [-12.40301757033652, -47.22333835659925], [-8.020557638546734, -43.036326197965536], [-6.264229564389026, -41.20381326552412], [-5.837692881085909, -40.759567640160896], [-5.4111562500420565, -40.31532199142986], [9.484140591640065, -25.877323274535854], [14.326581604281484, -30.652959700841773], [15.748366923994281, -30.48636450474381], [15.748390961509907, -41.548089494789814], [4.691906748950449, -52.276645407623214], [4.33227774533235, -52.63204240741843], [-1.4803354308304764, -58.22954277333198], [-3.9475624616800795, -60.63957622317917], [-5.99661334732078, -58.62936181640117], [-8.815108821698377, -61.56138231697465], [-6.866419718495441, -63.604915863666264], [-7.911856272071171, -64.65999896110458], [-10.546357649853961, -67.25883448798159], [-11.784151550279, -65.88167009913417], [-12.863042958489485, -66.85900938131975], [-11.558341205375875, -68.24728020843988], [-14.443750539545313, -71.1459799220232], [-16.40081217202637, -73.14508257045708], [-26.74641296457384, -61.883416647583]]]}, "properties": {"id": "bw249406967", "height": null, "levels": 8, "osm_id": 249406967, "tags": {"building": "retail"}}}, {"type": "Feature", "geometry": {"type": "Polygon", "coordinates": [[[-159.2907033221104, -54.59608155707254], [-168.96699849162513, -44.17829431610657], [-165.74699699555373, -41.15749601567292], [-146.7030499312555, -23.632402379268342], [-137.0602010492973, -33.89467350366032], [-159.2907033221104, -54.59608155707254]]]}, "properties": {"id": "bw249407036", "height": null, "levels": 7, "osm_id": 249407036, "tags": {"building": "apartments"}}}, {"type": "Feature", "geometry": {"type": "Polygon", "coordinates": [[[-186.76992163026696, -256.7717347611475], [-197.95189096617455, -245.57644296625185], [-168.8371921176355, -216.26805986944018], [-157.31231174548037, -227.42999627245152], [-186.76992163026696, -256.7717347611475]]]}, "properties": {"id": "bw249407041", "height": null, "levels": null, "osm_id": 249407041, "tags": {"building": "apartments"}}}, {"type": "Feature", "geometry": {"type": "Polygon", "coordinates": [[[-188.85581127333006, -63.480290781061726], [-198.06373357068625, -53.50672299421988], [-189.29853484950726, -42.76731078773077], [-188.2447052418346, -41.46791874764835], [-181.23595745901335, -34.66002772755129], [-179.178495809379, -32.51659200757854], [-157.44145511757407, -12.2150549396285], [-146.7030499312555, -23.632402379268342], [-165.74699699555373, -41.15749601567292], [-168.96699849162513, -44.17829431610657], [-178.84448249394435, -53.77377034837561], [-188.85581127333006, -63.480290781061726]]]}, "properties": {"id": "bw249407231", "height": null, "levels": null, "osm_id": 249407231, "tags": {"building": "apartments"}}}, {"type": "Feature", "geometry": {"type": "Polygon", "coordinates": [[[-41.35729697382484, -41.259228714141265], [-39.935501744926654, -39.904286447702766], [-38.35480065182818, -38.40496479826651], [-37.041745108112536, -39.72660342260625], [-36.29739477332865, -39.17129971320291], [-35.84576963066451, -39.460061847703635], [-32.09056293327456, -36.01717308633446], [-33.91378649816634, -34.12911935042933], [-27.825172711374087, -28.198461358946307], [-21.611154416824697, -34.69558011065754], [-20.089001833547197, -32.99634359624747], [-20.69953168973159, -32.35218519980783], [-18.115219525370126, -29.5534424003709], [-15.263285991530616, -29.95327035719744], [-14.176038526401753, -30.108758661828805], [-13.757866403943616, -30.16429021730467], [-15.2131090321652, -31.719148261477812], [-19.779564203846775, -36.6391615194415], [-27.097613938245217, -44.43565480874545], [-30.81097408993264, -40.537381506733105], [-32.968755086371765, -42.558691220208864], [-29.20521521898736, -46.690194953249936], [-31.429906917140038, -49.07800776419008], [-32.692796463268245, -50.43295239856667], [-35.076397264097636, -52.998461745446214], [-44.00852835480783, -43.791415178717024], [-41.35729697382484, -41.259228714141265]]]}, "properties": {"id": "bw249407290", "height": null, "levels": 10, "osm_id": 249407290, "tags": {"building": "apartments"}}}, {"type": "Feature", "geometry": {"type": "Polygon", "coordinates": [[[-198.06373357068625, -53.50672299421988], [-198.36482857865468, -53.87321768706194], [-206.1008007571985, -45.45454059913745], [-197.19341214946007, -34.38195735891273], [-189.29853484950726, -42.76731078773077], [-198.06373357068625, -53.50672299421988]]]}, "properties": {"id": "bw249407310", "height": null, "levels": null, "osm_id": 249407310, "tags": {"building": "apartments"}}}, {"type": "Feature", "geometry": {"type": "Polygon", "coordinates": [[[-189.29853484950726, -42.76731078773077], [-197.19341214946007, -34.38195735891273], [-196.5661323510588, -33.60454392386356], [-187.22390950290193, -23.898016434098825], [-188.02677384756493, -22.909548314532454], [-165.49523629543285, -3.6298214837008005], [-157.44145511757407, -12.2150549396285], [-179.178495809379, -32.51659200757854], [-181.23595745901335, -34.66002772755129], [-188.2447052418346, -41.46791874764835], [-189.29853484950726, -42.76731078773077]]]}, "properties": {"id": "bw249407325", "height": null, "levels": null, "osm_id": 249407325, "tags": {"building": "apartments"}}}, {"type": "Feature", "geometry": {"type": "Polygon", "coordinates": [[[-208.79991558430416, -256.49347993126537], [-224.70718716229808, -240.46683567139272], [-214.46136292190056, -230.08289946489148], [-207.19311696582793, -222.66420517752826], [-198.1768321259267, -213.4463557926063], [-185.27973990427856, -200.3636562606648], [-172.86838296348634, -212.36970742348777], [-168.8371921176355, -216.26805986944018], [-197.95189096617455, -245.57644296625185], [-208.79991558430416, -256.49347993126537]]]}, "properties": {"id": "bw249407327", "height": null, "levels": 10, "osm_id": 249407327, "tags": {"building": "apartments", "roof:levels": "0"}}}, {"type": "Feature", "geometry": {"type": "Polygon", "coordinates": [[[-222.63579590055704, -59.458905788584886], [-227.45300715596736, -54.605368986947795], [-235.5151296909358, -46.44209170210823], [-227.26850678767428, -38.53477656811797], [-217.67534884660893, -29.35028530698977], [-228.4053100214995, -18.65473281017257], [-219.18017619854484, -9.75899154998677], [-213.85252556108708, -4.628109373098159], [-205.75651959441726, 3.1237490962755103], [-201.0143441267305, 7.599394588873576], [-192.10710621416047, 15.739961264230516], [-187.47367375421393, 20.12676938463139], [-165.49523629543285, -3.6298214837008005], [-188.02677384756493, -22.909548314532454], [-187.22390950290193, -23.898016434098825], [-196.5661323510588, -33.60454392386356], [-197.19341214946007, -34.38195735891273], [-206.1008007571985, -45.45454059913745], [-222.63579590055704, -59.458905788584886]]]}, "properties": {"id": "bw249407378", "height": null, "levels": null, "osm_id": 249407378, "tags": {"building": "apartments"}}}, {"type": "Feature", "geometry": {"type": "Polygon", "coordinates": [[[-207.19311696582793, -222.66420517752826], [-217.12048665688502, -212.55732132243827], [-213.78328147002915, -208.93681675241595], [-206.31432462078203, -201.32932276162592], [-195.47475083524733, -190.44559934878697], [-185.27973990427856, -200.3636562606648], [-198.1768321259267, -213.4463557926063], [-207.19311696582793, -222.66420517752826]]]}, "properties": {"id": "bw249407447", "height": null, "levels": null, "osm_id": 249407447, "tags": {"building": "apartments"}}}, {"type": "Feature", "geometry": {"type": "Polygon", "coordinates": [[[-226.6021206352591, -124.57413224307075], [-235.90210047971536, -115.61117395038261], [-214.3569646642774, -93.68830627373536], [-205.2410059496949, -103.42866240877035], [-219.76889293487613, -117.83291076963883], [-226.6021206352591, -124.57413224307075]]]}, "properties": {"id": "bw249407650", "height": null, "levels": 9, "osm_id": 249407650, "tags": {"building": "apartments", "roof:levels": "0"}}}, {"type": "Feature", "geometry": {"type": "Polygon", "coordinates": [[[-235.90210047971536, -115.61117395038261], [-244.30718738053255, -107.4811949464997], [-231.9454631428392, -94.32081517674351], [-226.4002396700922, -87.57955830107942], [-223.4394458752029, -83.98125799975102], [-214.3569646642774, -93.68830627373536], [-235.90210047971536, -115.61117395038261]]]}, "properties": {"id": "bw249407738", "height": null, "levels": null, "osm_id": 249407738, "tags": {"building": "apartments"}}}, {"type": "Feature", "geometry": {"type": "Polygon", "coordinates": [[[-264.62428370717265, -164.24400331492066], [-272.9624856601898, -156.1028879938334], [-255.44014111415274, -138.41143353055176], [-246.85103738561725, -146.69691738772423], [-264.62428370717265, -164.24400331492066]]]}, "properties": {"id": "bw249407789", "height": null, "levels": 7, "osm_id": 249407789, "tags": {"building": "apartments", "roof:levels": "0"}}}, {"type": "Feature", "geometry": {"type": "Polygon", "coordinates": [[[-223.4394458752029, -83.98125799975102], [-226.4002396700922, -87.57955830107942], [-238.70254351207538, -74.80709240737843], [-222.63579590055704, -59.458905788584886], [-206.1008007571985, -45.45454059913745], [-198.36482857865468, -53.87321768706194], [-198.06373357068625, -53.50672299421988], [-188.85581127333006, -63.480290781061726], [-186.9908064146634, -65.49055212810514], [-197.6712562546583, -75.71903191004093], [-207.5649655327686, -64.96800307092613], [-223.4394458752029, -83.98125799975102]]]}, "properties": {"id": "bw249407791", "height": null, "levels": null, "osm_id": 249407791, "tags": {"building": "apartments"}}}, {"type": "Feature", "geometry": {"type": "Polygon", "coordinates": [[[-244.30718738053255, -107.4811949464997], [-256.4673482140162, -95.68604515907357], [-242.68369449691895, -78.59415695962527], [-238.70254351207538, -74.80709240737843], [-226.4002396700922, -87.57955830107942], [-231.9454631428392, -94.32081517674351], [-244.30718738053255, -107.4811949464997]]]}, "properties": {"id": "bw249407798", "height": null, "levels": null, "osm_id": 249407798, "tags": {"building": "apartments"}}}, {"type": "Feature", "geometry": {"type": "Polygon", "coordinates": [[[-256.4673482140162, -95.68604515907357], [-263.47573309282916, -88.94436154471158], [-242.3321006744208, -68.82075765284809], [-227.45300715596736, -54.605368986947795], [-222.63579590055704, -59.458905788584886], [-238.70254351207538, -74.80709240737843], [-242.68369449691895, -78.59415695962527], [-256.4673482140162, -95.68604515907357]]]}, "properties": {"id": "bw249407908", "height": null, "levels": null, "osm_id": 249407908, "tags": {"building": "apartments"}}}, {"type": "Feature", "geometry": {"type": "Polygon", "coordinates": [[[-263.47573309282916, -88.94436154471158], [-271.7804010950211, -80.94762776849856], [-258.28961558094517, -68.18715600518865], [-250.47786013532408, -60.74631030216097], [-242.8333946226409, -53.438724278731506], [-237.037327618356, -47.89694764728778], [-235.5151296909358, -46.44209170210823], [-227.45300715596736, -54.605368986947795], [-242.3321006744208, -68.82075765284809], [-263.47573309282916, -88.94436154471158]]]}, "properties": {"id": "bw249408074", "height": null, "levels": null, "osm_id": 249408074, "tags": {"building": "apartments"}}}, {"type": "Feature", "geometry": {"type": "Polygon", "coordinates": [[[60.41010514318356, -143.4911928674585], [54.346556281865226, -149.2664376570353], [60.042206460115445, -155.396986163526], [65.11059057115435, -160.86116695247932], [67.29346897773672, -158.7065544118063], [70.50505766703822, -155.5190595535041], [71.1657747861755, -154.86379039362254], [66.04720931654349, -149.45514498326042], [60.41010514318356, -143.4911928674585]]]}, "properties": {"id": "bw306577679", "height": null, "levels": null, "osm_id": 306577679, "tags": {"building": "office"}}}, {"type": "Feature", "geometry": {"type": "Polygon", "coordinates": [[[198.78348284072723, 233.49847141496474], [179.548734728125, 214.3398534358874], [229.41985009805197, 164.5079497925519], [233.9776809079935, 168.35082450546795], [242.39081940940608, 176.0143467571955], [251.64860844317295, 184.09994198436365], [247.09051100031024, 188.6422019067523], [240.9600928699242, 194.60599993875556], [231.27521635369132, 204.2569319486298], [225.42916315041134, 210.50951234528424], [218.73006098841697, 217.3173794218734], [203.7680740697432, 227.823365045104], [198.78348284072723, 233.49847141496474]]]}, "properties": {"id": "bw402753014", "height": null, "levels": null, "osm_id": 402753014, "tags": {"building": "apartments"}}}, {"type": "Feature", "geometry": {"type": "Polygon", "coordinates": [[[260.3394850584475, 141.94129191896636], [268.326080279514, 150.17124244895808], [242.39081940940608, 176.0143467571955], [233.9776809079935, 168.35082450546795], [260.3394850584475, 141.94129191896636]]]}, "properties": {"id": "bw402753015", "height": null, "levels": null, "osm_id": 402753015, "tags": {"building": "apartments"}}}, {"type": "Feature", "geometry": {"type": "Polygon", "coordinates": [[[265.1873727672291, 218.31848445938658], [255.20976558694795, 228.53578799986056], [231.27521635369132, 204.2569319486298], [240.9600928699242, 194.60599993875556], [265.1873727672291, 218.31848445938658]]]}, "properties": {"id": "bw402753016", "height": null, "levels": null, "osm_id": 402753016, "tags": {"building": "apartments"}}}, {"type": "Feature", "geometry": {"type": "Polygon", "coordinates": [[[271.30942220967734, 212.49908638892433], [265.1873727672291, 218.31848445938658], [240.9600928699242, 194.60599993875556], [247.09051100031024, 188.6422019067523], [271.30942220967734, 212.49908638892433]]]}, "properties": {"id": "bw402753017", "height": null, "levels": null, "osm_id": 402753017, "tags": {"building": "apartments"}}}, {"type": "Feature", "geometry": {"type": "Polygon", "coordinates": [[[211.18850182214288, 148.33683684853332], [238.97211225680965, 120.08364765081768], [249.3756505743983, 130.86807218491606], [222.40329942190735, 158.28828535186568], [211.18850182214288, 148.33683684853332]]]}, "properties": {"id": "bw402753018", "height": null, "levels": null, "osm_id": 402753018, "tags": {"building": "apartments"}}}, {"type": "Feature", "geometry": {"type": "Polygon", "coordinates": [[[255.20976558694795, 228.53578799986056], [249.2215528507783, 234.35520441830235], [225.42916315041134, 210.50951234528424], [231.27521635369132, 204.2569319486298], [255.20976558694795, 228.53578799986056]]]}, "properties": {"id": "bw402753019", "height": null, "levels": null, "osm_id": 402753019, "tags": {"building": "apartments"}}}, {"type": "Feature", "geometry": {"type": "Polygon", "coordinates": [[[191.66079784758736, 131.0106959216873], [211.03902211006698, 111.98639536825308], [230.55891898139305, 111.98699010663461], [238.97211225680965, 120.08364765081768], [211.18850182214288, 148.33683684853332], [191.66079784758736, 131.0106959216873]]]}, "properties": {"id": "bw402753021", "height": null, "levels": null, "osm_id": 402753021, "tags": {"building": "hotel", "name": "Hotel Catalonia Eixample 1864", "tourism": "hotel", "wikidata": "Q111389533"}}}, {"type": "Feature", "geometry": {"type": "Polygon", "coordinates": [[[249.2215528507783, 234.35520441830235], [239.82106480845084, 244.0061353914956], [226.75837565662724, 227.47975720318396], [218.73006098841697, 217.3173794218734], [225.42916315041134, 210.50951234528424], [249.2215528507783, 234.35520441830235]]]}, "properties": {"id": "bw402753023", "height": null, "levels": null, "osm_id": 402753023, "tags": {"building": "apartments"}}}, {"type": "Feature", "geometry": {"type": "Polygon", "coordinates": [[[209.6134373260781, 244.29395865979026], [198.78348284072723, 233.49847141496474], [203.7680740697432, 227.823365045104], [218.73006098841697, 217.3173794218734], [226.75837565662724, 227.47975720318396], [209.6134373260781, 244.29395865979026]]]}, "properties": {"id": "bw402753024", "height": null, "levels": null, "osm_id": 402753024, "tags": {"building": "apartments"}}}, {"type": "Feature", "geometry": {"type": "Polygon", "coordinates": [[[222.40329942190735, 158.28828535186568], [249.3756505743983, 130.86807218491606], [260.3394850584475, 141.94129191896636], [233.9776809079935, 168.35082450546795], [229.41985009805197, 164.5079497925519], [222.40329942190735, 158.28828535186568]]]}, "properties": {"id": "bw402753025", "height": null, "levels": null, "osm_id": 402753025, "tags": {"building": "apartments"}}}, {"type": "Feature", "geometry": {"type": "Polygon", "coordinates": [[[268.326080279514, 150.17124244895808], [276.8729931456656, 158.4123294271555], [257.2186989296897, 178.43599932232118], [251.64860844317295, 184.09994198436365], [242.39081940940608, 176.0143467571955], [268.326080279514, 150.17124244895808]]]}, "properties": {"id": "bw402753026", "height": null, "levels": null, "osm_id": 402753026, "tags": {"building": "apartments"}}}, {"type": "Feature", "geometry": {"type": "Polygon", "coordinates": [[[281.14489500019016, 202.41507360086285], [271.30942220967734, 212.49908638892433], [247.09051100031024, 188.6422019067523], [251.64860844317295, 184.09994198436365], [257.2186989296897, 178.43599932232118], [281.14489500019016, 202.41507360086285]]]}, "properties": {"id": "bw402753027", "height": null, "levels": null, "osm_id": 402753027, "tags": {"building": "apartments"}}}, {"type": "Feature", "geometry": {"type": "Polygon", "coordinates": [[[153.8998742695963, 169.19274907763094], [153.89945513918258, 188.9283835623171], [179.548734728125, 214.3398534358874], [229.41985009805197, 164.5079497925519], [222.40329942190735, 158.28828535186568], [211.18850182214288, 148.33683684853332], [191.66079784758736, 131.0106959216873], [153.8998742695963, 169.19274907763094]]]}, "properties": {"id": "bw402753028", "height": null, "levels": null, "osm_id": 402753028, "tags": {"amenity": "school", "building": "school", "name": "Escol\u00e0pies Ll\u00faria"}}}, {"type": "Feature", "geometry": {"type": "Polygon", "coordinates": [[[172.4335336833267, -214.92413147642208], [178.2712043127291, -208.3158330487497], [180.3118772164862, -205.99459792348915], [193.19986845498966, -191.37857668828974], [195.30743873716196, -188.9795924666514], [197.30628412551232, -186.71388434864116], [200.61817552080007, -182.9488095946198], [202.60865396728641, -180.68310022395332], [205.92053985198635, -176.91802301135507], [207.91101530299684, -174.66341830867268], [209.90148951562043, -172.4088130536602], [211.55742894104407, -170.52071987430799], [218.60817107360168, -177.87278007034686], [226.6625949889785, -186.26877982030152], [235.243972491899, -195.46439599585088], [220.32367743195104, -209.6252019654067], [206.0556724937276, -223.16401419098955], [198.46165322268456, -230.127779830937], [192.27268399552952, -235.80318734884662], [187.6558059033715, -230.94992249045268], [193.83640588155876, -225.0857146070283], [188.61733328820125, -219.59941601594304], [183.70773206551692, -214.43518402924423], [177.43513076797456, -220.22164260102372], [172.4335336833267, -214.92413147642208]]]}, "properties": {"id": "bw467485984", "height": null, "levels": 2, "osm_id": 467485984, "tags": {"amenity": "restaurant", "building": "retail", "name": "El Nacional"}}}, {"type": "Feature", "geometry": {"type": "Polygon", "coordinates": [[[127.7826138882871, 109.15238026944836], [143.58953371993437, 93.33751580077842], [154.47831180876273, 104.65490856604104], [138.67975914370476, 120.31426359495764], [127.7826138882871, 109.15238026944836]]]}, "properties": {"id": "bw615404389", "height": null, "levels": null, "osm_id": 615404389, "tags": {"building": "civic", "name": "Casa degli Italiani di Barcellona"}}}, {"type": "Feature", "geometry": {"type": "Polygon", "coordinates": [[[121.9533123449971, 114.66093130373821], [126.3273864299513, 110.07416538249102], [137.14089984144974, 121.23604495215592], [132.85046114520156, 125.66731982553249], [121.9533123449971, 114.66093130373821]]]}, "properties": {"id": "bw615404390", "height": null, "levels": null, "osm_id": 615404390, "tags": {"building": "school", "name": "Liceo Scientifico Statale Amaldi"}}}, {"type": "Feature", "geometry": {"type": "Polygon", "coordinates": [[[154.2529798209915, 82.25379548070902], [167.61724053850722, 95.93687125647158], [157.29669826923154, 106.58743965116155], [143.58955176460015, 92.4268113506059], [154.2529798209915, 82.25379548070902]]]}, "properties": {"id": "bw615404391", "height": null, "levels": null, "osm_id": 615404391, "tags": {"amenity": "clinic", "building": "commercial", "name": "Centro de Oftalmolog\u00eda Bonafonte"}}}, {"type": "Feature", "geometry": {"type": "Polygon", "coordinates": [[[153.82647527903475, 81.09874664317327], [162.30706398717706, 72.79153024824456], [173.6725477558142, 84.30887291249314], [165.191959495647, 92.61607615771787], [153.82647527903475, 81.09874664317327]]]}, "properties": {"id": "bw615404392", "height": null, "levels": null, "osm_id": 615404392, "tags": {"building": "commercial"}}}, {"type": "Feature", "geometry": {"type": "Polygon", "coordinates": [[[-191.86175040357858, 122.15909774835683], [-188.65854239741088, 125.07993172775643], [-187.68001732732967, 125.96839851238578], [-186.4422241878877, 127.13451256666924], [-185.72296591452007, 127.82307554921253], [-182.59503081729451, 130.79944492490623], [-181.7085042130446, 131.64349023275398], [-181.26524098834363, 132.06551292845668], [-179.22455811378418, 134.00903886772457], [-173.86358871826198, 139.12884461627345], [-172.68434384387797, 140.2505378388685], [-170.4262162242997, 142.4050780016446], [-166.92193936991572, 145.74794841064613], [-162.12133656546686, 150.3124682270302], [-160.3315663922923, 152.01166979594254], [-149.76859455593814, 162.01808760895503], [-145.01001654659004, 157.23123888040774], [-136.70548770758833, 148.9125689474212], [-124.04376139385742, 136.29575167710686], [-142.5520141164447, 117.23793454559161], [-143.81489501682537, 115.9052212270869], [-144.2414457487388, 114.71687141492332], [-144.69307514768764, 114.09493589574367], [-145.30360870396768, 113.38415437031509], [-145.87231972153583, 112.98434431606348], [-146.59993154696826, 112.66228058520956], [-147.00137055419438, 112.5845456525571], [-155.9670073748011, 103.25556529727122], [-156.55242764370695, 103.72203630520691], [-156.6444507222123, 102.4781492669789], [-157.5393485103108, 101.30091655376621], [-158.1247862839289, 100.96774474535229], [-158.66840545442696, 100.73452743641106], [-159.4043794409485, 100.54573900405795], [-159.9061773128063, 100.53464390483802], [-160.5668760459894, 100.60129542642424], [-161.29447765545214, 100.82343462454344], [-161.9384430619992, 101.1899520018641], [-161.90500403306288, 100.55690059107042], [-176.2731389432897, 100.71272196701162], [-176.2229408170402, 101.46793908125471], [-177.05091846355012, 100.99039472740587], [-177.58617467581783, 100.76828478295236], [-178.01270346398434, 100.7349767923166], [-178.85739529146178, 100.76831604695782], [-179.57663330554482, 100.9793507215485], [-180.27077421550322, 101.47914479518988], [-180.78928395559552, 102.0566776161017], [-181.09034942503635, 102.57867427666282], [-181.26596271066919, 103.21172933354298], [-181.32449351855553, 103.70040148667535], [-181.6924860813571, 103.38943844561287], [-182.3949831957894, 104.15578058403501], [-189.98027083994975, 112.39674033512861], [-195.7173148208975, 118.54970134582514], [-191.86175040357858, 122.15909774835683]]]}, "properties": {"id": "bw650740748", "height": null, "levels": 12, "osm_id": 650740748, "tags": {"building": "hotel", "name": "Majestic Hotel & Spa", "tourism": "hotel", "wikidata": "Q615575"}}}, {"type": "Feature", "geometry": {"type": "Polygon", "coordinates": [[[-186.97613452692804, 179.0113664932011], [-186.51614720126003, 179.4444946188201], [-176.47171056648077, 188.8955796302139], [-163.55923618084879, 175.87886489941675], [-149.76859455593814, 162.01808760895503], [-160.3315663922923, 152.01166979594254], [-162.12133656546686, 150.3124682270302], [-166.92193936991572, 145.74794841064613], [-170.4262162242997, 142.4050780016446], [-196.7362399340602, 169.9045792122907], [-189.6356982546616, 176.52365725675298], [-186.97613452692804, 179.0113664932011]]]}, "properties": {"id": "bw650740749", "height": null, "levels": 4, "osm_id": 650740749, "tags": {"building": "apartments"}}}, {"type": "Feature", "geometry": {"type": "Polygon", "coordinates": [[[-222.19307558399558, 195.571635579337], [-219.7511002522363, 193.11710116674837], [-214.5493521846016, 187.90815927934568], [-213.1527397946187, 186.519848877069], [-212.53388131196206, 185.90899225967635], [-211.7895786804184, 185.1648581868632], [-213.08590934979767, 183.96543161708624], [-212.90192977214969, 183.59892314573364], [-212.78486000217504, 183.08803665025687], [-212.78487402494437, 182.6104720535115], [-212.92706766260577, 181.95521317829883], [-213.26997683267945, 181.34438482604267], [-213.47906469824903, 181.07784330141627], [-212.63440422471885, 180.30038773066505], [-212.82676308352833, 180.12269492436977], [-219.71823679333963, 173.68133167389578], [-223.09707048616764, 170.52728738952493], [-223.40651792755736, 170.2496430918314], [-232.13797663514464, 162.0091519120643], [-234.3041177847291, 159.95458331363525], [-236.67919177104153, 162.46465108172924], [-237.5154848827179, 163.35317068893912], [-238.443722782525, 165.77434254705557], [-238.25084441721881, 181.72277228538087], [-236.59480678763953, 185.52102250339811], [-231.32583146746765, 190.59636454740834], [-224.35070969377048, 197.74850817403953], [-222.57777011413404, 195.96036276139824], [-222.19307558399558, 195.571635579337]]]}, "properties": {"id": "bw650740755", "height": null, "levels": 8, "osm_id": 650740755, "tags": {"building": "apartments"}}}, {"type": "Feature", "geometry": {"type": "Polygon", "coordinates": [[[-191.04008416811212, 200.52409188685957], [-192.88839330229723, 198.76936856208113], [-199.3951160534309, 192.65005402191605], [-202.49793930116303, 189.76254013484535], [-203.3677335872901, 188.9629214397406], [-206.46219648517584, 186.08651518624148], [-208.14314797206143, 187.8524416764476], [-211.3379790453497, 184.72059886442273], [-211.7895786804184, 185.1648581868632], [-212.53388131196206, 185.90899225967635], [-213.1527397946187, 186.519848877069], [-214.5493521846016, 187.90815927934568], [-219.7511002522363, 193.11710116674837], [-222.19307558399558, 195.571635579337], [-222.57777011413404, 195.96036276139824], [-224.35070969377048, 197.74850817403953], [-215.93708689213636, 206.54432635171102], [-204.93085802790054, 216.98379142709808], [-197.59655922855418, 209.94228612499506], [-189.53467487481868, 201.94564003330262], [-191.04008416811212, 200.52409188685957]]]}, "properties": {"id": "bw650740759", "height": null, "levels": 10, "osm_id": 650740759, "tags": {"building": "office"}}}, {"type": "Feature", "geometry": {"type": "Polygon", "coordinates": [[[-122.21144997041937, 181.30895861140766], [-121.07403650798165, 182.39734255176432], [-124.34399141397162, 185.66260703187893], [-123.25675785807428, 186.72877918972856], [-121.18265130841897, 188.78338260548642], [-109.49945071589968, 176.9662494233229], [-110.49468725193682, 175.97781688655814], [-111.91640872529209, 177.51048786003741], [-115.1697482289791, 174.18979900126166], [-119.27601537704389, 178.34356675590314], [-120.61410546441151, 179.69853961222117], [-122.21144997041937, 181.30895861140766]]]}, "properties": {"id": "bw650750290", "height": null, "levels": 1, "osm_id": 650750290, "tags": {"building": "apartments"}}}, {"type": "Feature", "geometry": {"type": "Polygon", "coordinates": [[[-157.94710803377973, 194.98132434980496], [-155.71409044151912, 197.18029444496932], [-147.5263695078322, 205.30982766538918], [-136.2948357590764, 194.28119708844403], [-146.18868059193022, 184.55239943842602], [-146.77411606713858, 183.97489129392162], [-155.36330109615534, 175.52328764458375], [-166.40248066170702, 186.5852614904766], [-157.94710803377973, 194.98132434980496]]]}, "properties": {"id": "bw650750297", "height": null, "levels": 2, "osm_id": 650750297, "tags": {"building": "residential"}}}, {"type": "Feature", "geometry": {"type": "Polygon", "coordinates": [[[-93.13245042324198, 193.06994309281643], [-92.69755930071852, 193.49197135289037], [-90.42274457597354, 195.7353856397639], [-88.87557461957172, 194.18050499396168], [-89.12647688421907, 193.6363065480675], [-88.80031207238788, 193.6807271581158], [-88.14798786444605, 193.3253222791199], [-87.74656310586042, 192.64784203988995], [-87.59603620255281, 191.78156023913823], [-87.83021476807984, 191.01523847957077], [-87.2364285901602, 190.99301899984872], [-87.26171421510124, 174.71139840905246], [-87.83041385246675, 174.58923759372402], [-87.4958930286409, 173.9672889630786], [-87.39554175292662, 173.36755547778054], [-87.70498911576016, 172.65676540893898], [-88.29878329030072, 172.14588957201602], [-88.68349344950944, 171.94598351104167], [-89.12674501845817, 171.83492741751408], [-88.6416810605829, 171.64611686292605], [-89.05148348476337, 171.23519421829465], [-92.09565391027796, 174.2894244062009], [-94.30351209449462, 176.51068345571085], [-93.15773800916789, 177.66570857987622], [-93.22460292814175, 180.8309631426945], [-93.98565351022826, 180.88650374080473], [-96.32738080927794, 178.5542422863729], [-98.60214094868408, 180.85324662401572], [-100.28312085455183, 182.55251116067868], [-94.83860859423513, 187.87228536367093], [-96.5697655684913, 189.67150509446788], [-93.13245042324198, 193.06994309281643]]]}, "properties": {"id": "bw650750300", "height": null, "levels": 7, "osm_id": 650750300, "tags": {"building": "office"}}}, {"type": "Feature", "geometry": {"type": "Polygon", "coordinates": [[[-108.57112125169157, 177.87694002700582], [-102.90078925277875, 183.46325243639546], [-101.16963221214681, 181.67513736366897], [-100.28312085455183, 182.55251116067868], [-98.60214094868408, 180.85324662401572], [-96.32738080927794, 178.5542422863729], [-97.33934099438926, 177.62133892935668], [-95.24020387764668, 175.54446037033708], [-94.30351209449462, 176.51068345571085], [-92.09565391027796, 174.2894244062009], [-89.05148348476337, 171.23519421829465], [-91.5772036033388, 168.85850891560258], [-93.27495896562894, 167.09265221796386], [-94.70508851817209, 165.60444624912324], [-99.94875495299155, 170.80219634909741], [-99.04551523080012, 171.7351008171468], [-102.19003832196493, 174.8892919986526], [-103.1183675249843, 173.96749442702662], [-106.01199577434662, 176.8440298797311], [-108.67153483347687, 174.20080479296038], [-109.4074859714973, 174.94492813640815], [-110.49468725193682, 175.97781688655814], [-109.49945071589968, 176.9662494233229], [-108.57112125169157, 177.87694002700582]]]}, "properties": {"id": "bw650750307", "height": null, "levels": 6, "osm_id": 650750307, "tags": {"building": "apartments"}}}, {"type": "Feature", "geometry": {"type": "Polygon", "coordinates": [[[-173.811115403623, 234.76393100925668], [-170.9008122202306, 231.83183705515893], [-168.63445364815536, 229.55502234096622], [-166.5269898818003, 227.43369815134685], [-162.20334015428406, 223.07998765535044], [-167.5391543578945, 217.76026125510822], [-171.09341333784693, 221.29210128904555], [-172.86635995241429, 223.0580218664876], [-174.0120843610065, 224.20198316251967], [-178.74551144087377, 228.9222138973313], [-179.2138360599964, 229.38868394081373], [-180.1588479852438, 230.33273048446233], [-185.9710845675532, 236.11918370147276], [-183.06063899272326, 239.04002819143008], [-180.54327369270965, 241.52774362530468], [-178.29364690359583, 239.27313857989438], [-176.81340882550253, 237.7737714694459], [-173.811115403623, 234.76393100925668]]]}, "properties": {"id": "bw650750339", "height": null, "levels": 7, "osm_id": 650750339, "tags": {"building": "residential"}}}, {"type": "Feature", "geometry": {"type": "Polygon", "coordinates": [[[-166.97067990850658, 208.19784959343374], [-158.65750823011678, 216.47174749212581], [-147.5263695078322, 205.30982766538918], [-155.71409044151912, 197.18029444496932], [-157.94710803377973, 194.98132434980496], [-166.40248066170702, 186.5852614904766], [-177.50016689227732, 197.72499685521672], [-166.97067990850658, 208.19784959343374]]]}, "properties": {"id": "bw650750361", "height": null, "levels": 2, "osm_id": 650750361, "tags": {"building": "apartments"}}}, {"type": "Feature", "geometry": {"type": "Polygon", "coordinates": [[[-108.67153483347687, 174.20080479296038], [-106.01199577434662, 176.8440298797311], [-103.1183675249843, 173.96749442702662], [-99.94875495299155, 170.80219634909741], [-94.70508851817209, 165.60444624912324], [-97.39808001691425, 162.99453596930766], [-100.74341594577018, 159.5960988745144], [-103.8963063098742, 162.78360931206475], [-106.66449174470239, 165.5712939518326], [-108.33710992232335, 167.28166634370731], [-108.85562168738089, 167.79255715868837], [-109.11487720800595, 168.07021488649963], [-111.5485352391916, 170.5247117902126], [-111.96668936942746, 170.94675206134087], [-113.7647514697139, 172.76818919283286], [-110.49468725193682, 175.97781688655814], [-109.4074859714973, 174.94492813640815], [-108.67153483347687, 174.20080479296038]]]}, "properties": {"id": "bw650750368", "height": null, "levels": 7, "osm_id": 650750368, "tags": {"building": "apartments"}}}, {"type": "Feature", "geometry": {"type": "Polygon", "coordinates": [[[-51.51699331273017, 226.63232476809577], [-50.38797625109969, 225.48838295161178], [-45.29485015588514, 220.3684122843896], [-43.630592309639, 218.69137281235527], [-42.4932096071224, 217.5474321890458], [-48.11328856626026, 212.08323957456437], [-52.20290684089578, 207.84071709896165], [-55.19693048163019, 206.68569928821267], [-71.34621368656205, 206.74137105833793], [-74.52420447363237, 208.12967227423283], [-88.56579333604236, 222.27907044149183], [-78.23718798949716, 232.56325034295512], [-76.64817455605409, 234.12920111628574], [-68.81183891499674, 241.90343052348805], [-67.69953226774845, 243.00292933789683], [-62.439169730509924, 237.68303414134112], [-60.557480111058894, 235.7838657799324], [-55.74035038222422, 230.89711923867893], [-58.59220668757572, 227.87626778922356], [-54.218311640940975, 223.76695670682616], [-51.51699331273017, 226.63232476809577]]]}, "properties": {"id": "bw650766258", "height": null, "levels": 7, "osm_id": 650766258, "tags": {"building": "retail"}}}, {"type": "Feature", "geometry": {"type": "Polygon", "coordinates": [[[224.34460887314177, -145.49818507133423], [228.81929582550623, -150.97337596511753], [221.2421500786468, -159.53645097237802], [220.63999227900638, -160.22505046960288], [218.6661229391701, -158.20379145719372], [225.87528066693528, -149.89617199940736], [223.19883361245513, -146.63104751230202], [224.34460887314177, -145.49818507133423]]]}, "properties": {"id": "bw667639852", "height": null, "levels": 1, "osm_id": 667639852, "tags": {"building": "apartments"}}}, {"type": "Feature", "geometry": {"type": "Polygon", "coordinates": [[[148.42202993258982, -242.16803969804914], [151.72560884474726, -238.42520007947442], [152.2190543612003, -237.85877628287298], [156.59315399088638, -232.89423578117083], [159.01856058988835, -230.15096486432037], [159.5872763340366, -229.5067958829709], [164.15372523041106, -224.3201235879129], [164.53008048833925, -223.88697534756628], [167.45728762614837, -220.56617054692273], [170.92811534716404, -216.62340754545338], [179.17489862123915, -225.30821482294186], [172.60121495059275, -232.0609112676702], [151.61719877366153, -253.61840998297706], [147.6443529849698, -249.34262585652203], [144.7922706580191, -246.26628098219183], [146.63224132161452, -244.1893946976326], [148.42202993258982, -242.16803969804914]]]}, "properties": {"id": "bw667639863", "height": null, "levels": 6, "osm_id": 667639863, "tags": {"building": "apartments"}}}, {"type": "Feature", "geometry": {"type": "Polygon", "coordinates": [[[136.3530495361896, -232.77247722144844], [139.1799165424312, -229.84040089305248], [142.2242323658835, -226.68619626018548], [144.35692433400075, -224.46492483777422], [149.9019175626419, -218.70072231138263], [150.42881698581445, -218.15651022010363], [151.88406244557672, -216.6460439543499], [154.7109168784425, -213.71396149579843], [156.05743543398557, -212.31455816609193], [157.66322092071638, -210.64860143241413], [160.88329977117928, -213.91373774433944], [167.45728762614837, -220.56617054692273], [164.53008048833925, -223.88697534756628], [164.15372523041106, -224.3201235879129], [159.5872763340366, -229.5067958829709], [159.01856058988835, -230.15096486432037], [156.59315399088638, -232.89423578117083], [152.2190543612003, -237.85877628287298], [151.72560884474726, -238.42520007947442], [148.42202993258982, -242.16803969804914], [146.63224132161452, -244.1893946976326], [144.7922706580191, -246.26628098219183], [140.0583213379552, -241.16865300819714], [134.26217025244168, -234.94932090025634], [136.3530495361896, -232.77247722144844]]]}, "properties": {"id": "bw667639890", "height": null, "levels": 9, "osm_id": 667639890, "tags": {"building": "office"}}}, {"type": "Feature", "geometry": {"type": "Polygon", "coordinates": [[[222.88915712395467, -139.34542412874595], [220.78996484434708, -141.44455031436883], [216.83386487078525, -137.10216596504364], [215.72147395847685, -135.880522898835], [216.64143873229244, -134.9586851841439], [216.59958605247903, -133.79254090749282], [218.7322955979856, -133.81468915009194], [218.7992393178468, -134.98083265702152], [222.88915712395467, -139.34542412874595]]]}, "properties": {"id": "bw667639891", "height": null, "levels": 1, "osm_id": 667639891, "tags": {"building": "apartments"}}}, {"type": "Feature", "geometry": {"type": "Polygon", "coordinates": [[[236.26372595099483, -176.75050515568947], [237.28405374435008, -175.73981243035328], [241.7417125758423, -171.34163082293054], [246.07391648488166, -167.0767244701055], [246.38335921038512, -166.76574183053154], [249.4443340503643, -163.7558711940022], [252.2125905604566, -161.03476927461486], [254.2699633965234, -158.99116625542405], [258.3261644264032, -155.01502201019133], [267.2504448962974, -163.99957170897682], [273.8495755199323, -170.64080145943092], [271.616573684357, -172.8065842013409], [267.59382157160525, -176.70499150924633], [265.34408917226756, -178.88187906288783], [261.71440685281607, -182.40265966892127], [257.5912837473418, -186.38991416562845], [257.03094017789465, -186.93413526059547], [252.19692808937248, -191.6322052375754], [251.51113308977676, -192.28749173495575], [245.6735105246803, -197.96293299527494], [230.4762867442078, -182.45925111957246], [236.26372595099483, -176.75050515568947]]]}, "properties": {"id": "bw667639905", "height": null, "levels": 7, "osm_id": 667639905, "tags": {"building": "retail"}}}, {"type": "Feature", "geometry": {"type": "Polygon", "coordinates": [[[197.38908462022843, -156.0275972753355], [201.89718826936596, -160.6476304387146], [203.02630597883925, -161.8026382267974], [204.0885130759507, -162.87990469077764], [207.21659041628885, -166.08949251547844], [205.45192056175952, -167.85542017832375], [209.90148951562043, -172.4088130536602], [207.91101530299684, -174.66341830867268], [206.29679151900464, -173.01975465269672], [204.18085808134214, -175.14108868582906], [205.92053985198635, -176.91802301135507], [202.60865396728641, -180.68310022395332], [200.63478439273493, -178.6729425117311], [198.51048402882077, -180.79427510243227], [200.61817552080007, -182.9488095946198], [197.30628412551232, -186.71388434864116], [194.97276843336974, -184.32612589689202], [192.75646606192942, -186.4918838455556], [195.30743873716196, -188.9795924666514], [193.19986845498966, -191.37857668828974], [190.79107820862876, -188.92418203219978], [190.07178728225202, -188.2023013812068], [187.60445176928346, -185.67016416110414], [181.19775245321824, -179.13991270707314], [179.8679037954451, -177.7849958846392], [183.0878158829522, -174.63076946801644], [180.63721547726803, -172.13194784087707], [177.45075869773535, -175.31949080358652], [176.68128715798844, -174.53097315374717], [174.02995759448504, -171.83224353318636], [168.51820943733486, -166.22376941284162], [188.1721631844112, -146.5765108477108], [190.14602085277122, -148.59777820172002], [194.31956286458202, -152.88464047440283], [197.38908462022843, -156.0275972753355]]]}, "properties": {"id": "bw667639907", "height": null, "levels": 6, "osm_id": 667639907, "tags": {"building": "retail"}}}, {"type": "Feature", "geometry": {"type": "Polygon", "coordinates": [[[226.4770168215079, -135.758027149145], [228.62638508909626, -133.5922608277243], [231.02665148192594, -131.1932567604422], [232.85821215315224, -129.34957758229675], [238.25288666804408, -134.791414729856], [241.715519040579, -138.27863049549146], [239.5076090250137, -140.4666149143928], [237.38333014675098, -142.55464058371254], [235.17541716023229, -144.7315175198709], [232.1562609091537, -147.69695629227303], [225.59900482631565, -140.97794400822934], [224.81285347066975, -141.7665049274636], [231.3617456023112, -148.47441203368007], [228.81929582550623, -150.97337596511753], [224.34460887314177, -145.49818507133423], [223.15693706387776, -144.0766348331181], [222.8474741623394, -143.73235377592124], [221.90235814508281, -142.68840488833567], [220.78996484434708, -141.44455031436883], [222.88915712395467, -139.34542412874595], [225.84140514947396, -136.37999126344297], [226.4770168215079, -135.758027149145]]]}, "properties": {"id": "bw667639970", "height": null, "levels": 6, "osm_id": 667639970, "tags": {"building": "apartments"}}}, {"type": "Feature", "geometry": {"type": "Polygon", "coordinates": [[[144.1138309179184, -196.95500467690735], [145.36840187827985, -198.22108035430497], [146.8069771819867, -199.67595658132737], [148.6051974084413, -201.50843414340181], [149.0484795894872, -201.95267090811635], [154.97843039089318, -207.93875957553126], [156.95229503092264, -209.9378234836767], [155.49705173620524, -211.4371846346255], [156.05743543398557, -212.31455816609193], [154.7109168784425, -213.71396149579843], [151.88406244557672, -216.6460439543499], [150.42881698581445, -218.15651022010363], [149.9019175626419, -218.70072231138263], [144.35692433400075, -224.46492483777422], [142.2242323658835, -226.68619626018548], [139.1799165424312, -229.84040089305248], [136.3530495361896, -232.77247722144844], [134.26217025244168, -234.94932090025634], [130.51516858808267, -230.91785828903537], [129.01804186391104, -229.3074938954641], [128.64167690847006, -229.32971287808908], [126.51721518876299, -224.26534757746538], [126.83503168084859, -224.09874982719495], [127.1777006225236, -210.33822839244075], [126.80132848551105, -209.89398912312186], [128.9339730175292, -205.01835313924872], [129.3437936735716, -205.1294073038698], [140.88540352357913, -193.68986098925143], [143.386179988073, -196.2220134210903], [144.1138309179184, -196.95500467690735]]]}, "properties": {"id": "bw667640054", "height": null, "levels": 9, "osm_id": 667640054, "tags": {"building": "apartments"}}}, {"type": "Feature", "geometry": {"type": "Polygon", "coordinates": [[[252.19692808937248, -191.6322052375754], [257.03094017789465, -186.93413526059547], [257.5912837473418, -186.38991416562845], [261.71440685281607, -182.40265966892127], [265.34408917226756, -178.88187906288783], [267.59382157160525, -176.70499150924633], [271.616573684357, -172.8065842013409], [273.8495755199323, -170.64080145943092], [281.43566355223516, -178.28154011409154], [285.34162724595615, -182.2240696024516], [283.32608206778264, -184.4564842313225], [281.7621515504551, -186.17799798714037], [278.79318954112046, -189.42110771495047], [277.4467014874534, -190.88717077896624], [275.0882547529423, -193.44167446444033], [270.72261585669327, -198.19526969041988], [270.0116780309873, -197.42897208396246], [269.30079317813585, -198.08426119287265], [263.7726161432597, -203.24882272942313], [255.47615379577832, -210.99010412214622], [250.62506551047335, -206.09246285143826], [244.07610760412462, -199.50674136866706], [245.6735105246803, -197.96293299527494], [251.51113308977676, -192.28749173495575], [252.19692808937248, -191.6322052375754]]]}, "properties": {"id": "bw667640113", "height": null, "levels": 10, "osm_id": 667640113, "tags": {"building": "office"}}}, {"type": "Feature", "geometry": {"type": "Polygon", "coordinates": [[[231.02665148192594, -131.1932567604422], [228.62638508909626, -133.5922608277243], [226.4770168215079, -135.758027149145], [225.84140514947396, -136.37999126344297], [222.28677327113397, -132.60401088065402], [212.8108588507344, -132.6820383584607], [210.09261364785675, -129.67235157419566], [207.76747056957683, -127.10689841910995], [209.21432416521967, -125.66305755327143], [229.26176721146265, -125.72908799316498], [232.85821215315224, -129.34957758229675], [231.02665148192594, -131.1932567604422]]]}, "properties": {"id": "bw667640119", "height": null, "levels": 6, "osm_id": 667640119, "tags": {"building": "apartments"}}}, {"type": "Feature", "geometry": {"type": "Polygon", "coordinates": [[[221.2421500786468, -159.53645097237802], [228.81929582550623, -150.97337596511753], [231.3617456023112, -148.47441203368007], [232.1562609091537, -147.69695629227303], [235.17541716023229, -144.7315175198709], [237.38333014675098, -142.55464058371254], [239.5076090250137, -140.4666149143928], [241.715519040579, -138.27863049549146], [253.8849420311222, -150.53940148007928], [255.04752157282005, -151.7166123068595], [258.3261644264032, -155.01502201019133], [254.2699633965234, -158.99116625542405], [252.2125905604566, -161.03476927461486], [249.4443340503643, -163.7558711940022], [246.38335921038512, -166.76574183053154], [246.07391648488166, -167.0767244701055], [241.7417125758423, -171.34163082293054], [237.28405374435008, -175.73981243035328], [236.26372595099483, -176.75050515568947], [230.4762867442078, -182.45925111957246], [228.8036149109419, -184.1141200270842], [237.72789497122045, -193.10981181704744], [235.243972491899, -195.46439599585088], [226.6625949889785, -186.26877982030152], [218.60817107360168, -177.87278007034686], [211.55742894104407, -170.52071987430799], [220.63999227900638, -160.22505046960288], [221.2421500786468, -159.53645097237802]]]}, "properties": {"id": "bw667640128", "height": null, "levels": 8, "osm_id": 667640128, "tags": {"building": "retail"}}}, {"type": "Feature", "geometry": {"type": "Polygon", "coordinates": [[[232.74409970024493, -222.06369778860056], [233.7477715091728, -223.05211251484536], [241.14149943519834, -230.4485637018793], [242.8310181270011, -232.12553536761013], [247.13845945755625, -236.44568061816648], [248.53524245211432, -237.8450072632179], [253.946735702756, -243.253512792453], [247.113832660544, -250.0618164420475], [245.90950078924706, -251.26132115732176], [239.92965251585574, -257.21441573035236], [237.2197228665645, -254.50460536619622], [235.30437202094728, -252.57219843283414], [234.5014304652092, -251.76147580972597], [233.28865459063107, -250.53983890553803], [231.12238714790016, -248.36310371922337], [227.14950638303114, -244.3761229310912], [226.48039021342746, -243.70977511230626], [222.70824848828713, -239.90048392341447], [219.93142026094935, -237.12403220054514], [218.79392477691894, -235.98013358122824], [206.0556724937276, -223.16401419098955], [220.32367743195104, -209.6252019654067], [232.74409970024493, -222.06369778860056]]]}, "properties": {"id": "bw667640135", "height": null, "levels": 6, "osm_id": 667640135, "tags": {"building": "apartments"}}}, {"type": "Feature", "geometry": {"type": "Polygon", "coordinates": [[[199.94787370893596, -139.0129089281771], [204.07123329784562, -143.2553424432352], [207.09893604150267, -146.35387176539965], [207.43348904409, -146.69815277515278], [211.77431641280947, -151.1404862868845], [212.54378961336792, -151.9401063868903], [213.84854789510428, -153.2616995665045], [204.0885130759507, -162.87990469077764], [203.02630597883925, -161.8026382267974], [201.89718826936596, -160.6476304387146], [197.38908462022843, -156.0275972753355], [194.31956286458202, -152.88464047440283], [190.14602085277122, -148.59777820172002], [188.1721631844112, -146.5765108477108], [194.95484438358497, -139.83489989661624], [197.89874168295728, -136.91390323335574], [199.94787370893596, -139.0129089281771]]]}, "properties": {"id": "bw667640142", "height": null, "levels": 6, "osm_id": 667640142, "tags": {"building": "apartments"}}}, {"type": "Feature", "geometry": {"type": "Polygon", "coordinates": [[[95.03414674500492, -54.98592424969694], [96.19668545046284, -56.18537303234764], [97.45122397187649, -57.473669581622296], [100.62939070548904, -60.772152456648456], [102.41083798614771, -62.615748260572126], [105.69773600626928, -66.01418269214315], [109.12681844435383, -69.54588726359391], [110.64063405410306, -71.11183131903323], [111.35154229677536, -71.85593241278526], [112.03735968953747, -72.56671537568823], [113.79372176118977, -74.37699028711253], [113.89408545433116, -74.48805020092298], [115.43299397303025, -76.07620514522763], [119.0126316820843, -79.77449481646619], [109.42820710962071, -89.6146936579545], [104.20093373436197, -84.21718243053675], [102.33584438534854, -82.28473912057562], [101.68348166364291, -81.61837937641829], [98.463487355255, -78.28657919054073], [95.85403961118129, -75.58781999695417], [92.60059640550945, -72.23380532073607], [85.21554195781165, -64.58175924056063], [83.10791894111505, -62.40497849126512], [88.62774998992656, -56.92958154508989], [92.8596148074255, -52.731404135654344], [95.03414674500492, -54.98592424969694]]]}, "properties": {"id": "bw671275622", "height": null, "levels": 6, "osm_id": 671275622, "tags": {"building": "apartments"}}}, {"type": "Feature", "geometry": {"type": "Polygon", "coordinates": [[[118.70453895094646, -162.61525859932541], [115.91114144528579, -165.3696283592022], [112.29801020692015, -161.7712934968828], [115.13322425388711, -158.92807527076397], [116.22887295484573, -160.04977867464302], [118.70453895094646, -162.61525859932541]]]}, "properties": {"id": "bw671275625", "height": null, "levels": 2, "osm_id": 671275625, "tags": {"building": "apartments"}}}, {"type": "Feature", "geometry": {"type": "Polygon", "coordinates": [[[157.30890547635764, -70.50013040283731], [159.40809510209738, -68.37881007173904], [158.70554624047634, -67.6569258036923], [161.7581521434719, -64.64709191481451], [162.9959203610681, -63.425387780729054], [165.22891968305262, -61.204107387911186], [171.10022244918432, -67.11244247516125], [175.50788755232324, -71.54369052866495], [171.21751514330427, -75.74191746015485], [169.95465597239732, -76.97472971216288], [169.3691970513998, -76.3750113784112], [166.1827779301347, -79.58476216597039], [166.75987181102997, -80.11784405391388], [164.20069698395284, -82.62789211869534], [153.9802749241109, -72.33271647085917], [154.76642645392062, -71.54416314757943], [156.59799240791557, -69.74492766687852], [157.30890547635764, -70.50013040283731]]]}, "properties": {"id": "bw671275647", "height": null, "levels": 6, "osm_id": 671275647, "tags": {"building": "apartments"}}}, {"type": "Feature", "geometry": {"type": "Polygon", "coordinates": [[[137.37184326796188, -149.67626697565262], [138.57622208877012, -150.8757079867362], [139.46277929606427, -151.7752889365941], [144.59812372363325, -156.95065304632942], [146.89815850459624, -159.28289775949565], [136.24313981513495, -169.90058276232284], [132.84745231088078, -166.43552784515788], [132.40417329511988, -165.99129006500576], [129.80304592771864, -163.34807404848593], [128.84121474628398, -162.3707502414555], [127.06810040189004, -160.56047951924222], [126.73355057729034, -160.21619480746148], [125.06916590705123, -158.5169831613581], [121.48112318658822, -154.85201552197665], [120.38547464291888, -153.74141904921868], [118.80473025713512, -152.13105374005414], [129.44302360139017, -141.64666815201582], [132.1695989221256, -144.41204972540515], [137.37184326796188, -149.67626697565262]]]}, "properties": {"id": "bw671275661", "height": null, "levels": 6, "osm_id": 671275661, "tags": {"building": "apartments"}}}, {"type": "Feature", "geometry": {"type": "Polygon", "coordinates": [[[127.2751438791022, -44.03476648655493], [128.29546779141359, -43.00187659563092], [128.73872305285622, -42.54651660747493], [131.02190517077594, -40.21418429334575], [132.65274864098504, -38.548232196407945], [134.36722485563178, -36.82674742942055], [137.67072585889255, -33.52815899349913], [145.99252581533605, -41.902032902795185], [151.38706954961242, -47.32172315246656], [149.1373440147181, -49.57631812139393], [148.3679209641088, -50.353764368388944], [147.89957627973828, -50.82023221458913], [146.4359986964481, -52.275167496316165], [144.78006466729568, -53.93001701208615], [144.4873491238947, -54.22988888396949], [141.96163006183812, -56.762140828689496], [140.88276268778367, -57.83945835558333], [128.10314140152497, -44.87881925652334], [127.35880659050879, -45.63405053519989], [129.984981416598, -48.288373615966506], [133.34715689059158, -51.675688084259626], [138.9256978885646, -57.250870227999606], [140.19697093021216, -58.52805290662174], [138.24831799357875, -60.48277259621419], [137.0355899294109, -59.23890692112135], [136.50868055370276, -58.6947155549655], [131.49886379587022, -53.53044879059233], [130.18577421713795, -52.16441613390168], [128.2035954774038, -50.109813841923035], [124.95014835402537, -46.733601255887784], [124.7912394830233, -46.55590560296836], [127.2751438791022, -44.03476648655493]]]}, "properties": {"id": "bw671275685", "height": null, "levels": 7, "osm_id": 671275685, "tags": {"building": "apartments"}}}, {"type": "Feature", "geometry": {"type": "Polygon", "coordinates": [[[134.36722485563178, -36.82674742942055], [132.65274864098504, -38.548232196407945], [131.02190517077594, -40.21418429334575], [128.73872305285622, -42.54651660747493], [128.29546779141359, -43.00187659563092], [127.2751438791022, -44.03476648655493], [125.92023855678741, -42.61320302357456], [124.06355009053226, -42.57991659647063], [122.48288300226487, -44.157016707124484], [121.16979663553217, -42.77987624620641], [114.42873788245798, -35.772005462354066], [112.2458418836657, -33.495278929070885], [115.07264320278409, -30.70759103197196], [134.82709985218906, -30.65171969225174], [137.1187275407797, -32.96175582713335], [137.67072585889255, -33.52815899349913], [134.36722485563178, -36.82674742942055]]]}, "properties": {"id": "bw671275689", "height": null, "levels": 6, "osm_id": 671275689, "tags": {"building": "apartments"}}}, {"type": "Feature", "geometry": {"type": "Polygon", "coordinates": [[[117.24907750407274, -150.53179382256764], [112.43994098751799, -145.63405892058552], [110.7588355259486, -143.9126319145758], [121.3218565567681, -133.439365410336], [121.56440381920073, -133.67259045189797], [123.1702360564442, -135.31627322415875], [126.44044789830859, -138.61474281493898], [127.83718873475432, -140.01409293401773], [117.24907750407274, -150.53179382256764]]]}, "properties": {"id": "bw671275708", "height": null, "levels": 1, "osm_id": 671275708, "tags": {"building": "apartments"}}}, {"type": "Feature", "geometry": {"type": "Polygon", "coordinates": [[[133.0881463185401, -65.66944083377065], [134.618635507528, -64.12565784490135], [136.48365746948423, -62.27089605798447], [138.24831799357875, -60.48277259621419], [140.19697093021216, -58.52805290662174], [140.88276268778367, -57.83945835558333], [141.96163006183812, -56.762140828689496], [144.4873491238947, -54.22988888396949], [144.78006466729568, -53.93001701208615], [146.4359986964481, -52.275167496316165], [147.89957627973828, -50.82023221458913], [148.3679209641088, -50.353764368388944], [149.1373440147181, -49.57631812139393], [151.38706954961242, -47.32172315246656], [159.70890070378238, -55.67336883185789], [165.22891968305262, -61.204107387911186], [162.9959203610681, -63.425387780729054], [161.7581521434719, -64.64709191481451], [158.70554624047634, -67.6569258036923], [158.3291972922322, -68.02343695313753], [156.59799240791557, -69.74492766687852], [154.76642645392062, -71.54416314757943], [153.9802749241109, -72.33271647085917], [152.49160396552722, -73.79875960850605], [150.22514332916387, -76.04224902501315], [148.30994102320957, -77.9303337799158], [146.79617771335, -79.41858854570054], [139.8543371178176, -72.4551704721863], [135.25450071325824, -77.00877883342879], [134.71086277042878, -76.44237536682206], [128.60539746235986, -70.14529983167583], [133.0881463185401, -65.66944083377065]]]}, "properties": {"id": "bw671275714", "height": null, "levels": 11, "osm_id": 671275714, "tags": {"building": "apartments"}}}, {"type": "Feature", "geometry": {"type": "Polygon", "coordinates": [[[95.25989935636255, -50.33244472992213], [98.53833482921566, -47.10051142910012], [100.07719107173757, -45.56784172243942], [102.54437790736776, -43.12445435571238], [104.6854556453538, -45.34565363248863], [105.93999396182997, -46.64505488515312], [107.15271474562613, -47.90003193762398], [110.23051838068189, -51.08745064235769], [111.42651353961519, -52.3313210766945], [115.30722785859933, -56.36279255776967], [118.7446742561936, -59.916704795452326], [120.19994483082576, -61.438223241548236], [120.60139892819035, -61.86025023976043], [121.81412461017871, -63.10411865950878], [123.38648733064527, -64.74780212784704], [125.0090320660807, -66.41369668403107], [115.43299397303025, -76.07620514522763], [113.89408545433116, -74.48805020092298], [113.79372176118977, -74.37699028711253], [112.03735968953747, -72.56671537568823], [111.35154229677536, -71.85593241278526], [110.64063405410306, -71.11183131903323], [109.12681844435383, -69.54588726359391], [105.69773600626928, -66.01418269214315], [102.41083798614771, -62.615748260572126], [100.62939070548904, -60.772152456648456], [97.45122397187649, -57.473669581622296], [96.19668545046284, -56.18537303234764], [95.03414674500492, -54.98592424969694], [92.8596148074255, -52.731404135654344], [95.25989935636255, -50.33244472992213]]]}, "properties": {"id": "bw671275717", "height": null, "levels": 10, "osm_id": 671275717, "tags": {"building": "office"}}}, {"type": "Feature", "geometry": {"type": "Polygon", "coordinates": [[[121.48112318658822, -154.85201552197665], [125.06916590705123, -158.5169831613581], [126.73355057729034, -160.21619480746148], [127.06810040189004, -160.56047951924222], [126.28193426672533, -161.23796825231705], [129.10888190791044, -164.16994135447442], [129.80304592771864, -163.34807404848593], [132.40417329511988, -165.99129006500576], [132.84745231088078, -166.43552784515788], [136.24313981513495, -169.90058276232284], [131.6432396934415, -174.47640042696017], [128.31458124328145, -177.79719812237326], [124.63452723656839, -174.110021486211], [121.79921504103591, -171.2446837110394], [124.45043225484706, -168.54584488632932], [125.31186794524965, -167.64623211305474], [122.59365028877598, -164.89195406616733], [121.74057744327087, -165.74714179163408], [119.81691632681253, -163.75917347414068], [118.70453895094646, -162.61525859932541], [116.22887295484573, -160.04977867464302], [115.13322425388711, -158.92807527076397], [118.87168994533896, -155.24077395317295], [120.38547464291888, -153.74141904921868], [121.48112318658822, -154.85201552197665]]]}, "properties": {"id": "bw671275718", "height": null, "levels": 6, "osm_id": 671275718, "tags": {"building": "apartments"}}}, {"type": "Feature", "geometry": {"type": "Polygon", "coordinates": [[[60.568772770642525, -114.73737445818783], [54.764426212713, -108.35138538665416], [55.985492091586735, -107.02974440428994], [57.081124142166914, -108.19588143408747], [61.95710910116122, -113.37130648990377], [61.59747987401102, -113.72670630020923], [60.568772770642525, -114.73737445818783]]]}, "properties": {"id": "bw671275727", "height": null, "levels": 8, "osm_id": 671275727, "tags": {"building": "apartments"}}}, {"type": "Feature", "geometry": {"type": "Polygon", "coordinates": [[[117.08931316515579, -97.53325787582723], [122.7180620743945, -103.34168039961808], [121.40500996352358, -104.65222802685074], [119.9580950907523, -103.19734668086168], [111.5779680513994, -111.57151639759986], [107.3626801177555, -107.2179699301756], [103.94194392645531, -103.66405231648041], [97.23430018345029, -96.72280261799581], [94.5328462540053, -93.9240889228122], [104.20093373436197, -84.21718243053675], [109.42820710962071, -89.6146936579545], [117.08931316515579, -97.53325787582723]]]}, "properties": {"id": "bw671275729", "height": null, "levels": 1, "osm_id": 671275729, "tags": {"building": "apartments"}}}, {"type": "Feature", "geometry": {"type": "Polygon", "coordinates": [[[142.09598091177148, -84.06105242247442], [139.7207907949057, -86.43781443248129], [132.2938538057285, -78.74139270617275], [134.71086277042878, -76.44237536682206], [135.25450071325824, -77.00877883342879], [142.09598091177148, -84.06105242247442]]]}, "properties": {"id": "bw671275731", "height": null, "levels": 1, "osm_id": 671275731, "tags": {"building": "office"}}}, {"type": "Feature", "geometry": {"type": "Polygon", "coordinates": [[[48.04846111745044, -101.32124109316243], [50.85862675549603, -104.26435124967233], [51.34371512273328, -104.77523065478906], [53.43461393551695, -106.96312677027694], [51.37719924275577, -109.006672941959], [49.62923201287782, -110.71703196107335], [56.98920473337817, -118.30247705786259], [55.7932270978208, -119.53526880780385], [54.480160452139515, -120.91244116365824], [53.63543539256122, -120.02395561467745], [45.59811807127207, -128.38694012308778], [46.384298065081175, -129.25321467556972], [44.47741841065558, -131.17459022381618], [43.05562158561782, -132.61839803836583], [42.87998788276044, -132.80720359436688], [40.897834715235746, -134.80632166980408], [35.44476146163581, -128.95341043862595], [36.53192331379225, -108.96233838280894], [46.0579285548183, -99.24440425276487], [48.04846111745044, -101.32124109316243]]]}, "properties": {"id": "bw671275732", "height": null, "levels": 11, "osm_id": 671275732, "tags": {"building": "apartments"}}}, {"type": "Feature", "geometry": {"type": "Polygon", "coordinates": [[[87.1654716477368, -167.5024113729613], [88.6123570620034, -166.03638238346122], [89.27307322927679, -165.3588992876935], [91.73194004824562, -162.84887927986262], [92.56828904175687, -162.00480144473144], [97.4023830457974, -157.17356395362845], [98.74053963074762, -155.8519142954337], [100.63904811379574, -153.952736955121], [101.29139893415618, -153.30857131041154], [110.7588355259486, -143.9126319145758], [112.43994098751799, -145.63405892058552], [110.89270236113327, -147.15562499098635], [118.87168994533896, -155.24077395317295], [115.13322425388711, -158.92807527076397], [112.29801020692015, -161.7712934968828], [111.16057862835137, -162.91524421296185], [106.79484520947625, -167.3022380571762], [105.3814168312559, -168.71273945310637], [103.90108016824132, -170.2009845594882], [99.02516450618438, -175.08775759346517], [96.84229104401325, -177.27569807805125], [88.33659916963003, -185.80532767849888], [83.67800276774099, -180.80761680273477], [79.01104905694524, -175.79879683751366], [84.37206130681938, -170.3456181346909], [87.1654716477368, -167.5024113729613]]]}, "properties": {"id": "bw671275740", "height": null, "levels": 6, "osm_id": 671275740, "tags": {"building": "retail"}}}, {"type": "Feature", "geometry": {"type": "Polygon", "coordinates": [[[171.21751514330427, -75.74191746015485], [175.50788755232324, -71.54369052866495], [178.66100248320217, -74.71997208415866], [180.40901711506464, -76.48580645774953], [176.2524582349589, -80.58407766331078], [175.28231500956014, -81.5392299902253], [173.6514705989535, -83.16076697350698], [171.9955349355945, -84.78230417984503], [169.1269176410813, -87.6033334672614], [164.20069698395284, -82.62789211869534], [166.75987181102997, -80.11784405391388], [167.48751267880883, -80.81751465090966], [170.55684303438855, -77.6188721993726], [169.95465597239732, -76.97472971216288], [171.21751514330427, -75.74191746015485]]]}, "properties": {"id": "bw671275759", "height": null, "levels": 6, "osm_id": 671275759, "tags": {"building": "apartments"}}}, {"type": "Feature", "geometry": {"type": "Polygon", "coordinates": [[[70.50505766703822, -155.5190595535041], [71.1657747861755, -154.86379039362254], [72.23630349093771, -153.79758963923837], [73.68318952762789, -152.36488203862658], [74.87080652736192, -151.1876182263993], [77.87329963361272, -148.05565295996882], [80.9928794788933, -144.85704824248813], [81.62014062307833, -144.2239907858047], [82.23903820813392, -143.60203951672108], [82.56521398467228, -143.2799575256939], [84.82335276099813, -141.01427730884882], [86.83058608788818, -139.00404079045762], [87.14839788356093, -138.68195869038067], [105.21344837867777, -120.74528999637559], [114.87350414976002, -130.61850891512864], [114.92368480862707, -130.5740835288416], [114.96550331582662, -130.6185074571189], [116.70509422232908, -128.7748590940337], [118.46983409691799, -130.5518141326449], [121.3218565567681, -133.439365410336], [110.7588355259486, -143.9126319145758], [101.29139893415618, -153.30857131041154], [100.63904811379574, -153.952736955121], [98.74053963074762, -155.8519142954337], [97.4023830457974, -157.17356395362845], [92.56828904175687, -162.00480144473144], [91.73194004824562, -162.84887927986262], [89.27307322927679, -165.3588992876935], [88.6123570620034, -166.03638238346122], [87.1654716477368, -167.5024113729613], [84.37206130681938, -170.3456181346909], [79.01104905694524, -175.79879683751366], [65.11059057115435, -160.86116695247932], [67.29346897773672, -158.7065544118063], [70.50505766703822, -155.5190595535041]]]}, "properties": {"id": "bw671275765", "height": null, "levels": 6, "osm_id": 671275765, "tags": {"building": "retail"}}}, {"type": "Feature", "geometry": {"type": "Polygon", "coordinates": [[[-72.70998169297772, 149.82234881336825], [-71.25479299463927, 148.34521603394725], [-69.90832475581273, 146.97914612613496], [-69.36471935240958, 146.43493941724157], [-67.18193398783379, 144.22479445365124], [-68.69569514537173, 142.73658418088488], [-68.21899488016012, 142.23680280658607], [-67.00633586302806, 140.9817962377387], [-65.47584799443041, 142.49221901458174], [-64.22137240932504, 141.22610638205475], [-59.01111259220988, 135.95063957915238], [-58.04934624649543, 134.98439653696073], [-58.69332184433471, 134.36245718191967], [-57.63119688161751, 133.30736416378383], [-63.1760832250435, 127.84318335500328], [-64.22148156077249, 128.90938317963185], [-64.99090825025554, 128.16527782302478], [-65.94431131470017, 129.13152170079266], [-72.40904676388233, 135.6508949449946], [-70.10076673145832, 137.93873968472127], [-71.53086833689073, 139.38255350338184], [-73.87260114085011, 137.11692185971643], [-76.85824991338409, 140.13782642703643], [-78.25489711259475, 141.5483227641898], [-81.80923636042542, 145.13564934507656], [-84.36835851229458, 147.7123061308218], [-81.72554081123825, 150.73314941145728], [-77.45188574222391, 154.6202559841227], [-72.70998169297772, 149.82234881336825]]]}, "properties": {"id": "bw679013505", "height": null, "levels": 8, "osm_id": 679013505, "tags": {"building": "retail"}}}, {"type": "Feature", "geometry": {"type": "Polygon", "coordinates": [[[-117.12880499869875, 46.369125385337966], [-115.88264555219766, 47.579675813735975], [-113.68304418674141, 50.067418815253355], [-113.19796109491328, 50.622718777309714], [-110.65546615062729, 52.98828969879802], [-108.4976920999276, 54.99847043256178], [-108.02097490216393, 55.431603206958734], [-105.34466806920754, 57.91934167936967], [-101.64802234027496, 61.35108962487702], [-100.26805357846443, 62.63938395279349], [-87.37164263804715, 74.62275437090311], [-88.06578959708763, 75.35576877359816], [-82.58775237816323, 80.68665703135294], [-77.03445271534571, 86.08418558564776], [-73.14555303075116, 82.15256759349995], [-74.25788530667037, 81.04196374217894], [-73.63064301713554, 80.4089066983268], [-71.29730051519216, 78.07659153192148], [-69.34866594075837, 76.09967764303686], [-70.72026440312817, 74.70031580677167], [-68.92216757313054, 72.83446502954689], [-67.38330365461992, 74.12276413228588], [-64.40598676541417, 71.13518231060337], [-61.82174067019342, 68.5363203674793], [-63.84568421836686, 66.54833681629813], [-62.507564155985854, 65.01567626202967], [-70.68698010299907, 57.37471934494231], [-83.71720991776873, 45.21362268828239], [-85.23099410742365, 43.814265306063426], [-92.01375897666847, 37.472736072758025], [-92.35666111055671, 37.15066206006769], [-94.6231611032849, 35.04052263691208], [-98.2278190665058, 31.664300755445247], [-98.47872343394634, 31.431074995146062], [-100.35214325210107, 29.687435026200834], [-100.82886183943864, 29.243195613842616], [-106.89239303155226, 23.579145665935645], [-115.79924590067579, 32.94176756397752], [-123.03342844580891, 40.83836003419585], [-117.12880499869875, 46.369125385337966]]]}, "properties": {"id": "bw679013514", "height": null, "levels": 6, "osm_id": 679013514, "tags": {"building": "office", "name": "Casa Olano", "wikidata": "Q47170477"}}}, {"type": "Feature", "geometry": {"type": "Polygon", "coordinates": [[[-111.07276663476976, 109.55192637012347], [-108.4467353736357, 106.89751624214018], [-107.46824568217761, 105.8979479794475], [-105.82070235091206, 104.23200092641608], [-103.49574164745381, 101.86635696919161], [-101.98200716140923, 100.34479268749041], [-99.74067570228178, 98.06800034337304], [-98.14330800411022, 96.44648035486229], [-103.3369903363078, 91.25997963688718], [-103.96422893233552, 91.90414541259798], [-107.66075210233369, 95.74692792817368], [-111.61652921693242, 99.86737013941347], [-113.90803439442962, 102.25522847226377], [-114.30110262792198, 102.66616228529212], [-121.76939134158572, 110.4294842297078], [-119.72871723092712, 112.4396637695889], [-116.81824832961391, 115.38274660346396], [-111.07276663476976, 109.55192637012347]]]}, "properties": {"id": "bw679013516", "height": null, "levels": 6, "osm_id": 679013516, "tags": {"building": "apartments"}}}, {"type": "Feature", "geometry": {"type": "Polygon", "coordinates": [[[-100.26805357846443, 62.63938395279349], [-109.91919111426516, 72.7905462899544], [-110.32062737175136, 73.01267542008806], [-111.59184909347657, 73.25703021604036], [-107.33485747690213, 77.24407431535914], [-98.14345149400714, 85.85121153136015], [-88.06578959708763, 75.35576877359816], [-87.37164263804715, 74.62275437090311], [-100.26805357846443, 62.63938395279349]]]}, "properties": {"id": "bw679013518", "height": null, "levels": 1, "osm_id": 679013518, "tags": {"building": "retail"}}}, {"type": "Feature", "geometry": {"type": "Polygon", "coordinates": [[[-105.87072567688747, 114.93833230924801], [-104.48244168247768, 113.55004313414832], [-103.93047324752999, 112.99472758717891], [-102.02367259129761, 111.07333616652453], [-101.27098764328593, 110.32921341506128], [-98.40242080884776, 107.4526804959939], [-96.53743292909918, 105.5868218643525], [-94.45500115162267, 103.52105014369083], [-92.76563839579762, 101.8106809121354], [-98.14330800411022, 96.44648035486229], [-99.74067570228178, 98.06800034337304], [-101.98200716140923, 100.34479268749041], [-103.49574164745381, 101.86635696919161], [-105.82070235091206, 104.23200092641608], [-107.46824568217761, 105.8979479794475], [-108.4467353736357, 106.89751624214018], [-111.07276663476976, 109.55192637012347], [-116.81824832961391, 115.38274660346396], [-114.40958151931068, 118.11482163148119], [-111.55766644499153, 120.6358737396243], [-105.87072567688747, 114.93833230924801]]]}, "properties": {"id": "bw679013519", "height": null, "levels": 10, "osm_id": 679013519, "tags": {"building": "residential"}}}, {"type": "Feature", "geometry": {"type": "Polygon", "coordinates": [[[-46.93474232750929, 110.17317166934174], [-40.319349033685945, 116.77018624678716], [-37.72672029538574, 119.35790576662733], [-36.15441733412827, 120.9238652285346], [-34.55704071151362, 119.24682843530103], [-30.85209562024272, 122.8896296788355], [-32.524741791467974, 124.54445369749229], [-28.267822806883654, 128.78698606688417], [-26.06827724473876, 130.97488986188415], [-22.873522532270908, 127.7763071611292], [-20.924888240758563, 125.75498152992613], [-18.156654447567103, 123.03396673069135], [-15.062251815845128, 119.92423698421418], [-17.203254359791696, 117.79186051086774], [-17.604692477069197, 117.39203999350217], [-20.45657705136618, 114.54887250952063], [-21.485263260542343, 113.5160033316818], [-22.915379301176635, 114.98201980524122], [-26.678867987171394, 111.18372863407475], [-26.160346458550745, 110.65063143950758], [-28.56898134028376, 108.20728706813475], [-27.73265633183375, 107.29657934576072], [-29.229690526117093, 105.80836085319015], [-35.828357085522214, 99.22244233304487], [-36.221433963238404, 98.82262281766266], [-40.311108327380104, 94.73558051115283], [-44.43424072954094, 90.61522228948718], [-55.498809100483875, 101.64370740889609], [-46.93474232750929, 110.17317166934174]]]}, "properties": {"id": "bw679013535", "height": null, "levels": 8, "osm_id": 679013535, "tags": {"building": "apartments"}}}, {"type": "Feature", "geometry": {"type": "Polygon", "coordinates": [[[-74.13290454492217, 35.19577017803999], [-83.71720991776873, 45.21362268828239], [-70.68698010299907, 57.37471934494231], [-66.0370035669549, 52.710091986924695], [-60.7095950165755, 47.3679867243338], [-61.91392755136961, 46.26848796090931], [-73.17947170909889, 36.06204025381601], [-74.13290454492217, 35.19577017803999]]]}, "properties": {"id": "bw679013549", "height": null, "levels": 1, "osm_id": 679013549, "tags": {"building": "apartments"}}}, {"type": "Feature", "geometry": {"type": "Polygon", "coordinates": [[[-27.14722419095132, 107.86299088842422], [-23.350280411131894, 111.66128168783007], [-21.936890133063834, 110.27300825130449], [-19.026460194574003, 113.17170574069718], [-20.45657705136618, 114.54887250952063], [-17.604692477069197, 117.39203999350217], [-17.203254359791696, 117.79186051086774], [-15.062251815845128, 119.92423698421418], [-12.185291286313529, 117.04773813470568], [-8.338189394340125, 113.1494732564348], [-12.662012364144267, 108.79586787805336], [-14.008498488758333, 110.161927067122], [-18.77558207562695, 105.35297399276075], [-17.43745924589088, 103.98691394899676], [-22.396905512578247, 99.0002653364308], [-29.229690526117093, 105.80836085319015], [-27.73265633183375, 107.29657934576072], [-27.14722419095132, 107.86299088842422]]]}, "properties": {"id": "bw679013557", "height": null, "levels": 6, "osm_id": 679013557, "tags": {"building": "apartments"}}}, {"type": "Feature", "geometry": {"type": "Polygon", "coordinates": [[[-13.364562876333691, 90.01536619187368], [-12.99657807268949, 89.64886251446273], [-8.087322696812276, 84.76214860741814], [-0.3596227976036308, 77.0655810263206], [-4.96781542420776, 72.94520050326679], [-7.376456110907434, 70.09092162845305], [-13.071872851221693, 75.77727922636984], [-14.761260552298534, 77.45431135524692], [-15.907032915390019, 78.60935354357854], [-17.504423026052553, 80.19753690526451], [-19.31925804555203, 82.00784423279813], [-19.61197329508194, 82.29660496168968], [-21.000279567402334, 83.67377165757725], [-26.344417394278047, 88.99363578910794], [-26.687311676992667, 89.34903390135256], [-19.73738469302078, 96.36809959967127], [-13.364562876333691, 90.01536619187368]]]}, "properties": {"id": "bw679013567", "height": null, "levels": 7, "osm_id": 679013567, "tags": {"building": "apartments"}}}, {"type": "Feature", "geometry": {"type": "Polygon", "coordinates": [[[-36.42223450079327, 82.61874834845116], [-34.54886095545262, 80.75290569897558], [-32.72566610736829, 78.94259452566692], [-27.565518065732903, 73.7893187413415], [-26.50337969312478, 72.73423038614594], [-30.43415927138251, 68.82488051771136], [-29.397110538518387, 67.78089800384718], [-25.466330914384272, 71.70135457963833], [-24.14492964137615, 70.3797180357418], [-21.217773186587372, 67.4587910510421], [-17.487736136620455, 63.72711423248162], [-15.631079485621717, 61.872382721041014], [-26.378008512327447, 51.11055335377883], [-35.43556204427551, 41.9924419875213], [-37.175132146843254, 43.758328705714746], [-39.031787865120215, 45.62417183600073], [-41.23970157840742, 47.83430811951178], [-41.38187771887672, 47.98979504473424], [-43.56470007261698, 50.17771959884691], [-45.50498544081926, 52.13241411705929], [-42.98760197827377, 54.69791966277508], [-46.08202097320358, 57.729917956279145], [-48.41540960138451, 55.35321681233622], [-48.25650906078483, 54.89786355410951], [-48.716489980265344, 55.3643249812431], [-52.51342142371885, 59.17376136708461], [-53.70937028960431, 60.384340620030336], [-56.01763413623243, 62.7166498644661], [-56.301985451906745, 62.99430585172957], [-60.333080192218915, 67.04808353330222], [-61.82174067019342, 68.5363203674793], [-64.40598676541417, 71.13518231060337], [-44.43424072954094, 90.61522228948718], [-37.651635322345236, 83.85153746703539], [-36.42223450079327, 82.61874834845116]]]}, "properties": {"id": "bw679013568", "height": null, "levels": 11, "osm_id": 679013568, "tags": {"building": "office", "name": "Tresoreria de la Seguretat Social"}}}, {"type": "Feature", "geometry": {"type": "Polygon", "coordinates": [[[-50.48893272066765, 139.56007479703274], [-47.67049926109093, 142.39212463964697], [-45.16154125791229, 139.88211806476627], [-43.31325247928997, 141.70351582079024], [-45.83893676807466, 144.24684032753962], [-44.676438753932274, 145.41297910354984], [-42.55216276533423, 147.5453476516681], [-39.23197524786642, 144.11352771489487], [-34.73257153801139, 139.67104367552028], [-38.32042422600395, 136.07266831041306], [-40.461428842879606, 133.94029865409414], [-41.88319044953016, 132.5187192061155], [-46.332471583006374, 128.06517913920743], [-47.36952289741624, 127.02120751474273], [-55.230931076173526, 134.79556991523302], [-50.48893272066765, 139.56007479703274]]]}, "properties": {"id": "bw679013664", "height": null, "levels": 6, "osm_id": 679013664, "tags": {"building": "apartments"}}}, {"type": "Feature", "geometry": {"type": "Polygon", "coordinates": [[[-100.59386623632889, 88.39455387837027], [-98.14345149400714, 85.85121153136015], [-107.33485747690213, 77.24407431535914], [-109.73509199761595, 79.78741897719868], [-100.59386623632889, 88.39455387837027]]]}, "properties": {"id": "bw679013668", "height": null, "levels": 1, "osm_id": 679013668, "tags": {"building": "apartments"}}}, {"type": "Feature", "geometry": {"type": "Polygon", "coordinates": [[[-91.31880701821977, 100.36686277821921], [-90.6581149907437, 99.71159151665098], [-88.55895366192422, 97.61250284415247], [-77.03445271534571, 86.08418558564776], [-82.58775237816323, 80.68665703135294], [-88.2663743445623, 86.4397105404895], [-90.97605222594363, 89.1940696842994], [-96.7299296793791, 95.01376775778785], [-91.31880701821977, 100.36686277821921]]]}, "properties": {"id": "bw679013670", "height": null, "levels": 1, "osm_id": 679013670, "tags": {"building": "residential"}}}, {"type": "Feature", "geometry": {"type": "Polygon", "coordinates": [[[-88.2663743445623, 86.4397105404895], [-82.58775237816323, 80.68665703135294], [-88.06578959708763, 75.35576877359816], [-98.14345149400714, 85.85121153136015], [-100.59386623632889, 88.39455387837027], [-101.95706525136086, 89.82726650801803], [-96.7299296793791, 95.01376775778785], [-90.97605222594363, 89.1940696842994], [-90.86739538390414, 83.91864625063621], [-88.2663743445623, 86.4397105404895]]]}, "properties": {"id": "bw679013677", "height": null, "levels": 1, "osm_id": 679013677, "tags": {"building": "apartments"}}}, {"type": "Feature", "geometry": {"type": "Polygon", "coordinates": [[[-28.00870911326222, 90.64845864574727], [-36.221433963238404, 98.82262281766266], [-35.828357085522214, 99.22244233304487], [-29.229690526117093, 105.80836085319015], [-22.396905512578247, 99.0002653364308], [-21.07550862522707, 97.68973544536595], [-28.00870911326222, 90.64845864574727]]]}, "properties": {"id": "bw679013702", "height": null, "levels": 1, "osm_id": 679013702, "tags": {"building": "apartments"}}}, {"type": "Feature", "geometry": {"type": "Polygon", "coordinates": [[[-167.77411036092914, -177.5187384070734], [-166.31880649055827, -175.99722979103623], [-165.62461037482353, -175.28645227070868], [-164.46209425157798, -176.43041190054507], [-163.2158880896222, -175.1976577387884], [-164.39513042548361, -174.0092733380173], [-163.56711342277052, -173.14301259024617], [-161.97799110616594, -171.51044464034513], [-160.74856885027114, -172.77657279617912], [-159.41036279694364, -171.47718312899158], [-160.72342088232068, -170.19994719442232], [-160.4725075313288, -169.96672366256246], [-157.66227166241046, -167.01255016439458], [-146.54726282989, -177.84127697253507], [-149.6753225193956, -181.1175264399163], [-151.08038200573637, -179.7514411950314], [-152.35168007707472, -181.09525837922536], [-150.9382567181128, -182.45023789324492], [-152.1760998160054, -183.74963121076763], [-153.06266320162814, -184.67142274287687], [-154.47608659661063, -183.31644281885846], [-155.84775154728496, -184.76021256512126], [-154.43432812714738, -186.11519275397484], [-154.86088247381974, -186.55942953072733], [-156.508553794234, -188.28084691486424], [-158.69987419037085, -190.56866552867118], [-164.71319195988323, -184.76001650423837], [-169.90688365553274, -179.71770584822104], [-168.45994302768412, -178.21840976670953], [-167.77411036092914, -177.5187384070734]]]}, "properties": {"id": "bw679019066", "height": null, "levels": 9, "osm_id": 679019066, "tags": {"building": "office", "name": "Casa Dolors Calm", "wikidata": "Q23855569"}}}, {"type": "Feature", "geometry": {"type": "Polygon", "coordinates": [[[-106.49345588352172, -146.91135571980251], [-97.17629684427365, -137.09365203304785], [-93.63845906989505, -133.33982062788186], [-92.4257260467108, -132.06262918633098], [-83.11718918377318, -141.4696491359871], [-87.56666279423999, -145.8343127915848], [-97.6783625452904, -155.76307950856602], [-100.21249547760183, -153.25305557069436], [-102.36196987902072, -155.56310421726795], [-106.45170552218102, -151.50930144645662], [-104.31896010171248, -149.33252753047523], [-106.49345588352172, -146.91135571980251]]]}, "properties": {"id": "bw679019077", "height": null, "levels": 1, "osm_id": 679019077, "tags": {"building": "retail"}}}, {"type": "Feature", "geometry": {"type": "Polygon", "coordinates": [[[-87.56666279423999, -145.8343127915848], [-83.11718918377318, -141.4696491359871], [-81.77900270451777, -140.15913892132642], [-77.20408138283484, -135.6834115330516], [-75.99135179534893, -134.49506652828387], [-74.75353180012466, -133.29561543080374], [-73.83353063514616, -132.39602688074265], [-71.16552853740099, -129.7861088074084], [-68.70661927609282, -127.38720457236752], [-67.92880130919862, -126.62088769242365], [-66.49862050607122, -125.23263245375715], [-59.113543238034445, -118.02480633684084], [-50.77514940787091, -126.80983268697956], [-48.35809990947345, -129.5419616202858], [-55.667904828069744, -136.58320692646961], [-57.16499478657391, -138.0269944903335], [-58.42790356943454, -139.24866067651172], [-60.39335837207293, -141.13668968573327], [-63.93117969540463, -144.54624669352822], [-66.38172931298274, -146.91183411835533], [-72.02719945961086, -152.35379253989177], [-88.9552996172287, -168.87955188982048], [-90.54436494679365, -167.3135654451738], [-88.69598818306521, -165.63656005686065], [-96.34858162878076, -158.0065391013745], [-98.1467775552952, -159.75018012187118], [-99.93656220402839, -157.97317207161265], [-97.6783625452904, -155.76307950856602], [-87.56666279423999, -145.8343127915848]]]}, "properties": {"id": "bw679019119", "height": null, "levels": 7, "osm_id": 679019119, "tags": {"building": "apartments", "name": "Casa Mulleras", "tourism": "attraction", "wikidata": "Q15081105"}}}, {"type": "Feature", "geometry": {"type": "Polygon", "coordinates": [[[-143.76102220501082, -119.52295157566043], [-141.3774576775022, -121.91082030860242], [-138.95207466479002, -124.34311364394765], [-137.1037640504944, -126.17566327234817], [-134.1849376995423, -129.11884712101727], [-132.7297051102372, -130.5737793004905], [-143.8952766802009, -141.56865258258674], [-145.48432370474845, -139.9804417276101], [-150.14273631429464, -135.31576463297915], [-151.2550674097207, -134.20512671705603], [-152.50121237436582, -132.96121203754123], [-153.2539170974029, -132.2059781020155], [-158.62320673978084, -126.8415931061585], [-160.42133149589097, -125.04235754968926], [-154.36598726360629, -118.88968300993257], [-149.2724864805133, -114.00308450587994], [-146.87219849610443, -116.39095541202826], [-144.6308136612331, -118.64554856747196], [-143.76102220501082, -119.52295157566043]]]}, "properties": {"id": "bw679019120", "height": null, "levels": 7, "osm_id": 679019120, "tags": {"building": "apartments"}}}, {"type": "Feature", "geometry": {"type": "Polygon", "coordinates": [[[-156.508553794234, -188.28084691486424], [-154.86088247381974, -186.55942953072733], [-154.43432812714738, -186.11519275397484], [-153.06266320162814, -184.67142274287687], [-152.1760998160054, -183.74963121076763], [-150.9382567181128, -182.45023789324492], [-149.6753225193956, -181.1175264399163], [-146.54726282989, -177.84127697253507], [-145.02505288926665, -176.24202240556897], [-143.28538533374225, -174.42064887346658], [-138.2922096932783, -169.1897505273303], [-132.75560445358454, -174.72071537513145], [-136.44403069962786, -178.63001066698357], [-136.28512450262394, -178.76328742136974], [-137.48114583419698, -180.04047174848466], [-133.45831756033687, -183.93880455697928], [-133.57541052114084, -184.06097001612886], [-139.88170879002865, -190.64679618881328], [-140.2329887639117, -191.03550454208457], [-141.65483478074358, -192.51259442528752], [-142.29884796258773, -193.20116291555283], [-144.774534510804, -195.76663380326576], [-145.3516378495623, -196.38856647086448], [-146.67312027904876, -197.76570205074273], [-148.89789568508607, -200.08684135665234], [-154.00797207455906, -195.00011934636385], [-158.69987419037085, -190.56866552867118], [-156.508553794234, -188.28084691486424]]]}, "properties": {"id": "bw679019121", "height": null, "levels": 11, "osm_id": 679019121, "tags": {"building": "residential"}}}, {"type": "Feature", "geometry": {"type": "Polygon", "coordinates": [[[-176.89026928217717, -170.09961531614763], [-176.38844048160104, -169.5887447723877], [-174.62367449243126, -167.71184861768594], [-171.95561782699403, -164.87984484435512], [-168.12499417543702, -160.79287248053313], [-166.49405302099194, -159.0492449836254], [-166.35186811004763, -158.88265603664635], [-164.49510580931494, -156.916910314583], [-158.33127082140922, -162.9365795043208], [-156.05642410132347, -165.3466628224908], [-157.66227166241046, -167.01255016439458], [-160.4725075313288, -169.96672366256246], [-160.72342088232068, -170.19994719442232], [-161.97799110616594, -171.51044464034513], [-163.56711342277052, -173.14301259024617], [-164.39513042548361, -174.0092733380173], [-165.62461037482353, -175.28645227070868], [-166.31880649055827, -175.99722979103623], [-167.77411036092914, -177.5187384070734], [-168.45994302768412, -178.21840976670953], [-169.90688365553274, -179.71770584822104], [-174.63221766108438, -175.1640732064077], [-178.2953919941635, -171.59891076318772], [-176.89026928217717, -170.09961531614763]]]}, "properties": {"id": "bw679019123", "height": null, "levels": 10, "osm_id": 679019123, "tags": {"building": "residential"}}}, {"type": "Feature", "geometry": {"type": "Polygon", "coordinates": [[[-143.8952766802009, -141.56865258258674], [-142.49022389758775, -142.96805495987797], [-136.17584345179978, -149.2764682321292], [-122.00817135833753, -163.2926787280506], [-126.42423299349596, -167.97939721419905], [-132.75560445358454, -174.72071537513145], [-138.2922096932783, -169.1897505273303], [-145.8862101755716, -161.5929968635441], [-149.21485290330247, -158.26108486552806], [-154.7597956450873, -152.6856825325792], [-143.8952766802009, -141.56865258258674]]]}, "properties": {"id": "bw679019128", "height": null, "levels": 1, "osm_id": 679019128, "tags": {"building": "residential"}}}, {"type": "Feature", "geometry": {"type": "Polygon", "coordinates": [[[-126.55850485705498, -193.9899912949513], [-125.85594709179816, -193.2681039862568], [-125.97303486305186, -193.09040359958556], [-125.1115655548511, -192.21303292040818], [-123.8904540736169, -190.9691654474102], [-119.59161687681376, -195.13404272770777], [-122.37675665259121, -198.05491284153092], [-130.12999319843692, -206.06230954772855], [-136.26902936329893, -212.38159412143443], [-138.76971582224826, -209.96040672726488], [-140.51768573755766, -208.23892032807134], [-136.31905295056154, -203.9631340645239], [-133.09898918003213, -200.6757744943725], [-131.26731771914442, -198.79886910230456], [-126.55850485705498, -193.9899912949513]]]}, "properties": {"id": "bw679019135", "height": null, "levels": 7, "osm_id": 679019135, "tags": {"building": "residential"}}}, {"type": "Feature", "geometry": {"type": "Polygon", "coordinates": [[[-130.12999319843692, -206.06230954772855], [-122.37675665259121, -198.05491284153092], [-119.59161687681376, -195.13404272770777], [-119.3657950734583, -194.91192351331483], [-118.33708395775938, -195.88928130351405], [-117.24979296763303, -194.75647200023818], [-116.8650709710593, -195.07855647179377], [-116.70616423217564, -195.22293894005057], [-114.89964317172533, -196.74450991698342], [-116.36330583444153, -198.37709014277402], [-119.87609895203504, -202.2975026844056], [-120.68738732924164, -203.19708710190488], [-120.4448447820442, -203.3858956298665], [-120.60375735460121, -203.58580362753665], [-122.46888879503771, -205.87363856128047], [-123.01253718590364, -206.53999815106863], [-125.47150165937242, -209.53861557823487], [-125.87296561725452, -210.03838521268756], [-127.21117882009825, -211.6820715354392], [-128.62466691363804, -213.40349929842435], [-131.55201145477318, -216.97962591739775], [-134.24505964232645, -214.2585706521972], [-136.26902936329893, -212.38159412143443], [-130.12999319843692, -206.06230954772855]]]}, "properties": {"id": "bw679019138", "height": null, "levels": 9, "osm_id": 679019138, "tags": {"building": "retail"}}}, {"type": "Feature", "geometry": {"type": "Polygon", "coordinates": [[[-126.70725709472775, -91.42471438921184], [-127.25923974496358, -90.89160958381976], [-125.63668939747697, -89.2479278935594], [-125.09307007479943, -89.76992628333848], [-116.64578317445488, -81.17390804916734], [-111.94546642161878, -79.37478606804407], [-97.77769262918945, -79.19729268193137], [-93.56251440203324, -81.24087970904274], [-91.06186046661753, -83.91749341601552], [-93.06076365695448, -85.87215020300398], [-94.56621468008699, -87.36035464231522], [-99.56766376646188, -92.43579758852911], [-104.44366510225463, -97.37796507125131], [-104.56911985802496, -97.51123704373383], [-108.33276019534266, -101.20952920895502], [-108.859670212527, -101.7315102888518], [-110.04730878423315, -102.89763793824388], [-111.47749352205443, -104.28588463278928], [-115.82659718775976, -108.53947125376105], [-116.70475424150649, -107.66207144767066], [-117.86730426054298, -108.81709206043247], [-130.22002452654218, -96.48905587662091], [-129.11602014430494, -95.38956692271982], [-129.87708711979045, -94.64544137136808], [-126.70725709472775, -91.42471438921184]]]}, "properties": {"id": "bw679019154", "height": null, "levels": 9, "osm_id": 679019154, "tags": {"building": "apartments"}}}, {"type": "Feature", "geometry": {"type": "Polygon", "coordinates": [[[-72.02719945961086, -152.35379253989177], [-66.38172931298274, -146.91183411835533], [-63.93117969540463, -144.54624669352822], [-60.39335837207293, -141.13668968573327], [-58.42790356943454, -139.24866067651172], [-57.16499478657391, -138.0269944903335], [-55.667904828069744, -136.58320692646961], [-48.35809990947345, -129.5419616202858], [-40.24549536414096, -138.18259426437547], [-40.5884591140085, -148.43356669644052], [-42.369901630189204, -148.38913190992085], [-45.55642559368781, -148.32247569423726], [-49.21967353462932, -148.2447087080306], [-50.24839383004165, -148.222489353645], [-50.5829351267277, -147.94483333593257], [-50.917477880296694, -147.87819410723063], [-51.35238430067038, -147.91150948138625], [-52.09674464210255, -148.1447332695839], [-52.431289721042575, -148.40017225269696], [-52.84947152809945, -148.7777782344026], [-53.21747229482912, -149.21091529856298], [-53.51856592171999, -149.84396349663683], [-52.69894030518276, -150.59918753908156], [-60.02549859851391, -157.7292772752493], [-63.30405473015681, -160.95003213732724], [-71.44175415827279, -152.93131800631647], [-73.25666956076506, -154.6305404618023], [-71.54215063181275, -156.3186920108327], [-71.75960738615657, -156.66298043243032], [-72.02724570715715, -157.00726834984974], [-72.19452117805574, -157.37376955168904], [-72.34507125597774, -157.91796927643975], [-72.36180065782834, -158.14009205902644], [-72.33671597766599, -158.75093041907832], [-72.24472032934717, -159.1396464978892], [-71.96872836226524, -159.80601808952622], [-71.45019132292974, -160.39464903472717], [-71.24946646445113, -160.53903092586987], [-71.09892229786571, -160.59456314201745], [-70.83128899002448, -160.77226412138134], [-70.17893091892982, -161.0166057109804], [-69.62693403422449, -161.06103562495764], [-68.9829363211638, -160.97219260483158], [-68.48111922229319, -160.82781744645064], [-68.2971192859771, -160.73897000272734], [-67.53602755925226, -160.2503066486376], [-67.39384768786968, -160.38358174178495], [-69.05821947565717, -162.1050189212894], [-66.85025141099433, -164.4373305719015], [-70.1288137175519, -167.66918846055188], [-79.18669353893104, -176.58733136811736], [-80.19870184499794, -177.5868734808144], [-80.92632814350179, -176.85385968284996], [-88.75457555254386, -169.07946500220856], [-88.9552996172287, -168.87955188982048], [-72.02719945961086, -152.35379253989177]]]}, "properties": {"id": "bw679019157", "height": null, "levels": 5, "osm_id": 679019157, "tags": {"building": "apartments", "name": "Casa Lle\u00f3 Morera", "tourism": "attraction", "wikidata": "Q2330791"}}}, {"type": "Feature", "geometry": {"type": "Polygon", "coordinates": [[[-65.25278969276707, -162.86027220536184], [-63.30405473015681, -160.95003213732724], [-60.02549859851391, -157.7292772752493], [-52.69894030518276, -150.59918753908156], [-51.01787336916744, -152.498350802059], [-50.46587531447703, -152.29844400960138], [-50.24839383004165, -148.222489353645], [-49.21967353462932, -148.2447087080306], [-45.55642559368781, -148.32247569423726], [-42.369901630189204, -148.38913190992085], [-40.5884591140085, -148.43356669644052], [-40.79760515893242, -158.47352289961444], [-46.42633889855639, -164.07098732017124], [-55.09109338610098, -172.72261536648966], [-60.050754922507664, -177.70923604602527], [-64.80124597761397, -172.98908258360456], [-66.17286535246508, -171.61190793558043], [-68.99137445176413, -168.80202639930866], [-70.1288137175519, -167.66918846055188], [-66.85025141099433, -164.4373305719015], [-65.25278969276707, -162.86027220536184]]]}, "properties": {"id": "bw679019161", "height": null, "levels": 6, "osm_id": 679019161, "tags": {"building": "office"}}}, {"type": "Feature", "geometry": {"type": "Polygon", "coordinates": [[[-176.65546838343755, -144.66654331348767], [-175.00787674800623, -146.03263945202073], [-172.97556723734826, -147.70971653985617], [-169.84764964022153, -150.33084135955795], [-166.41028295184142, -153.20741332340342], [-166.2346506897556, -153.34069112296802], [-167.70667691336206, -154.85109327594844], [-167.41402340547563, -157.97192748788868], [-166.49405302099194, -159.0492449836254], [-168.12499417543702, -160.79287248053313], [-171.95561782699403, -164.87984484435512], [-174.62367449243126, -167.71184861768594], [-176.38844048160104, -169.5887447723877], [-176.89026928217717, -170.09961531614763], [-178.2953919941635, -171.59891076318772], [-181.95019828306707, -168.00042821630896], [-182.32654787618813, -167.5006421287937], [-182.51889900062747, -167.03417909990293], [-182.71124394056974, -166.32338082612762], [-182.79486539197333, -165.7458590560656], [-182.9784187798484, -148.0870799176663], [-182.91149808132357, -147.60951725832484], [-182.73585421712573, -147.26523111119405], [-182.42639282013513, -146.9098421824988], [-181.91620304998432, -146.45450295133114], [-178.5706886044119, -143.08942340250945], [-176.88964365353326, -144.4666269430604], [-176.65546838343755, -144.66654331348767]]]}, "properties": {"id": "bw679019173", "height": null, "levels": 11, "osm_id": 679019173, "tags": {"building": "office"}}}, {"type": "Feature", "geometry": {"type": "Polygon", "coordinates": [[[-131.3831962315869, -131.91764773595676], [-125.01863567173403, -138.303795343211], [-136.17584345179978, -149.2764682321292], [-142.49022389758775, -142.96805495987797], [-131.3831962315869, -131.91764773595676]]]}, "properties": {"id": "bw679019178", "height": null, "levels": 1, "osm_id": 679019178, "tags": {"building": "apartments"}}}, {"type": "Feature", "geometry": {"type": "Polygon", "coordinates": [[[-153.2539170974029, -132.2059781020155], [-152.50121237436582, -132.96121203754123], [-151.2550674097207, -134.20512671705603], [-150.14273631429464, -135.31576463297915], [-145.48432370474845, -139.9804417276101], [-156.3739325205516, -151.05304419104507], [-162.2450363114413, -145.14444459151542], [-163.5497250490044, -143.8449959850461], [-164.277339278103, -143.10086763238962], [-164.4362434224809, -142.93427181244192], [-166.0838297287618, -141.27941822784055], [-169.92261905160268, -137.4143898077984], [-171.38620885246337, -135.94834383131663], [-165.50648703829447, -130.06222210000615], [-160.42133149589097, -125.04235754968926], [-158.62320673978084, -126.8415931061585], [-153.2539170974029, -132.2059781020155]]]}, "properties": {"id": "bw679019191", "height": null, "levels": 7, "osm_id": 679019191, "tags": {"building": "residential"}}}, {"type": "Feature", "geometry": {"type": "Polygon", "coordinates": [[[-144.774534510804, -195.76663380326576], [-142.29884796258773, -193.20116291555283], [-141.65483478074358, -192.51259442528752], [-140.2329887639117, -191.03550454208457], [-139.88170879002865, -190.64679618881328], [-133.57541052114084, -184.06097001612886], [-133.45831756033687, -183.93880455697928], [-131.97792793543414, -182.3728649350508], [-127.05182821467105, -186.5155457982386], [-127.93002727333105, -187.55950816409376], [-125.68025321679417, -189.94736911697123], [-124.48423252084626, -188.68128900960332], [-122.9286200240825, -189.99184089827477], [-123.8904540736169, -190.9691654474102], [-125.1115655548511, -192.21303292040818], [-125.97303486305186, -193.09040359958556], [-125.85594709179816, -193.2681039862568], [-126.55850485705498, -193.9899912949513], [-131.26731771914442, -198.79886910230456], [-132.67238369651594, -197.4105751715015], [-134.5960556206489, -199.30969079813605], [-133.09898918003213, -200.6757744943725], [-136.31905295056154, -203.9631340645239], [-140.51768573755766, -208.23892032807134], [-145.4605053296202, -203.37433058486795], [-148.89789568508607, -200.08684135665234], [-146.67312027904876, -197.76570205074273], [-145.3516378495623, -196.38856647086448], [-144.774534510804, -195.76663380326576]]]}, "properties": {"id": "bw679019196", "height": null, "levels": 8, "osm_id": 679019196, "tags": {"building": "office"}}}, {"type": "Feature", "geometry": {"type": "Polygon", "coordinates": [[[-138.2922096932783, -169.1897505273303], [-143.28538533374225, -174.42064887346658], [-145.02505288926665, -176.24202240556897], [-156.05642410132347, -165.3466628224908], [-154.14948111087202, -163.36980940170923], [-153.99893280079388, -163.203220392416], [-152.9953211852316, -164.1583703223597], [-151.38110964416202, -162.39252678575482], [-147.6844200419658, -163.39215632167785], [-145.8862101755716, -161.5929968635441], [-138.2922096932783, -169.1897505273303]]]}, "properties": {"id": "bw679019198", "height": null, "levels": 1, "osm_id": 679019198, "tags": {"building": "office"}}}, {"type": "Feature", "geometry": {"type": "Polygon", "coordinates": [[[-89.44039965477864, -169.76803770151213], [-88.75457555254386, -169.07946500220856], [-80.92632814350179, -176.85385968284996], [-80.19870184499794, -177.5868734808144], [-77.63946297660276, -180.13020903487296], [-76.15911805150616, -181.59623615636448], [-74.68713614860734, -183.0622628834357], [-72.16134757679937, -185.57227769369914], [-70.02028044305234, -187.70467891284827], [-77.26325776906249, -194.91249464312708], [-79.41268816843103, -192.74677277719465], [-81.06866871855323, -191.08083241302182], [-84.63989684276149, -187.48239998443066], [-85.12498155151582, -187.00482998405627], [-87.55876722223607, -184.57255480054263], [-88.48711796419961, -183.63962717853408], [-90.40236323690269, -181.7071339577632], [-95.88882460307461, -176.18730833681278], [-95.18627191018953, -175.48763032797254], [-96.20661860863002, -174.43253287420148], [-90.46074624575375, -168.70183489996617], [-89.44039965477864, -169.76803770151213]]]}, "properties": {"id": "bw679019208", "height": null, "levels": 8, "osm_id": 679019208, "tags": {"building": "residential"}}}, {"type": "Feature", "geometry": {"type": "Polygon", "coordinates": [[[-79.18669353893104, -176.58733136811736], [-70.1288137175519, -167.66918846055188], [-68.99137445176413, -168.80202639930866], [-66.17286535246508, -171.61190793558043], [-64.80124597761397, -172.98908258360456], [-60.050754922507664, -177.70923604602527], [-64.32459998366696, -181.97395985376716], [-70.02028044305234, -187.70467891284827], [-72.16134757679937, -185.57227769369914], [-74.68713614860734, -183.0622628834357], [-76.15911805150616, -181.59623615636448], [-77.63946297660276, -180.13020903487296], [-80.19870184499794, -177.5868734808144], [-79.18669353893104, -176.58733136811736]]]}, "properties": {"id": "bw679019209", "height": null, "levels": 8, "osm_id": 679019209, "tags": {"building": "office"}}}, {"type": "Feature", "geometry": {"type": "Polygon", "coordinates": [[[-118.89692410339607, -163.98131157255656], [-113.53577046765868, -158.45053613147735], [-97.25207521354245, -174.82123407054988], [-95.88882460307461, -176.18730833681278], [-90.40236323690269, -181.7071339577632], [-88.48711796419961, -183.63962717853408], [-87.55876722223607, -184.57255480054263], [-85.12498155151582, -187.00482998405627], [-84.63989684276149, -187.48239998443066], [-81.06866871855323, -191.08083241302182], [-79.41268816843103, -192.74677277719465], [-77.26325776906249, -194.91249464312708], [-82.50731238490728, -199.7991414243671], [-88.6630299667392, -206.19620921853456], [-92.12553553126808, -202.68662368983402], [-92.48516753415245, -202.32011626932479], [-96.30730116085951, -198.45512742727163], [-98.69926874410244, -196.02284910326594], [-101.60140934193556, -193.09078623756102], [-101.99449444946525, -192.69095942929775], [-103.61701575152345, -191.0583328240692], [-108.3340318542592, -186.28262067118837], [-126.42423299349596, -167.97939721419905], [-122.00817135833753, -163.2926787280506], [-120.87906558813052, -162.09323372956888], [-118.89692410339607, -163.98131157255656]]]}, "properties": {"id": "bw679019211", "height": null, "levels": 6, "osm_id": 679019211, "tags": {"building": "retail"}}}, {"type": "Feature", "geometry": {"type": "Polygon", "coordinates": [[[-169.92261905160268, -137.4143898077984], [-166.0838297287618, -141.27941822784055], [-164.4362434224809, -142.93427181244192], [-164.277339278103, -143.10086763238962], [-163.5497250490044, -143.8449959850461], [-162.2450363114413, -145.14444459151542], [-156.3739325205516, -151.05304419104507], [-155.2448731664078, -152.19700166608615], [-154.7597956450873, -152.6856825325792], [-149.21485290330247, -158.26108486552806], [-153.99893280079388, -163.203220392416], [-154.14948111087202, -163.36980940170923], [-166.2346506897556, -153.34069112296802], [-166.41028295184142, -153.20741332340342], [-169.84764964022153, -150.33084135955795], [-172.97556723734826, -147.70971653985617], [-175.00787674800623, -146.03263945202073], [-176.65546838343755, -144.66654331348767], [-176.88964365353326, -144.4666269430604], [-178.5706886044119, -143.08942340250945], [-174.4138937670578, -139.0135684003492], [-171.38620885246337, -135.94834383131663], [-169.92261905160268, -137.4143898077984]]]}, "properties": {"id": "bw679019242", "height": null, "levels": 10, "osm_id": 679019242, "tags": {"building": "office"}}}, {"type": "Feature", "geometry": {"type": "Polygon", "coordinates": [[[-132.6957323294476, -102.25310203554146], [-121.22952871586857, -113.79259102976934], [-123.4793583686159, -115.9693580954418], [-125.4030056918542, -117.83515796128971], [-128.5226620427026, -120.86708175184239], [-127.19288128918541, -122.21094913150851], [-126.14745599127615, -123.27715761922158], [-120.40179221114687, -129.0857707641524], [-118.06003446909378, -131.46252495160783], [-125.01863567173403, -138.303795343211], [-131.3831962315869, -131.91764773595676], [-132.7297051102372, -130.5737793004905], [-134.1849376995423, -129.11884712101727], [-137.1037640504944, -126.17566327234817], [-138.95207466479002, -124.34311364394765], [-141.3774576775022, -121.91082030860242], [-143.76102220501082, -119.52295157566043], [-144.6308136612331, -118.64554856747196], [-146.87219849610443, -116.39095541202826], [-149.2724864805133, -114.00308450587994], [-141.86224077446627, -106.4399463524013], [-135.07092951964603, -99.85413009120889], [-132.6957323294476, -102.25310203554146]]]}, "properties": {"id": "bw679019243", "height": null, "levels": 10, "osm_id": 679019243, "tags": {"building": "retail"}}}, {"type": "Feature", "geometry": {"type": "Polygon", "coordinates": [[[2.3000098956399584, -227.49834004693625], [7.853482690304191, -222.28955354414035], [8.288392857178017, -221.86751949876313], [15.916040405295858, -214.7151484721834], [16.59349519577432, -214.070990457418], [21.72040246773304, -209.2731216077476], [23.794581613154463, -207.3295394412801], [29.088793006434255, -212.69378891375263], [33.212096528575096, -217.38056500013658], [31.121189706260097, -219.32414990205407], [30.427008388654656, -219.96830933942343], [27.541554597806247, -222.64490215061724], [25.266644676511785, -224.77729053163318], [18.910271581774502, -230.7190981443937], [17.279358376805142, -232.2406442438144], [12.010249521456469, -237.17178376940785], [11.767703060321272, -237.3939070887461], [8.129504421145677, -240.7812866271846], [-8.907346825363692, -256.6075435922358], [-18.291400111457992, -246.78969307349283], [-11.558615907814408, -240.49252217289765], [2.3000098956399584, -227.49834004693625]]]}, "properties": {"id": "bw679024007", "height": null, "levels": 8, "osm_id": 679024007, "tags": {"building": "retail"}}}, {"type": "Feature", "geometry": {"type": "Polygon", "coordinates": [[[-23.460012750010318, -200.25492510844887], [-19.152726969197715, -196.20119420356696], [-16.651994326387836, -193.84669725538208], [-11.842897669560088, -189.32650492973963], [-10.772351761732015, -188.32695337715546], [-7.242897788283926, -185.00621982284028], [-6.548716471320105, -184.3620639579134], [-3.8472650374192296, -181.8298643740826], [-1.8567230806963753, -179.95292630319457], [1.605815348648983, -183.52910571217515], [5.8127207316372225, -188.16036684839065], [11.332723724097086, -194.0466181676619], [13.348363404371268, -196.19010107078364], [11.224002866499761, -198.16699879834925], [6.28946011290576, -202.7316310641757], [6.013460080547392, -202.98707267227275], [3.0694585278289104, -205.71918659353136], [0.6021827895836905, -208.00705341867092], [-1.538911995446422, -209.99505351709405], [-8.313477459463604, -216.2922339786641], [-18.834986432676097, -226.07672921528064], [-20.93426168508377, -223.96655565954384], [-22.23063425298143, -225.2659709166077], [-26.28699963104776, -221.27885080888407], [-24.90699048867409, -220.0016488511106], [-26.67171698925564, -218.2246591474154], [-23.660789695988523, -215.4370268472933], [-31.455686140471457, -207.78486225125036], [-31.162957210642837, -207.5072098512998], [-27.416028974128434, -203.97547036550841], [-23.460012750010318, -200.25492510844887]]]}, "properties": {"id": "bw679024020", "height": null, "levels": 9, "osm_id": 679024020, "tags": {"building": "retail"}}}, {"type": "Feature", "geometry": {"type": "Polygon", "coordinates": [[[-6.548716471320105, -184.3620639579134], [-7.242897788283926, -185.00621982284028], [-10.772351761732015, -188.32695337715546], [-11.842897669560088, -189.32650492973963], [-16.651994326387836, -193.84669725538208], [-19.152726969197715, -196.20119420356696], [-23.460012750010318, -200.25492510844887], [-33.38760631334682, -189.7928958717689], [-38.690117054504896, -184.18426529189813], [-32.41737241307926, -177.95374756421444], [-28.319185051441767, -173.87780873322225], [-27.31554974392052, -173.3336113728691], [-26.629732716691255, -173.05596024469386], [-25.33337230916444, -172.78941735906955], [-10.638511409273134, -173.12263824271696], [-9.383970170783343, -173.2781260367971], [-8.689790745667196, -173.43361296201954], [-7.987247925403994, -173.8112227753379], [-7.318159576157623, -174.28878781111484], [-6.557071593200102, -174.96626351840587], [-4.558169773706195, -177.1652821839174], [-1.8567230806963753, -179.95292630319457], [-3.8472650374192296, -181.8298643740826], [-6.548716471320105, -184.3620639579134]]]}, "properties": {"id": "bw679024059", "height": null, "levels": 8, "osm_id": 679024059, "tags": {"building": "retail", "name": "Edifici de la Union des Assurances de Paris", "wikidata": "Q80586856"}}}, {"type": "Feature", "geometry": {"type": "Polygon", "coordinates": [[[-50.65031963818991, -216.03662039198267], [-51.65395168804344, -215.04816627256696], [-53.06739964042515, -213.6487816059514], [-51.90484313358431, -212.49375078782964], [-53.736469669412756, -210.61679867572025], [-54.93248103640628, -211.8051473874724], [-58.160826082582034, -208.6287642860981], [-58.62082309120385, -208.1623024248897], [-60.67826407673636, -206.14096680855062], [-56.2120395086617, -201.40978434594714], [-51.27745758324233, -196.74523930493496], [-45.62367395336185, -202.2872443234402], [-46.602227641127136, -203.44227735371464], [-44.70369210242423, -205.3525465359162], [-43.60804789065173, -204.27525698666398], [-41.80151063713327, -206.04114494760006], [-37.26007295071679, -210.50584064414525], [-36.20625786549257, -211.53871761408655], [-45.60706442787883, -221.0011013255965], [-50.65031963818991, -216.03662039198267]]]}, "properties": {"id": "bw679024124", "height": null, "levels": 7, "osm_id": 679024124, "tags": {"building": "apartments"}}}, {"type": "Feature", "geometry": {"type": "Polygon", "coordinates": [[[9.701879949183873, -242.45831273991277], [8.129504421145677, -240.7812866271846], [11.767703060321272, -237.3939070887461], [12.010249521456469, -237.17178376940785], [17.279358376805142, -232.2406442438144], [18.910271581774502, -230.7190981443937], [25.266644676511785, -224.77729053163318], [27.541554597806247, -222.64490215061724], [30.427008388654656, -219.96830933942343], [31.121189706260097, -219.32414990205407], [33.212096528575096, -217.38056500013658], [40.63906955220299, -224.93270668567268], [47.17114290667499, -232.24051133550026], [44.36096333775956, -234.8837918634624], [43.5078726892193, -235.68343955518694], [39.76932636801139, -239.22632163137746], [37.703506123757485, -241.1810143743444], [32.97804279266633, -245.67902653554302], [29.364941044351344, -249.07752272044667], [26.08638279521261, -252.15393766209303], [25.877290949295954, -252.34274289094475], [22.214000421875813, -255.7745540924057], [28.98026670349503, -263.0157371880931], [29.866824207128385, -263.9597559672428], [36.18146219563656, -270.69005140047915], [28.194138826422066, -278.7420423076883], [18.76823823680962, -288.3155700698709], [16.735843775617628, -286.13877058808913], [14.98781827645273, -284.2840481575211], [13.122701110193065, -282.28494562451004], [10.93139885628977, -279.9415525993718], [7.937178975152197, -276.73188048698023], [7.794995412194088, -276.57639460481187], [4.198589729833798, -272.7447774094333], [3.880768018078817, -272.411593221745], [0.050182316671811146, -268.31342657084696], [-0.7025523571686042, -267.52489020339175], [-0.42654963040217925, -267.26944887641656], [0.4850956016142016, -266.4253818103052], [-7.30151696333391, -258.2734672484245], [9.701879949183873, -242.45831273991277]]]}, "properties": {"id": "bw679024127", "height": null, "levels": 10, "osm_id": 679024127, "tags": {"building": "residential"}}}, {"type": "Feature", "geometry": {"type": "Polygon", "coordinates": [[[-33.38760631334682, -189.7928958717689], [-23.460012750010318, -200.25492510844887], [-27.416028974128434, -203.97547036550841], [-29.17238735878654, -202.209586186617], [-32.76877059096957, -205.8968115099655], [-31.162957210642837, -207.5072098512998], [-31.455686140471457, -207.78486225125036], [-35.838258904844274, -211.90522227861044], [-36.20625786549257, -211.53871761408655], [-37.26007295071679, -210.50584064414525], [-41.80151063713327, -206.04114494760006], [-43.60804789065173, -204.27525698666398], [-45.62367395336185, -202.2872443234402], [-51.27745758324233, -196.74523930493496], [-45.66541974265417, -190.79238213256755], [-38.690117054504896, -184.18426529189813], [-33.38760631334682, -189.7928958717689]]]}, "properties": {"id": "bw679024128", "height": null, "levels": 7, "osm_id": 679024128, "tags": {"building": "residential"}}}, {"type": "Feature", "geometry": {"type": "Polygon", "coordinates": [[[-247.57165019859443, 58.755766141763544], [-244.3851086540212, 61.965335704874875], [-241.80911373987817, 64.56408870656051], [-235.24368065427961, 71.18313885481443], [-231.4635906337436, 66.98489189144641], [-227.30715058088788, 62.64225514852953], [-232.13295108409582, 57.81123231342128], [-235.5703973748345, 54.357330209718285], [-237.44384898326766, 52.46934565244443], [-238.41403001644744, 51.48093005450948], [-239.986392486043, 49.89280234361712], [-240.92311895128873, 48.9599167319742], [-241.72602828289567, 48.13808828948622], [-243.0307558696571, 46.816499951965525], [-245.48966674454093, 44.32880499820612], [-248.8602169878976, 40.93043776041875], [-252.17199070105158, 44.31792829028995], [-253.18399628946588, 43.19624232517022], [-254.8817548475215, 43.29625719644227], [-256.24494284086336, 44.418026519497154], [-256.4372360295849, 46.22833593738759], [-255.32486344692578, 47.53882248470542], [-256.98074747267964, 49.23812212902455], [-252.22183186169198, 54.05802452995812], [-250.15601297212353, 56.14590935157323], [-247.57165019859443, 58.755766141763544]]]}, "properties": {"id": "bw679027723", "height": null, "levels": 4, "osm_id": 679027723, "tags": {"building": "ruins"}}}, {"type": "Feature", "geometry": {"type": "Polygon", "coordinates": [[[-250.8341154788479, 36.74348691962665], [-251.9213157937145, 37.820821266386886], [-248.8602169878976, 40.93043776041875], [-245.48966674454093, 44.32880499820612], [-243.0307558696571, 46.816499951965525], [-241.72602828289567, 48.13808828948622], [-240.92311895128873, 48.9599167319742], [-239.986392486043, 49.89280234361712], [-238.41403001644744, 51.48093005450948], [-237.44384898326766, 52.46934565244443], [-235.5703973748345, 54.357330209718285], [-232.13295108409582, 57.81123231342128], [-227.30715058088788, 62.64225514852953], [-224.8651356287331, 60.07665801374454], [-223.67757932957767, 58.84383847097978], [-222.68245289514888, 55.2232025264214], [-222.9587070996586, 46.649262357067215], [-223.00072517166134, 40.10774072014566], [-223.41896525073918, 37.77546191192839], [-224.849169447133, 35.56538212186834], [-237.09354791762243, 23.137989684969572], [-244.6124849996942, 15.563844885804967], [-251.5120416083328, 22.527637456799404], [-258.16905576350246, 29.2470927137959], [-250.8341154788479, 36.74348691962665]]]}, "properties": {"id": "bw679027729", "height": null, "levels": 7, "osm_id": 679027729, "tags": {"building": "ruins"}}}, {"type": "Feature", "geometry": {"type": "Polygon", "coordinates": [[[260.94166039514823, -90.93245383905887], [263.9275451755735, -93.95321814145328], [265.37448710583163, -95.4080707684038], [271.4215416083044, -101.53844080218329], [272.8183037129175, -102.94886921052917], [274.9009019607051, -105.04785256643227], [272.5424739131134, -107.38023280015054], [267.8256120325213, -112.01167249688355], [265.79319627510887, -109.94600373620906], [264.97353963034834, -109.12417877410856], [264.3546152986671, -108.50225707026144], [256.6598893191611, -100.77265436515384], [259.1855967535599, -98.60686552212108], [256.6346288441371, -95.97479910067848], [254.22601751098273, -98.32938748214715], [253.68236905915163, -97.77409910627587], [251.223407932279, -95.30861978292289], [245.51092788639244, -89.52251212058965], [249.9852576221048, -85.17985502147779], [252.6865797450017, -82.56981637803308], [258.76706764516484, -88.72240822548314], [260.94166039514823, -90.93245383905887]]]}, "properties": {"id": "bw814239809", "height": null, "levels": 6, "osm_id": 814239809, "tags": {"building": "apartments"}}}, {"type": "Feature", "geometry": {"type": "Polygon", "coordinates": [[[258.9979790170644, 2.6923164164476217], [260.32780935630643, 1.337413732246835], [252.30758424186456, -6.803678014968801], [250.91920884214173, -5.415457453424261], [246.65372263116967, -1.1841606655693497], [247.8998264487698, 0.11530142837505464], [247.2390924555674, 0.8371786209321602], [246.1936301291229, 1.9033334554452985], [244.85552881277337, 0.6038685417851517], [242.13733141940352, 3.2803594268403478], [247.04648379838082, 8.178337407863465], [250.3080975525852, 11.432551396491228], [253.03466063286461, 8.689426932079202], [251.95581912759968, 7.623198907460734], [253.79582997184855, 5.835172905744898], [254.81612765961228, 6.901399141663727], [258.9979790170644, 2.6923164164476217]]]}, "properties": {"id": "bw818036981", "height": null, "levels": 2, "osm_id": 818036981, "tags": {"building": "public"}}}, {"type": "Feature", "geometry": {"type": "Polygon", "coordinates": [[[250.91920884214173, -5.415457453424261], [252.30758424186456, -6.803678014968801], [247.80822123859988, -11.357354792910346], [246.36130263433762, -9.991347668738664], [242.89059965414089, -13.478795930629614], [238.60002129602253, -9.191964548775418], [239.76249925688825, -8.059098873844368], [238.976312223686, -7.281694335557775], [237.93921554670308, -6.282174949826269], [236.78509991565065, -7.381721609472028], [234.0585372994768, -4.649697252072427], [238.8924349501309, 0.0927866121076707], [242.13733141940352, 3.2803594268403478], [244.85552881277337, 0.6038685417851517], [243.8937681602248, -0.3290805085051727], [245.7421424463304, -2.117108250060682], [246.65372263116967, -1.1841606655693497], [250.91920884214173, -5.415457453424261]]]}, "properties": {"id": "bw818036986", "height": null, "levels": 2, "osm_id": 818036986, "tags": {"building": "apartments"}}}, {"type": "Feature", "geometry": {"type": "Polygon", "coordinates": [[[198.47338095453188, -47.56492188762415], [197.4948319766281, -46.698668968777504], [196.24870716177787, -47.85374235667607], [193.57232626419622, -45.15502002758011], [197.97975115993728, -40.77907807338062], [201.76829230427413, -37.01398889009062], [201.84356554228071, -37.09172984101633], [203.30721118898256, -38.568806820939464], [204.40285502991645, -39.679390956201864], [203.41599470045887, -40.65675988080852], [205.13055362843826, -42.43369547456932], [206.13413993624195, -41.423007393054284], [210.43308356624576, -45.77649443401332], [210.5083569882423, -45.85423529359213], [202.33748149352394, -54.00638165281843], [197.9799920587499, -49.59736071960253], [199.20938782912265, -48.36454445116364], [198.47338095453188, -47.56492188762415]]]}, "properties": {"id": "bw818036990", "height": null, "levels": 2, "osm_id": 818036990, "tags": {"building": "office"}}}, {"type": "Feature", "geometry": {"type": "Polygon", "coordinates": [[[266.382595669721, 10.07817407164401], [267.66224399529216, 8.767695474338396], [265.8223640923185, 6.912900643213794], [262.493852449954, 3.5365096198731094], [261.09721530861833, 2.1037657800366696], [259.75065895059896, 3.436455425533598], [258.9979790170644, 2.6923164164476217], [254.81612765961228, 6.901399141663727], [256.0538660077629, 8.17865005924792], [255.3178617327188, 8.889417717651547], [254.28912851400764, 9.88893508312966], [253.03466063286461, 8.689426932079202], [250.3080975525852, 11.432551396491228], [255.35104883779633, 16.452707345523436], [258.3952153906453, 19.47368819528897], [261.14686907903877, 16.719461491728886], [260.0011256178978, 15.5754867931956], [261.79931905770184, 13.798567450684494], [262.91160894569686, 14.94254121733784], [264.45889331178216, 13.387736448939085], [267.0767323431039, 10.766780945307563], [266.382595669721, 10.07817407164401]]]}, "properties": {"id": "bw818036993", "height": null, "levels": 2, "osm_id": 818036993, "tags": {"building": "apartments"}}}, {"type": "Feature", "geometry": {"type": "Polygon", "coordinates": [[[242.6658407056088, -44.94252562183859], [245.26696636903984, -47.574595471976224], [248.29464561716395, -50.639789601957816], [252.22561407553584, -54.61565531210061], [243.82060522097348, -62.978873310252446], [238.4176168630902, -57.548146121007825], [236.81177644256573, -55.92670098313314], [236.08412993332794, -55.182612723265606], [234.2190146830404, -53.3057340108637], [227.46111651560122, -46.50898585803895], [235.89957715207913, -38.09025477985158], [242.6658407056088, -44.94252562183859]]]}, "properties": {"id": "bw818037005", "height": null, "levels": 5, "osm_id": 818037005, "tags": {"building": "retail"}}}, {"type": "Feature", "geometry": {"type": "Polygon", "coordinates": [[[242.89059965414089, -13.478795930629614], [244.3124298915243, -14.900335336095505], [245.6756214328178, -13.512020505264765], [246.48690165036382, -14.333848056235384], [247.13090744617045, -14.977982822862288], [238.67576977204314, -23.696593880146843], [237.10339198839696, -22.11957221806369], [236.1165391838086, -23.119157921640035], [234.70307165741525, -21.675404358647867], [230.38739911720776, -17.266401331547478], [231.424431422444, -16.233496345726316], [230.72188008794228, -15.500512849438438], [229.69314433592143, -14.423248981409447], [228.63102246084188, -15.478366813327064], [225.9713676154417, -12.75744348632244], [230.60455708947356, -8.114926818833263], [234.0585372994768, -4.649697252072427], [236.78509991565065, -7.381721609472028], [235.67280067124332, -8.470160576772606], [237.4626321451793, -10.291510761600325], [238.60002129602253, -9.191964548775418], [242.89059965414089, -13.478795930629614]]]}, "properties": {"id": "bw818037010", "height": null, "levels": 2, "osm_id": 818037010, "tags": {"building": "public"}}}, {"type": "Feature", "geometry": {"type": "Polygon", "coordinates": [[[216.1793104753653, -63.4795272513235], [217.67632891207356, -61.9801523091181], [219.8507676893952, -59.79217528577454], [221.79115561520422, -61.78011686270399], [223.0205517945602, -60.62503962265735], [226.4245942433294, -64.02341570834733], [225.35410079210016, -65.06742708853804], [227.971948426842, -67.51069801063528], [228.94208212872147, -66.53332631092417], [234.58761892605824, -72.19728177002915], [229.24351508834798, -77.51729811734998], [209.43874688116352, -77.45126062179403], [206.2939814000245, -74.29720453101419], [205.84233970667586, -73.841865265857], [211.5460763624411, -68.12203429127496], [212.49954237496937, -69.08824136332584], [214.70743945407366, -66.92247722431696], [213.71215632995344, -65.96737782265969], [216.1793104753653, -63.4795272513235]]]}, "properties": {"id": "bw818037011", "height": null, "levels": 7, "osm_id": 818037011, "tags": {"building": "apartments"}}}, {"type": "Feature", "geometry": {"type": "Polygon", "coordinates": [[[225.07760254509375, -48.86356394775759], [227.46111651560122, -46.50898585803895], [234.2190146830404, -53.3057340108637], [236.08412993332794, -55.182612723265606], [236.81177644256573, -55.92670098313314], [238.4176168630902, -57.548146121007825], [243.82060522097348, -62.978873310252446], [237.80745846259745, -68.9874997694488], [234.58761892605824, -72.19728177002915], [228.94208212872147, -66.53332631092417], [226.8595093019994, -64.46764806999997], [226.4245942433294, -64.02341570834733], [223.0205517945602, -60.62503962265735], [228.36464494276947, -55.21617852740875], [223.4802284463456, -50.41847429192202], [216.06997924351685, -43.15527729446719], [220.0425015042951, -39.1680500949027], [225.22800169709754, -44.25450726717852], [225.57927777089444, -44.59878697399922], [223.18740035337996, -46.953364708952016], [225.07760254509375, -48.86356394775759]]]}, "properties": {"id": "bw818037015", "height": null, "levels": 5, "osm_id": 818037015, "tags": {"building": "apartments"}}}, {"type": "Feature", "geometry": {"type": "Polygon", "coordinates": [[[199.51078475640503, -59.703914580144335], [211.92182440959664, -47.29799352306515], [213.7032940708973, -49.052712813709846], [216.78114074099133, -52.0957063225002], [212.3402709698435, -56.627146705257715], [217.67632891207356, -61.9801523091181], [216.1793104753653, -63.4795272513235], [213.71215632995344, -65.96737782265969], [211.66304486068267, -64.0016495690965], [209.56387211857106, -66.13409119897842], [211.5460763624411, -68.12203429127496], [205.84233970667586, -73.841865265857], [199.54445425656925, -67.53374877895533], [194.14149598157823, -62.11409477063295], [197.30280762904968, -59.01539377649813], [198.02204821912267, -58.33789905913959], [199.51078475640503, -59.703914580144335]]]}, "properties": {"id": "bw818037017", "height": null, "levels": 6, "osm_id": 818037017, "tags": {"building": "apartments"}}}, {"type": "Feature", "geometry": {"type": "Polygon", "coordinates": [[[195.19493509537253, -48.764475065612054], [196.2822154661766, -49.863954485446655], [196.96803910798369, -50.57472943673135], [197.9799920587499, -49.59736071960253], [202.33748149352394, -54.00638165281843], [198.02204821912267, -58.33789905913959], [197.30280762904968, -59.01539377649813], [194.14149598157823, -62.11409477063295], [185.3596148676014, -53.29604222157139], [189.58305835445879, -49.10891467127557], [193.57232626419622, -45.15502002758011], [196.24870716177787, -47.85374235667607], [195.19493509537253, -48.764475065612054]]]}, "properties": {"id": "bw818037019", "height": null, "levels": 3, "osm_id": 818037019, "tags": {"building": "retail"}}}, {"type": "Feature", "geometry": {"type": "Polygon", "coordinates": [[[226.61588265135566, -29.749832645450695], [228.03771358697998, -31.193587505002263], [223.68049234627597, -35.53622781186423], [220.0425015042951, -39.1680500949027], [218.67921376527391, -37.69097346762108], [218.61230379364574, -37.613232440218894], [214.2297252815232, -33.24864651799529], [215.3420295695742, -32.09357398833265], [214.70638852475412, -31.44943616831191], [213.6776571468349, -30.51654999725777], [212.55698678329532, -31.582773322822078], [211.38607029211272, -30.416661852451917], [209.9475165833142, -28.99511650872982], [209.8555158128765, -28.895163824865154], [213.84476022444738, -24.89683329777915], [217.85908986823563, -20.876287495760685], [220.53547118304505, -23.58610710648841], [219.4817083881786, -24.585692580635346], [221.26317633204346, -26.407046973085098], [222.32530258519503, -25.407460987678803], [226.61588265135566, -29.749832645450695]]]}, "properties": {"id": "bw818037020", "height": null, "levels": 2, "osm_id": 818037020, "tags": {"building": "public"}}}, {"type": "Feature", "geometry": {"type": "Polygon", "coordinates": [[[234.70307165741525, -21.675404358647867], [236.1165391838086, -23.119157921640035], [228.56459386040996, -30.660475723256713], [228.03771358697998, -31.193587505002263], [226.61588265135566, -29.749832645450695], [222.32530258519503, -25.407460987678803], [223.47942328085585, -24.30791666056535], [222.67650696926364, -23.452767839669836], [221.6979549561639, -22.475456656213627], [220.53547118304505, -23.58610710648841], [217.85908986823563, -20.876287495760685], [222.75154816331167, -15.9783266610452], [225.9713676154417, -12.75744348632244], [228.63102246084188, -15.478366813327064], [227.5270852240293, -16.6001227005993], [229.22491856514122, -18.410371634808133], [230.38739911720776, -17.266401331547478], [234.70307165741525, -21.675404358647867]]]}, "properties": {"id": "bw818037022", "height": null, "levels": 2, "osm_id": 818037022, "tags": {"building": "apartments"}}}, {"type": "Feature", "geometry": {"type": "Polygon", "coordinates": [[[225.22800169709754, -44.25450726717852], [220.0425015042951, -39.1680500949027], [223.68049234627597, -35.53622781186423], [228.76563276670427, -40.67821632505692], [225.22800169709754, -44.25450726717852]]]}, "properties": {"id": "bw818037026", "height": null, "levels": 1, "osm_id": 818037026, "tags": {"building": "retail"}}}, {"type": "Feature", "geometry": {"type": "Polygon", "coordinates": [[[244.48019261083405, -29.54934132209583], [248.56169418215688, -33.65847786607149], [251.1879086774808, -36.30165092759971], [253.96467272295962, -39.10030384594191], [256.08906562854673, -41.23260979877828], [257.1512629442303, -42.309868689463734], [258.807286851781, -43.96462601214203], [260.84804517970224, -46.01919049500406], [255.9806811843263, -50.87275133291216], [252.22561407553584, -54.61565531210061], [248.29464561716395, -50.639789601957816], [245.26696636903984, -47.574595471976224], [242.6658407056088, -44.94252562183859], [235.89957715207913, -38.09025477985158], [228.56459386040996, -30.660475723256713], [236.1165391838086, -23.119157921640035], [237.10339198839696, -22.11957221806369], [238.67576977204314, -23.696593880146843], [242.81581108221246, -27.87236866925207], [244.48019261083405, -29.54934132209583]]]}, "properties": {"id": "bw818037028", "height": null, "levels": 6, "osm_id": 818037028, "tags": {"building": "apartments"}}}, {"type": "Feature", "geometry": {"type": "Polygon", "coordinates": [[[242.81581108221246, -27.87236866925207], [238.67576977204314, -23.696593880146843], [247.13090744617045, -14.977982822862288], [250.91130915566407, -18.809474649940064], [251.42985963461072, -19.32033957480385], [242.81581108221246, -27.87236866925207]]]}, "properties": {"id": "bw818037032", "height": null, "levels": 1, "osm_id": 818037032, "tags": {"building": "apartments"}}}, {"type": "Feature", "geometry": {"type": "Polygon", "coordinates": [[[257.2259262249864, -25.184183288611962], [259.81032240589644, -27.794036294633283], [258.1544194622001, -29.437805630467864], [261.0064549917328, -32.24755934765128], [262.51181310212706, -30.526051776513768], [264.66129838012483, -32.71388508286889], [265.648221832668, -33.71340244197397], [267.3293372973513, -35.40147537106975], [269.41191495995344, -37.51156667353148], [267.2793126506591, -39.6329202060391], [262.93047250262816, -43.9533714453216], [260.84804517970224, -46.01919049500406], [258.807286851781, -43.96462601214203], [257.1512629442303, -42.309868689463734], [256.08906562854673, -41.23260979877828], [253.96467272295962, -39.10030384594191], [251.1879086774808, -36.30165092759971], [248.56169418215688, -33.65847786607149], [244.48019261083405, -29.54934132209583], [253.0691505028513, -20.986204998409942], [257.2259262249864, -25.184183288611962]]]}, "properties": {"id": "bw818037064", "height": null, "levels": 11, "osm_id": 818037064, "tags": {"building": "apartments"}}}, {"type": "Feature", "geometry": {"type": "Polygon", "coordinates": [[[214.54611034521662, 14.918735685040794], [218.71120555065963, 10.754053769548618], [217.55709171630883, 9.587873238094346], [219.28836667506872, 7.888684410303371], [220.40902724176885, 9.043758044626118], [223.4032156313909, 6.078507580658876], [219.59797874897484, 2.402255527390585], [218.64457949718013, 1.435991627658193], [215.24913804356066, -2.007016584998996], [212.3134951381274, 0.902708173234155], [213.5345178044172, 2.0911021243583994], [211.83669448394215, 3.8569301914730363], [210.5905832301792, 2.6130050431793443], [206.35858016480086, 6.799901968768805], [203.59021736059148, 9.531936659697243], [204.5018018193873, 10.453772808745098], [208.64156316336047, 14.640909527719833], [209.9796670934173, 15.984792385373577], [212.94022018120438, 18.96132711310721], [214.3871293338521, 17.506464049951102], [213.15774634049106, 16.30696352955279], [214.54611034521662, 14.918735685040794]]]}, "properties": {"id": "bw818046514", "height": null, "levels": 3, "osm_id": 818046514, "tags": {"building": "apartments"}}}, {"type": "Feature", "geometry": {"type": "Polygon", "coordinates": [[[237.5362171342189, 41.141074612914245], [238.1801704832831, 41.91852631452261], [244.3855318686168, 49.41538486069004], [251.95462677848573, 41.91899211640959], [248.05744556442323, 37.67630801911915], [245.40635546602402, 34.81083083725789], [243.8424625172175, 33.111536971160874], [243.35740486559828, 32.578425428758344], [240.70631030604045, 29.735162290416778], [233.78957662863718, 36.620749357006076], [237.5362171342189, 41.141074612914245]]]}, "properties": {"id": "bw818046517", "height": null, "levels": 7, "osm_id": 818046517, "tags": {"building": "retail"}}}, {"type": "Feature", "geometry": {"type": "Polygon", "coordinates": [[[206.35858016480086, 6.799901968768805], [210.5905832301792, 2.6130050431793443], [209.49500808112245, 1.5356767146923547], [211.21792031028852, -0.18572656378469476], [212.3134951381274, 0.902708173234155], [215.24913804356066, -2.007016584998996], [210.62430411961654, -6.582886337192976], [207.12013157276095, -10.059212307522406], [204.23466886529874, -7.138376728489995], [205.39715155352957, -5.994410414043698], [203.5906036187681, -4.217477366666074], [202.46157459444035, -5.361442461737557], [198.32156909240064, -1.1745383232840703], [199.00734959483736, -0.4748320620533969], [197.6608035706947, 0.8800814138269264], [197.35136621585286, 0.5579946260256567], [196.02991091603548, 1.9129090904351553], [203.59021736059148, 9.531936659697243], [206.35858016480086, 6.799901968768805]]]}, "properties": {"id": "bw818046521", "height": null, "levels": 3, "osm_id": 818046521, "tags": {"building": "apartments"}}}, {"type": "Feature", "geometry": {"type": "Polygon", "coordinates": [[[204.4588596400498, 50.33595896671924], [207.02649777355333, 47.21520340799508], [207.22722528815393, 46.97087382236921], [209.81995652675042, 43.82790768705863], [215.6577914715871, 36.7645670677816], [216.04252027715663, 36.298120189588154], [217.01270620968123, 35.12089718747082], [223.87092599434902, 26.80259887701571], [222.46592061697558, 25.42539292603977], [221.45398178428036, 24.43691452322076], [214.3871293338521, 17.506464049951102], [212.94022018120438, 18.96132711310721], [209.77040324798267, 22.17091218677947], [206.88495230359803, 25.09174685800787], [205.68895448173973, 26.302283238811476], [201.51551077665096, 30.522503260555595], [200.83805835193533, 31.211065802651074], [198.94788343270235, 33.121271601438224], [196.04571387272816, 36.06432248160337], [193.39445472699242, 38.74083360743074], [191.26173946789143, 40.90647643634852], [189.1039351132656, 43.08322539692502], [196.16242043931786, 50.124712777334], [200.8039524564919, 54.75610492623855], [204.4588596400498, 50.33595896671924]]]}, "properties": {"id": "bw818046551", "height": null, "levels": 9, "osm_id": 818046551, "tags": {"building": "apartments"}}}, {"type": "Feature", "geometry": {"type": "Polygon", "coordinates": [[[176.73632801759672, -30.828517226052725], [178.5930555903606, -32.561031057661395], [179.66354877274196, -31.42817733217865], [182.58246448494893, -34.32680944056324], [178.2670289380061, -38.5694660204871], [174.47847370223457, -42.29011831061391], [165.53773628251275, -33.52757604169937], [169.39319726364434, -29.729183762975744], [168.01319525378878, -28.274310274943907], [172.2784513671251, -24.087191674519325], [173.63336072335423, -25.442109612235132], [177.89881830130378, -29.662343065513205], [176.73632801759672, -30.828517226052725]]]}, "properties": {"id": "bw818046561", "height": null, "levels": 2, "osm_id": 818046561, "tags": {"building": "retail"}}}, {"type": "Feature", "geometry": {"type": "Polygon", "coordinates": [[[168.99913795957755, 12.185417405972862], [170.8224019517747, 10.330733031653764], [171.33258103880948, 9.830968306565529], [170.37081371316253, 8.831392097401208], [172.49516850112994, 6.676849179347867], [173.52384515471476, 7.5875780672928546], [175.9743818036625, 5.110965632374197], [180.11437135591635, 0.9018363868051494], [175.97458244578957, -3.1520101427088623], [171.33277166254547, 1.7679031746719462], [166.03049250170002, -3.5298538883408783], [161.9072349202397, 0.7014960464114038], [161.68978083476904, 0.9458264966462395], [159.75779008514968, 2.9115722449098604], [154.32145716799815, 8.486741904574368], [159.88299689609062, 13.984406927019092], [163.59626070261018, 17.660625613179022], [165.78751929410785, 15.450551457593651], [167.8282350341388, 13.373748291626555], [168.99913795957755, 12.185417405972862]]]}, "properties": {"id": "bw818046562", "height": null, "levels": 5, "osm_id": 818046562, "tags": {"building": "apartments"}}}, {"type": "Feature", "geometry": {"type": "Polygon", "coordinates": [[[225.71951603369902, 17.706718862035828], [227.58460801874025, 15.918686958885788], [228.73035934654766, 16.973807330105426], [231.50709608235385, 14.119614822009405], [226.88228306330836, 9.532628427599006], [226.3804947460861, 9.032835968460853], [223.4032156313909, 6.078507580658876], [220.40902724176885, 9.043758044626118], [221.5715041019728, 10.209939285612077], [219.9154983789225, 11.953554460602755], [218.71120555065963, 10.754053769548618], [214.54611034521662, 14.918735685040794], [222.71689234218132, 23.137533599842865], [226.89871846889284, 18.839583042843266], [225.71951603369902, 17.706718862035828]]]}, "properties": {"id": "bw818046568", "height": null, "levels": 3, "osm_id": 818046568, "tags": {"building": "apartments"}}}, {"type": "Feature", "geometry": {"type": "Polygon", "coordinates": [[[181.88787226686878, -17.356630052186013], [186.0613318264582, -21.56575491168793], [185.04101916492422, -22.598652970015593], [186.75556817059442, -24.33116836160261], [187.80097114178247, -23.29826941459005], [190.7617057890768, -26.263534080520863], [186.32919502820383, -30.639472392174447], [182.58246448494893, -34.32680944056324], [179.66354877274196, -31.42817733217865], [180.80094779328365, -30.239791028701323], [179.05294504259126, -28.50727507274629], [177.89881830130378, -29.662343065513205], [173.63336072335423, -25.442109612235132], [172.2784513671251, -24.087191674519325], [173.2234977839515, -23.16535871269913], [173.8925876311657, -23.78728707778834], [177.53895622212463, -20.111063070848882], [176.97022758906425, -19.489132587786347], [180.52459945055213, -16.001713847228725], [181.88787226686878, -17.356630052186013]]]}, "properties": {"id": "bw818046569", "height": null, "levels": 3, "osm_id": 818046569, "tags": {"building": "apartments"}}}, {"type": "Feature", "geometry": {"type": "Polygon", "coordinates": [[[190.12563884178087, -9.282247573371976], [194.26564453738337, -13.480262490845913], [193.2202444960708, -14.535374686164506], [194.9515201081554, -16.25678156470053], [195.98855701876644, -15.212775497500076], [198.9158379901588, -18.17803777637369], [194.35788943262133, -22.698364444264076], [190.7617057890768, -26.263534080520863], [187.80097114178247, -23.29826941459005], [188.9969115993315, -22.109880292105093], [187.85109159532348, -20.977082798070644], [187.22381826303877, -20.366260789112754], [186.0613318264582, -21.56575491168793], [181.88787226686878, -17.356630052186013], [180.52459945055213, -16.001713847228725], [180.79222250611477, -15.735159577232226], [181.67036100594964, -14.879964069576634], [188.76236542545735, -7.905120601345211], [190.12563884178087, -9.282247573371976]]]}, "properties": {"id": "bw818046571", "height": null, "levels": 2, "osm_id": 818046571, "tags": {"building": "apartments"}}}, {"type": "Feature", "geometry": {"type": "Polygon", "coordinates": [[[223.62846477424353, 24.314813639243887], [224.7658409473114, 25.725329960123524], [231.35593027269556, 33.688647433068866], [232.61038671954998, 35.22133640401053], [234.4420234907242, 33.39998669149582], [237.48639035643814, 30.35700050037058], [239.47693888132156, 28.380171172509257], [238.3228333869687, 27.147350396915492], [238.15557165677615, 26.969646488077977], [235.5879320804779, 29.501764928958767], [234.1327495476179, 28.113448928321294], [236.7505741057166, 25.436951658189038], [231.03021943224996, 19.239534992810352], [230.35276350146214, 19.91698861185599], [229.2320313742903, 21.1275234900386], [228.37899090934513, 20.33895986580332], [228.0528303751173, 19.972446626709377], [229.24046958922736, 18.761913683806306], [228.1198126321566, 17.584626364978405], [226.89871846889284, 18.839583042843266], [222.71689234218132, 23.137533599842865], [221.45398178428036, 24.43691452322076], [222.46592061697558, 25.42539292603977], [223.62846477424353, 24.314813639243887]]]}, "properties": {"id": "bw818046577", "height": null, "levels": 3, "osm_id": 818046577, "tags": {"building": "retail"}}}, {"type": "Feature", "geometry": {"type": "Polygon", "coordinates": [[[192.70150473745161, -6.738871170257152], [198.32156909240064, -1.1745383232840703], [202.46157459444035, -5.361442461737557], [201.34090801390622, -6.483194845962638], [203.13073036824866, -8.30455351542974], [204.23466886529874, -7.138376728489995], [207.12013157276095, -10.059212307522406], [202.5371032693845, -14.590651044619603], [198.9158379901588, -18.17803777637369], [195.98855701876644, -15.212775497500076], [197.15941026211226, -14.235402541592137], [195.26086133546085, -12.336302294517148], [194.26564453738337, -13.480262490845913], [190.12563884178087, -9.282247573371976], [188.76236542545735, -7.905120601345211], [187.54963748849687, -6.66126327705793], [190.07532374303796, -4.151207544094214], [192.70150473745161, -6.738871170257152]]]}, "properties": {"id": "bw818046594", "height": null, "levels": 3, "osm_id": 818046594, "tags": {"building": "apartments"}}}, {"type": "Feature", "geometry": {"type": "Polygon", "coordinates": [[[-147.6144286289231, -12.048669514944859], [-146.81989032562765, -11.404528955225416], [-145.73262590877837, -10.438315847906507], [-149.78878795217156, -5.718119362515097], [-151.67895376634178, -7.328471815135442], [-147.6144286289231, -12.048669514944859]]]}, "properties": {"id": "bw1154318545", "height": null, "levels": null, "osm_id": 1154318545, "tags": {"building": "yes", "shop": "newsagent"}}}, {"type": "Feature", "geometry": {"type": "Polygon", "coordinates": [[[-24.554396620377535, 169.57987183718603], [-18.81721703461269, 175.2439928111975], [-19.87097829539572, 176.29908018636127], [-15.446832783457655, 180.68599997232073], [-13.933090467154688, 182.18532760816504], [-11.641570147975237, 184.45097886167179], [-4.925918448551768, 191.14798174118926], [1.3130218298837515, 184.95074653393652], [-5.461172325829188, 178.18710106287682], [-6.949824106767958, 176.68777164116534], [-10.880536768369588, 172.76730437424703], [-12.009568022861446, 174.06672608649137], [-16.308267010236975, 169.80197165133984], [-15.05378747034012, 168.58029208744443], [-17.646390637940094, 165.93703349194226], [-20.20552856678645, 168.40260617111252], [-21.79454401464813, 166.9032801016196], [-19.22704311265711, 164.34885761928533], [-21.418213355567246, 162.12763315200988], [-23.015594077958582, 160.4950335550129], [-25.156587053131915, 158.3404469887229], [-31.52933844755818, 164.6931914487865], [-25.624884491681474, 170.57942932944263], [-24.554396620377535, 169.57987183718603]]]}, "properties": {"id": "bw1553666993", "height": null, "levels": 7, "osm_id": 1553666993, "tags": {"building": "residential"}}}, {"type": "Feature", "geometry": {"type": "Polygon", "coordinates": [[[41.18890680895491, 155.9749097976062], [44.35855119156945, 159.1957128674762], [45.52104680406561, 158.05178631937764], [53.00618870980317, 150.7550947421565], [52.11969329981385, 149.70000379100966], [54.921398838676, 146.91238012918802], [55.84971054821399, 147.94525943307787], [63.075612426999, 140.6707886845387], [53.3910429613639, 131.01946426398757], [47.13528051748642, 137.93855392125332], [48.25594885352392, 139.02696425448926], [46.26548167749955, 141.19265104250638], [48.30609999539961, 143.28062106457304], [50.606008586153706, 140.93723854291133], [53.25713908273508, 143.50277881390093], [50.789963517230866, 146.14602545499798], [47.89630057647553, 143.34725526140656], [45.680027023670704, 145.53515304096575], [44.760075701433074, 144.6799735388438], [37.65127923790348, 152.38760316645616], [41.18890680895491, 155.9749097976062]]]}, "properties": {"id": "bw1553666998", "height": null, "levels": 7, "osm_id": 1553666998, "tags": {"building": "residential"}}}, {"type": "Feature", "geometry": {"type": "Polygon", "coordinates": [[[34.43143590893916, 152.0210841080694], [32.14826169199549, 154.55327647974428], [21.79454668686034, 166.01478785174223], [20.8662264901158, 167.04765735885474], [28.660714278345342, 174.75535431266837], [43.00370065590024, 160.52844306108034], [34.43143590893916, 152.0210841080694]]]}, "properties": {"id": "bw1553667000", "height": null, "levels": 1, "osm_id": 1553667000, "tags": {"building": "residential"}}}, {"type": "Feature", "geometry": {"type": "Polygon", "coordinates": [[[33.74573400733185, 134.12906886380412], [25.14827770699819, 142.81404528599896], [27.372892570045536, 145.01307158782757], [32.1064669883013, 149.71099364232137], [32.71698048418054, 150.33294093108802], [34.20564430764884, 148.68923718727993], [40.963182848822186, 141.2481498950862], [36.547410492428085, 136.8945144444576], [33.74573400733185, 134.12906886380412]]]}, "properties": {"id": "bw1553667014", "height": null, "levels": 1, "osm_id": 1553667014, "tags": {"building": "residential"}}}, {"type": "Feature", "geometry": {"type": "Polygon", "coordinates": [[[44.35855119156945, 159.1957128674762], [43.00370065590024, 160.52844306108034], [28.660714278345342, 174.75535431266837], [37.15769000791698, 183.2849186645255], [52.82207520026738, 167.5364905693068], [51.83522225089373, 166.61467273354086], [50.52218827174116, 167.88076491781786], [43.85674445217391, 161.37251580344517], [45.111237322514555, 159.87319284682778], [44.35855119156945, 159.1957128674762]]]}, "properties": {"id": "bw1553667025", "height": null, "levels": 1, "osm_id": 1553667025, "tags": {"building": "residential"}}}, {"type": "Feature", "geometry": {"type": "Polygon", "coordinates": [[[-5.026304851167801, 150.58831033477645], [-2.2747993621557683, 153.25378563843677], [-3.3536559037857003, 154.3532951942489], [-1.0704933171074664, 156.64116200026936], [-0.46834078745020263, 157.2408941953811], [0.7025112931800799, 156.0858543084247], [2.4922418222805143, 157.89615763368974], [1.371569100109807, 159.08451570389576], [7.426538691766989, 165.12626663569407], [15.421759393306194, 173.06717875144287], [16.550795595431694, 171.8232920828511], [15.120689391977598, 170.40170134892833], [19.56993054979563, 166.04809996219373], [20.64878218275473, 167.28088595161574], [20.8662264901158, 167.04765735885474], [21.79454668686034, 166.01478785174223], [14.075311195241632, 158.32931084146628], [8.062157576150549, 152.34308522947916], [5.293925093777837, 155.11962090156004], [3.470741599448064, 153.4092722520884], [6.222247679104345, 150.4994620413146], [3.6630987095901695, 147.95615129962158], [1.2544862766508973, 145.5461153302996], [0.6188799495925942, 144.92417069413347], [-3.855457202336079, 140.44839215301442], [-5.611740583941566, 138.69362118127134], [-12.277239234398346, 145.42395794154186], [-6.063345244831089, 151.6322894971302], [-5.026304851167801, 150.58831033477645]]]}, "properties": {"id": "bw1553667033", "height": null, "levels": 7, "osm_id": 1553667033, "tags": {"building": "residential"}}}, {"type": "Feature", "geometry": {"type": "Polygon", "coordinates": [[[83.25559407562623, 187.1946676686094], [82.61998286466734, 187.9387726775318], [82.91269131304773, 188.22753601228823], [88.48251058639278, 193.71404173280905], [94.57919465839365, 199.7447601698748], [95.32352755001459, 198.98955147158392], [98.70229862646838, 195.59111368496187], [98.4182173440237, 175.93321819892708], [93.47562617582727, 170.9687022575014], [91.68587607651367, 172.7567700613969], [90.27247594136695, 174.16723377850371], [82.51133242478703, 181.69711320635506], [83.3392785082234, 182.63003956650184], [83.25559407562623, 187.1946676686094]]]}, "properties": {"id": "bw1553667041", "height": null, "levels": 11, "osm_id": 1553667041, "tags": {"building": "office"}}}, {"type": "Feature", "geometry": {"type": "Polygon", "coordinates": [[[78.99051584597318, 173.37856514074645], [80.40388350232314, 174.7113190739212], [76.21387321712649, 178.79833821018522], [78.54717989955789, 181.29724763089496], [77.24250581061811, 182.68550278246323], [79.3583726531054, 184.74016402646976], [82.51133242478703, 181.69711320635506], [90.27247594136695, 174.16723377850371], [91.68587607651367, 172.7567700613969], [93.47562617582727, 170.9687022575014], [83.84131664426955, 161.35065579145277], [81.97629629666105, 163.24978662486674], [80.53780629100869, 164.68246424245393], [78.07899311649915, 167.14800332367017], [79.75161853228042, 168.78062605055038], [77.88660272039479, 170.5353779683228], [76.29760932141355, 168.91386269940153], [69.84114578304926, 175.31094185386524], [72.56752428950482, 178.02087004701687], [73.94746842297849, 176.51044714625363], [74.9092266783809, 177.52111697467657], [78.99051584597318, 173.37856514074645]]]}, "properties": {"id": "bw1553667043", "height": null, "levels": 9, "osm_id": 1553667043, "tags": {"building": "public"}}}, {"type": "Feature", "geometry": {"type": "Polygon", "coordinates": [[[-12.553204191611128, 158.1405034429488], [-9.559164888563206, 161.11694787888075], [-6.94147332646519, 163.7157847129389], [-4.4659615079436765, 161.1835798692265], [-2.617688410747049, 162.9494572990695], [-5.1182898970338835, 165.52608614895192], [-3.7132684239291422, 166.9254605847154], [-0.5352456643105679, 170.10181945579507], [1.0621278824210352, 171.68999942135935], [8.881721240578736, 179.48652438750005], [9.266428080741246, 179.8641340846875], [9.734768092421806, 179.35325164246356], [8.011950348069991, 177.5096280825384], [12.804075206356908, 172.74509521105907], [14.334539687918703, 174.277747224747], [15.421759393306194, 173.06717875144287], [7.426538691766989, 165.12626663569407], [1.371569100109807, 159.08451570389576], [0.20071739514566747, 160.3172985599069], [-1.597376369594808, 158.35150965342254], [-0.46834078745020263, 157.2408941953811], [-1.0704933171074664, 156.64116200026936], [-3.3536559037857003, 154.3532951942489], [-4.532870820421941, 155.55276035065327], [-7.3429188669157615, 152.92060441491975], [-6.063345244831089, 151.6322894971302], [-12.277239234398346, 145.42395794154186], [-18.767098131777946, 151.94328354090354], [-16.60937867694306, 154.1089780877417], [-15.037087864708377, 155.65272991032546], [-12.787374967816088, 157.9072746398775], [-12.553204191611128, 158.1405034429488]]]}, "properties": {"id": "bw1553667062", "height": null, "levels": 7, "osm_id": 1553667062, "tags": {"building": "residential"}}}, {"type": "Feature", "geometry": {"type": "Polygon", "coordinates": [[[81.97629629666105, 163.24978662486674], [83.84131664426955, 161.35065579145277], [71.4304147656884, 148.9782684736327], [69.67411793873865, 150.7330235212754], [65.62627537426417, 154.75341307761872], [63.90343456297841, 156.47485138444299], [61.386081490460406, 158.96260788759776], [57.421880778092095, 162.92747202216123], [58.63453805217354, 164.14915856878315], [69.84114578304926, 175.31094185386524], [76.29760932141355, 168.91386269940153], [78.07899311649915, 167.14800332367017], [80.53780629100869, 164.68246424245393], [81.97629629666105, 163.24978662486674]]]}, "properties": {"id": "bw1553667093", "height": null, "levels": 11, "osm_id": 1553667093, "tags": {"building": "residential"}}}, {"type": "Feature", "geometry": {"type": "Polygon", "coordinates": [[[20.464921918603075, 121.06818391612423], [21.987032526571692, 122.56751894115331], [22.806635867025996, 121.60128622045252], [24.077848547249303, 122.88960400469345], [25.79231840642705, 122.91182220980767], [25.942855559928045, 123.37828114508297], [26.28574811447921, 123.76699771390976], [26.695546764512123, 124.15571454473928], [27.339517449380114, 124.37783999408879], [28.117301255921262, 124.36673681810399], [28.761274479077798, 123.93359940201022], [29.14598734197559, 123.28944410215946], [29.405252916612554, 122.23436067332312], [29.530703486577167, 121.85675200431933], [29.5056229941103, 119.56888452488107], [33.02656108991308, 119.42451973543474], [29.731430376487488, 119.80211464646335], [29.748148029454153, 121.96781441777735], [29.539062319294832, 122.94515496961394], [29.43870003620983, 123.70037292226573], [30.024126567490924, 124.22236448651994], [27.030064873932645, 127.52087996601412], [27.515132336375157, 127.98734019360012], [28.560536029217797, 129.02021641789585], [31.404032564248105, 131.83008476197668], [32.94287889290925, 130.3085487008007], [38.0862566504211, 135.4062979211561], [36.547410492428085, 136.8945144444576], [40.963182848822186, 141.2481498950862], [34.20564430764884, 148.68923718727993], [35.01687498011596, 149.40003484145424], [33.50312110402228, 151.11037522155357], [34.43143590893916, 152.0210841080694], [42.552189307453446, 143.02514348208652], [47.13528051748642, 137.93855392125332], [53.3910429613639, 131.01946426398757], [37.45911763399757, 115.09314190929153], [32.976401117295325, 115.10422627772985], [21.819789062538266, 115.29298868542375], [17.76359980750708, 115.30408376056776], [16.19966355550419, 116.87004756109842], [20.464921918603075, 121.06818391612423]]]}, "properties": {"id": "bw1553667095", "height": null, "levels": 8, "osm_id": 1553667095, "tags": {"building": "office"}}}, {"type": "Feature", "geometry": {"type": "Polygon", "coordinates": [[[-9.709640314357644, 207.84053557568905], [-6.456370141778431, 204.54200426485764], [-6.121843463552946, 204.2199255141668], [-7.259236291223472, 203.07599272686295], [-5.344070546272254, 201.13241415620573], [-3.7467044164266445, 199.56644548100826], [-2.5842220578616075, 200.7103788050636], [1.7729948367894952, 196.36787247293765], [2.7933035886929702, 195.323894353638], [24.194765250210992, 173.52255501563258], [19.36920621870773, 168.70247002288022], [16.550795595431694, 171.8232920828511], [15.421759393306194, 173.06717875144287], [14.334539687918703, 174.277747224747], [9.734768092421806, 179.35325164246356], [9.266428080741246, 179.8641340846875], [8.881721240578736, 179.48652438750005], [6.799281690474536, 181.7077528081841], [4.28195686886708, 184.39544000906614], [2.5758640315284764, 186.21684836770285], [-3.4289068745915596, 192.6362054554032], [-3.9056088194171146, 192.15864109233593], [-4.767016655263056, 192.96939081785504], [-9.885294229241529, 187.79392844577046], [-14.80284187325174, 192.63621976287595], [-19.72877216052212, 187.91611624737888], [-20.213836019311763, 188.3936821838787], [-24.127797080987982, 192.2919540498329], [-25.357181426930044, 193.51363514184143], [-23.21619921065704, 195.53494792287336], [-23.16601449610992, 197.28972003822287], [-24.78847289276787, 196.97875310323352], [-26.879275723735482, 195.03518367080625], [-31.82189629435879, 199.955229760543], [-16.768139126743996, 215.0262300475244], [-11.78370303111299, 209.95070788514263], [-14.175573546671819, 207.59620755145775], [-14.125397664319651, 205.98581514908778], [-12.6451155644248, 206.3523154898587], [-10.395419246703371, 208.54022421829907], [-9.709640314357644, 207.84053557568905]]]}, "properties": {"id": "bw1553667096", "height": null, "levels": 9, "osm_id": 1553667096, "tags": {"building": "residential"}}}, {"type": "Feature", "geometry": {"type": "Polygon", "coordinates": [[[-23.015594077958582, 160.4950335550129], [-21.418213355567246, 162.12763315200988], [-19.22704311265711, 164.34885761928533], [-16.868620538396495, 161.98324114472982], [-15.204335737672821, 163.62694811329567], [-17.646390637940094, 165.93703349194226], [-15.05378747034012, 168.58029208744443], [-10.880536768369588, 172.76730437424703], [-6.949824106767958, 176.68777164116534], [-5.461172325829188, 178.18710106287682], [1.3130218298837515, 184.95074653393652], [2.5758640315284764, 186.21684836770285], [4.28195686886708, 184.39544000906614], [2.6176812738000095, 182.70730389695265], [5.185185229230604, 180.08625308098084], [6.799281690474536, 181.7077528081841], [8.881721240578736, 179.48652438750005], [1.0621278824210352, 171.68999942135935], [-0.5352456643105679, 170.10181945579507], [-3.7132684239291422, 166.9254605847154], [-5.1182898970338835, 165.52608614895192], [-6.94147332646519, 163.7157847129389], [-8.396672214554304, 165.04852462259518], [-14.117125578220916, 159.228909312933], [-12.787374967816088, 157.9072746398775], [-15.037087864708377, 155.65272991032546], [-16.60937867694306, 154.1089780877417], [-18.767098131777946, 151.94328354090354], [-25.156587053131915, 158.3404469887229], [-23.015594077958582, 160.4950335550129]]]}, "properties": {"id": "bw1553667098", "height": null, "levels": 9, "osm_id": 1553667098, "tags": {"building": "residential"}}}]}