{"type": "FeatureCollection", "features": [{"type": "Feature", "geometry": {"type": "Polygon", "coordinates": [[[-215.816, -170.541], [-220.707, -173.799], [-223.582, -171.018], [-223.526, -170.96], [-225.358, -169.116], [-225.417, -169.057], [-225.434, -169.039], [-225.435, -169.038], [-225.44, -169.033], [-225.538, -168.934], [-227.683, -166.775], [-227.824, -166.632], [-227.866, -166.59], [-230.008, -164.433], [-230.013, -164.428], [-231.279, -163.207], [-232.887, -161.656], [-232.734, -161.497], [-232.295, -160.973], [-231.912, -160.425], [-231.768, -160.179], [-230.627, -156.332], [-230.627, -156.331], [-230.651, -156.21], [-230.665, -156.18], [-230.789, -156.025], [-230.96, -155.811], [-227.838, -153.311], [-218.325, -143.686], [-217.71, -143.064], [-215.82, -140.936], [-215.706, -141.037], [-215.512, -140.841], [-200.666, -131.402], [-200.663, -131.4], [-200.661, -131.398], [-200.659, -131.395], [-198.521, -133.53], [-198.313, -133.738], [-198.196, -133.854], [-198.151, -133.899], [-198.071, -133.979], [-198.026, -134.024], [-198.025, -134.024], [-198.019, -134.018], [-195.467, -136.57], [-195.388, -136.649], [-195.38, -136.641], [-192.847, -139.177], [-192.75, -139.274], [-192.74, -139.264], [-190.113, -141.897], [-190.029, -141.818], [-187.478, -144.519], [-187.474, -144.523], [-187.478, -144.526], [-187.515, -144.564], [-199.229, -156.558], [-202.024, -159.42], [-205.571, -162.28], [-205.563, -163.054], [-206.543, -163.064], [-212.677, -168.01], [-215.816, -170.541]]]}, "properties": {"id": "j1", "name": "", "osm_node_ids": [301572279, 301572963], "osm_way_ids": [1408525895], "tags": {"kind": "intersection", "centre": [-214.89827432515378, -156.33251566761413], "hull_wkt": "POLYGON ((-214.45645443140467 -169.07561962560632, -215.1314621533718 -169.69028690063132, -215.86346745721144 -170.23583205811383, -216.64542073169272 -170.70700119996198, -217.46979133932334 -171.0992567097725, -218.32864014050492 -171.40882095255725, -219.2136959517876 -171.6327126554332, -220.116435201888 -171.76877561890998, -221.02816401834022 -171.81569948226974, -221.9401019542401 -171.7730323430571, -222.843466548749 -171.641185109147, -223.72955790699243 -171.4214275414769, -224.58984248480368 -171.11587602555522, -225.4160352714191 -170.72747318951178, -226.20017957866065 -170.25995956498022, -226.93472366819267 -169.71783756373372, -227.61259347889037 -169.10632811699833, -228.22726075391537 -168.43132039503118, -228.77280591139788 -167.69931509119155, -229.24397505324603 -166.91736181671027, -229.63623056305656 -166.09299120907966, -229.9457948058413 -165.23414240789808, -230.16968650871726 -164.3490865966154, -230.30574947219404 -163.44634734651498, -230.3526733355538 -162.53461853006277, -230.31000619634116 -161.6226805941629, -230.17815896243104 -160.719315999654, -229.95840139476095 -159.83322464141057, -229.65284987883928 -158.9729400635993, -229.26444704279584 -158.1467472769839, -228.79693341826427 -157.36260296974234, -228.25481141701778 -156.62805888021032, -227.64330197028238 -155.95018906951262, -215.3400942189029 -143.58941170962197, -214.66508649693574 -142.97474443459697, -213.93308119309611 -142.42919927711446, -213.15112791861483 -141.9580301352663, -212.32675731098422 -141.5657746254558, -211.46790850980264 -141.25621038267104, -210.58285269851996 -141.03231867979508, -209.68011344841955 -140.8962557163183, -208.76838463196734 -140.84933185295856, -207.85644669606745 -140.89199899217118, -206.95308210155855 -141.02384622608133, -206.06699074331513 -141.2436037937514, -205.20670616550387 -141.54915530967307, -204.38051337888845 -141.9375581457165, -203.5963690716469 -142.40507177024807, -202.86182498211488 -142.94719377149457, -202.18395517141718 -143.55870321822997, -201.56928789639218 -144.2337109401971, -201.02374273890968 -144.96571624403674, -200.55257359706152 -145.74766951851802, -200.160318087251 -146.57204012614864, -199.85075384446625 -147.43088892733022, -199.6268621415903 -148.3159447386129, -199.49079917811352 -149.2186839887133, -199.44387531475377 -150.13041280516552, -199.4865424539664 -151.0423507410654, -199.61838968787652 -151.9457153355743, -199.8381472555466 -152.83180669381773, -200.14369877146828 -153.69209127162898, -200.53210160751172 -154.5182840582444, -200.99961523204328 -155.30242836548595, -201.54173723328978 -156.03697245501797, -202.15324668002518 -156.71484226571567, -214.45645443140467 -169.07561962560632))", "area_wkt": "POLYGON ((-234.8915086455916 -159.51556708284855, -233.62567903681852 -156.20115257325799, -228.0827512103389 -150.4326214681639, -213.75963338100632 -136.2424298364331, -204.36679115471915 -127.71509414271569, -183.76642497000879 -148.2116429511332, -212.79865410895223 -177.39092366862826, -216.47967922182414 -178.05691108133178, -234.8915086455916 -159.51556708284855))", "area_source": "plaza", "plaza_wkt": "POLYGON ((-234.8915086455916 -159.51556708284855, -233.62567903681852 -156.20115257325799, -228.0827512103389 -150.4326214681639, -213.75963338100632 -136.2424298364331, -204.36679115471915 -127.71509414271569, -183.76642497000879 -148.2116429511332, -212.79865410895223 -177.39092366862826, -216.47967922182414 -178.05691108133178, -234.8915086455916 -159.51556708284855))", "trim_area_wkt": "POLYGON ((-217.74360508213385 -173.32134127414258, -218.81893776987292 -173.59336713233918, -219.9157556335183 -173.75868207672124, -221.0234957174615 -173.81569403400405, -222.1314898791418 -173.76385394787303, -223.229067529091 -173.60366106669633, -224.30565839454312 -173.33665813549, -225.3508943169394 -172.96541653844022, -226.3547091029631 -172.49351153506788, -227.30743546748386 -171.92548782852492, -228.1998981347981 -171.2668157976188, -229.0235022015499 -170.52383881407377, -229.7703159103486 -169.703712152394, -230.4331470369286 -168.81433408065828, -231.00561215520062 -167.86426979588092, -231.4821981131344 -166.8626689364823, -231.85831512742664 -165.81917746626914, -232.13034098562323 -164.7438447785301, -232.2956559300053 -163.6470269148847, -232.3526678872881 -162.5392868309415, -232.30082780115708 -161.43129266926118, -232.14063491998039 -160.333715019312, -231.87363198877406 -159.25712415385988, -231.50239039172428 -158.2118882314636, -231.03048538835193 -157.20807344543988, -230.46246168180897 -156.25534708091914, -229.80378965090284 -155.3628844136049, -229.06081266735782 -154.5392803468531, -216.75760491597833 -142.17850298696246, -215.93747825429855 -141.43168927816376, -215.04810018256285 -140.76885815158374, -214.09803589778548 -140.19639303331172, -213.09643503838686 -139.71980707537796, -212.0529435681737 -139.34369006108574, -210.97761088043464 -139.0716642028891, -209.88079301678926 -138.90634925850705, -208.77305293284604 -138.84933730122424, -207.66505877116575 -138.90117738735526, -206.56748112121656 -139.06137026853196, -205.49089025576444 -139.32837319973828, -204.44565433336817 -139.69961479678807, -203.44183954734444 -140.1715198001604, -202.4891131828237 -140.73954350670337, -201.59665051550945 -141.39821553760953, -200.77304644875767 -142.14119252115452, -200.02623273995897 -142.9613191828343, -199.36340161337895 -143.85069725457004, -198.79093649510693 -144.80076153934738, -198.31435053717317 -145.802362398746, -197.93823352288092 -146.84585386895915, -197.66620766468432 -147.92118655669822, -197.50089272030226 -149.0180044203436, -197.44388076301945 -150.12574450428679, -197.49572084915047 -151.2337386659671, -197.65591373032717 -152.3313163159163, -197.9229166615335 -153.40790718136842, -198.29415825858328 -154.4531431037647, -198.76606326195562 -155.4569578897884, -199.33408696849858 -156.40968425430916, -199.99275899940474 -157.3021469216234, -200.73573598294973 -158.1257509883752, -213.03894373432922 -170.48652834826584, -213.859070396009 -171.23334205706453, -214.74844846774474 -171.89617318364455, -215.69851275252208 -172.46863830191657, -216.7001136119207 -172.94522425985033, -217.74360508213385 -173.32134127414258))", "n_incoming": 3, "n_outgoing": 3, "plaza_source": "lanegraph", "polygon_source": "surfaces"}, "connections": [{"id": "j1c1", "incoming_road": "r18", "connecting_road": "j1c1", "contact_point": "start", "lane_links": [{"from_lane": -1, "to_lane": -1}]}, {"id": "j1c2", "incoming_road": "r18", "connecting_road": "j1c2", "contact_point": "start", "lane_links": [{"from_lane": -1, "to_lane": -1}]}, {"id": "j1c3", "incoming_road": "r55", "connecting_road": "j1c3", "contact_point": "start", "lane_links": [{"from_lane": -5, "to_lane": -1}]}, {"id": "j1c4", "incoming_road": "r55", "connecting_road": "j1c4", "contact_point": "start", "lane_links": [{"from_lane": -1, "to_lane": -1}]}, {"id": "j1c5", "incoming_road": "r55", "connecting_road": "j1c5", "contact_point": "start", "lane_links": [{"from_lane": -1, "to_lane": -1}]}, {"id": "j1c6", "incoming_road": "r55", "connecting_road": "j1c6", "contact_point": "start", "lane_links": [{"from_lane": -2, "to_lane": -1}]}, {"id": "j1c7", "incoming_road": "r55", "connecting_road": "j1c7", "contact_point": "start", "lane_links": [{"from_lane": -3, "to_lane": -1}]}, {"id": "j1c8", "incoming_road": "r55", "connecting_road": "j1c8", "contact_point": "start", "lane_links": [{"from_lane": -4, "to_lane": -1}]}, {"id": "j1c9", "incoming_road": "r55", "connecting_road": "j1c9", "contact_point": "start", "lane_links": [{"from_lane": -5, "to_lane": -1}]}, {"id": "j1c10", "incoming_road": "r56", "connecting_road": "j1c10", "contact_point": "start", "lane_links": [{"from_lane": -1, "to_lane": -1}]}, {"id": "j1c11", "incoming_road": "r56", "connecting_road": "j1c11", "contact_point": "start", "lane_links": [{"from_lane": -1, "to_lane": -1}]}], "has_polygon": true}}, {"type": "Feature", "geometry": {"type": "Polygon", "coordinates": [[[-214.549, 29.262], [-217.067, 31.693], [-217.097, 31.662], [-219.584, 34.125], [-218.889, 34.845], [-218.195, 35.564], [-217.501, 36.284], [-216.808, 37.005], [-216.115, 37.726], [-215.422, 38.447], [-214.73, 39.169], [-214.038, 39.891], [-213.346, 40.613], [-212.655, 41.336], [-211.964, 42.059], [-211.274, 42.782], [-210.583, 43.506], [-209.893, 44.229], [-209.204, 44.953], [-208.514, 45.678], [-207.825, 46.402], [-207.136, 47.127], [-206.447, 47.852], [-205.758, 48.577], [-205.07, 49.302], [-204.381, 50.027], [-203.693, 50.753], [-203.005, 51.479], [-202.317, 52.204], [-201.791, 52.759], [-201.983, 52.966], [-202.662, 53.698], [-203.34, 54.429], [-204.02, 55.16], [-204.699, 55.889], [-205.379, 56.618], [-206.061, 57.347], [-206.045, 57.362], [-203.795, 59.756], [-203.65, 59.601], [-202.942, 58.896], [-202.181, 58.248], [-201.364, 57.672], [-201.081, 57.514], [-201.072, 57.786], [-202.108, 61.552], [-204.831, 71.454], [-196.426, 79.414], [-188.828, 79.332], [-186.719, 77.031], [-184.479, 79.256], [-183.962, 78.696], [-183.204, 77.876], [-182.525, 77.142], [-181.847, 76.407], [-181.168, 75.673], [-181.162, 75.666], [-178.303, 78.082], [-178.447, 78.588], [-178.821, 79.514], [-179.286, 80.399], [-179.829, 81.239], [-180.437, 82.032], [-181.019, 82.693], [-178.462, 85.082], [-178.461, 85.081], [-177.761, 84.332], [-177.079, 83.603], [-176.397, 82.874], [-175.714, 82.145], [-175.03, 81.417], [-174.766, 81.136], [-174.732, 81.171], [-174.037, 81.89], [-173.341, 82.608], [-172.645, 83.326], [-171.948, 84.043], [-171.251, 84.76], [-170.553, 85.476], [-169.855, 86.192], [-169.156, 86.907], [-168.456, 87.622], [-167.756, 88.336], [-167.056, 89.049], [-166.354, 89.762], [-165.652, 90.474], [-164.95, 91.186], [-164.247, 91.897], [-163.543, 92.607], [-162.838, 93.317], [-162.133, 94.026], [-161.427, 94.734], [-160.72, 95.442], [-160.013, 96.148], [-159.305, 96.855], [-158.596, 97.56], [-157.915, 98.236], [-155.564, 95.92], [-155.59, 95.894], [-155.449, 95.752], [-155.45, 95.751], [-152.985, 93.267], [-152.986, 93.266], [-152.436, 92.712], [-152.422, 92.698], [-150.52, 90.782], [-150.521, 90.781], [-148.068, 88.284], [-148.076, 88.276], [-148.093, 88.259], [-148.49, 87.869], [-148.734, 87.634], [-149.234, 87.152], [-149.979, 86.448], [-150.721, 85.754], [-151.457, 85.07], [-152.19, 84.389], [-152.917, 83.712], [-153.638, 83.038], [-154.352, 82.364], [-155.058, 81.689], [-155.755, 81.013], [-156.442, 80.335], [-157.117, 79.654], [-157.779, 78.969], [-158.425, 78.28], [-159.053, 77.587], [-159.661, 76.889], [-160.245, 76.187], [-160.802, 75.481], [-161.325, 74.772], [-161.809, 74.064], [-162.247, 73.358], [-162.63, 72.661], [-162.947, 71.983], [-163.19, 71.338], [-163.349, 70.743], [-163.423, 70.216], [-163.42, 69.768], [-163.353, 69.383], [-163.221, 69.026], [-163.008, 68.659], [-162.626, 68.188], [-162.626, 68.187], [-162.55, 68.093], [-163.546, 67.287], [-164.986, 65.585], [-165.271, 65.891], [-165.953, 66.623], [-166.635, 67.354], [-167.317, 68.085], [-167.829, 68.632], [-167.872, 68.565], [-168.283, 67.851], [-168.64, 67.145], [-168.935, 66.454], [-169.16, 65.789], [-169.172, 65.741], [-164.107, 52.574], [-176.742, 40.155], [-179.992, 43.634], [-188.996, 43.803], [-188.688, 43.473], [-187.984, 42.72], [-190.433, 40.219], [-190.758, 40.537], [-191.164, 40.85], [-191.539, 41.054], [-191.936, 41.19], [-192.386, 41.266], [-192.906, 41.277], [-193.497, 41.214], [-194.147, 41.075], [-194.839, 40.863], [-195.558, 40.585], [-196.294, 40.25], [-197.039, 39.864], [-197.787, 39.435], [-198.536, 38.97], [-199.282, 38.473], [-200.025, 37.948], [-200.764, 37.399], [-201.498, 36.829], [-202.226, 36.24], [-202.95, 35.635], [-203.668, 35.015], [-204.382, 34.381], [-205.091, 33.736], [-205.796, 33.08], [-206.496, 32.415], [-207.194, 31.741], [-207.888, 31.058], [-208.58, 30.369], [-209.27, 29.672], [-209.959, 28.97], [-210.648, 28.261], [-211.318, 27.569], [-211.336, 27.55], [-212.032, 26.83], [-212.033, 26.829], [-214.55, 29.261], [-214.549, 29.262]]]}, "properties": {"id": "j2", "name": "", "osm_node_ids": [442540238, 442540251, 1311770048], "osm_way_ids": [525638418, 908375878], "tags": {"kind": "intersection", "centre": [-183.6198903029115, 62.15235321671506], "hull_wkt": "POLYGON ((-188.89601210275785 41.796216379776695, -189.65391861817938 41.099664061618284, -190.47638777286235 40.48067140605174, -191.35551485553768 39.945187521553784, -192.2828506183304 39.498358917841045, -193.24948248207247 39.144480043014134, -194.24612019467006 38.88695200982459, -195.26318511926715 38.72824990774473, -196.29090229406108 38.66989901500246, -197.31939437898774 38.71246013920591, -198.3387765863592 38.85552422744873, -199.3392516830801 39.09771629769774, -200.31120415138128 39.43670865367875, -201.2452926030957 39.86924325625289, -202.13253955928872 40.39116303627322, -202.9644177323737 40.997451847975235, -203.7329319814607 41.682282678911214, -204.43069615326894 42.439073653085075, -205.05100407008865 43.26055128904422, -205.58789398253086 44.138820404958054, -206.0362058676123 45.065439998828666, -206.39163102148694 46.031504374552895, -206.65075347019004 47.027728734136794, -206.8110828003989 48.044538413440165, -206.8710780946748 49.07216090381053, -206.83016274114593 50.10071977519118, -206.68872997529635 51.12032959801282, -206.44813910059855 52.12119095157904, -206.11070242431379 53.09368460582473, -205.67966303401852 54.028463971271, -205.15916362844686 54.9165449286447, -204.55420670221315 55.74939217481419, -203.8706064670783 56.51900125517499, -178.77157861889742 82.12914951933331, -178.01598081281819 82.82806034087919, -177.19558417943713 83.44963394469677, -176.31827200027436 83.98789756163403, -175.3924744645918 84.43767895736957, -174.42708766277718 84.79465613298146, -173.43138810283253 85.05539885551032, -172.4149435713882 85.21740161944534, -171.3875211957882 85.27910772240239, -170.35899359068898 85.2399242236485, -169.3392439910189 85.10022764173465, -168.33807128288623 84.86136033648752, -167.36509584500445 84.52561761012629, -166.42966710541458 84.096225651451, -165.5407737018024 83.57731053503939, -164.70695710868992 82.97385857334233, -163.93622956146686 82.29166840265879, -163.2359970659392 81.53729526340159, -162.61298823320433 80.71798801007101, -162.07318962368697 79.84161945621433, -161.6217882216211 78.91661072369412, -161.2631215927477 77.95185032320168, -161.00063620416844 76.95660874357988, -160.83685430686398 75.94044937067568, -160.77334969910677 74.91313659171334, -160.81073260366026 73.88454196822319, -160.94864380408126 72.86454937912063, -161.18575809647032 71.86296004542615, -161.51979702350172 70.8893983492541, -161.94755076837066 69.95321935206587, -162.46490899827606 69.06341890085513, -163.06690036106085 68.22854718606402, -163.7477402554817 67.45662658186258, -175.69087650152153 55.18462136469772, -175.74012050061683 55.134359426770146, -188.89601210275785 41.796216379776695))", "area_wkt": "POLYGON ((-147.0682538510019 84.79476949862115, -146.88478695326478 84.72515472044482, -154.33879231651142 62.176367191835176, -179.85156024008984 37.097620412019126, -185.18158901025112 32.10955532530933, -208.7000863740284 23.607952807237098, -222.91689058440528 37.34605231349377, -214.00529512157843 62.76563259306388, -188.01081669149164 87.38459068678226, -182.52114796266807 92.49473131574506, -159.67900966295002 100.01438023404202, -146.30978612463463 86.53441011492491, -147.0682538510019 84.79476949862115))", "area_source": "plaza", "plaza_wkt": "POLYGON ((-147.0682538510019 84.79476949862115, -146.88478695326478 84.72515472044482, -154.33879231651142 62.176367191835176, -179.85156024008984 37.097620412019126, -185.18158901025112 32.10955532530933, -208.7000863740284 23.607952807237098, -222.91689058440528 37.34605231349377, -214.00529512157843 62.76563259306388, -188.01081669149164 87.38459068678226, -182.52114796266807 92.49473131574506, -159.67900966295002 100.01438023404202, -146.30978612463463 86.53441011492491, -147.0682538510019 84.79476949862115))", "trim_area_wkt": "POLYGON ((-195.05207178585414 36.73942332896637, -196.27554461298976 36.669957980463664, -197.49993995218819 36.72062598546777, -198.71349019905895 36.89094037623303, -199.90453198086956 37.179264269386614, -201.06161825265664 37.58282659793544, -202.17362831422145 38.09774874385703, -203.2298746906417 38.719081815309806, -204.22020584907622 39.44085421019315, -205.13510376465598 40.256129008926465, -205.96577539776104 41.157070644847735, -206.70423720349876 42.13502021146576, -207.34339186116807 43.18057868279174, -207.87709648626503 44.28369724692343, -208.30022166944912 45.43377388469036, -208.60870077504805 46.61975526514739, -208.7995690252967 47.83024297860378, -208.87099199467275 49.05360308618755, -208.82228324047173 50.278077933069284, -208.6539109001746 51.49189915071409, -208.36749319220107 52.683400762102444, -207.9657828632906 53.84113130287112, -207.45264073198675 54.953963880783355, -206.83299858249666 56.01120311575204, -206.11281176555178 57.00268793262048, -205.29900196181978 57.91888921876429, -180.19997411363892 83.52903748292262, -179.30045291592552 84.36107417523914, -178.32379025713857 85.10104275121246, -177.2793709962305 85.74183277137584, -176.1772310727989 86.27728681391817, -175.02796107063864 86.70225964202756, -173.8426044516569 87.0126676450381, -172.6325514380327 87.20552807829408, -171.4094295623184 87.27898772467152, -170.1849919372003 87.23234070234547, -168.97100431854543 87.06603524768612, -167.77913204695892 86.78166940810621, -166.62082795424251 86.38197568624759, -165.50722231187362 85.87079478306272, -164.44901587900196 85.25303869209652, -163.45637707767762 84.53464349960002, -162.53884428336445 83.72251234402438, -161.705234169641 82.8244490830039, -160.9635569878138 81.84908330522941, -160.32093959553126 80.80578740778098, -159.78355697402424 79.7045865357331, -159.3565728920321 78.55606224943259, -159.04409028658063 77.37125084512091, -158.84911183740863 76.16153730594924, -158.77351111388813 74.93854590242266, -158.8180145716899 73.71402849350581, -158.9821945721911 72.49975160171704, -159.2644734917019 71.30738334731885, -159.662138881025 70.1483813280664, -160.1713695296785 69.03388252188996, -160.78727218432778 67.97459627044859, -161.50392856859537 66.98070137188775, -162.3144522524297 66.06174827164794, -174.25758849846954 53.789743054483075, -174.31621230691633 53.72990741409311, -187.47210390905735 40.391764367099654, -188.37437357027343 39.562535416911075, -189.35350351632462 38.82563939837948, -190.40008337665236 38.18815858350095, -191.5040545228342 37.65621976955721, -192.65480674157476 37.23493539476327, -193.84128020895284 36.92835440287096, -195.05207178585414 36.73942332896637))", "n_incoming": 5, "n_outgoing": 5, "plaza_source": "lanegraph", "polygon_source": "surfaces"}, "connections": [{"id": "j2c1", "incoming_road": "r5", "connecting_road": "j2c1", "contact_point": "start", "lane_links": [{"from_lane": -3, "to_lane": -1}]}, {"id": "j2c2", "incoming_road": "r5", "connecting_road": "j2c2", "contact_point": "start", "lane_links": [{"from_lane": -1, "to_lane": -1}]}, {"id": "j2c3", "incoming_road": "r5", "connecting_road": "j2c3", "contact_point": "start", "lane_links": [{"from_lane": -2, "to_lane": -1}]}, {"id": "j2c4", "incoming_road": "r5", "connecting_road": "j2c4", "contact_point": "start", "lane_links": [{"from_lane": -3, "to_lane": -1}]}, {"id": "j2c5", "incoming_road": "r5", "connecting_road": "j2c5", "contact_point": "start", "lane_links": [{"from_lane": -1, "to_lane": -1}]}, {"id": "j2c6", "incoming_road": "r5", "connecting_road": "j2c6", "contact_point": "start", "lane_links": [{"from_lane": -3, "to_lane": -1}]}, {"id": "j2c7", "incoming_road": "r5", "connecting_road": "j2c7", "contact_point": "start", "lane_links": [{"from_lane": -1, "to_lane": -1}]}, {"id": "j2c8", "incoming_road": "r15", "connecting_road": "j2c8", "contact_point": "start", "lane_links": [{"from_lane": 4, "to_lane": -1}]}, {"id": "j2c9", "incoming_road": "r15", "connecting_road": "j2c9", "contact_point": "start", "lane_links": [{"from_lane": 1, "to_lane": -1}]}, {"id": "j2c10", "incoming_road": "r15", "connecting_road": "j2c10", "contact_point": "start", "lane_links": [{"from_lane": 2, "to_lane": -1}]}, {"id": "j2c11", "incoming_road": "r15", "connecting_road": "j2c11", "contact_point": "start", "lane_links": [{"from_lane": 3, "to_lane": -1}]}, {"id": "j2c12", "incoming_road": "r15", "connecting_road": "j2c12", "contact_point": "start", "lane_links": [{"from_lane": 4, "to_lane": -1}]}, {"id": "j2c13", "incoming_road": "r24", "connecting_road": "j2c13", "contact_point": "start", "lane_links": [{"from_lane": -1, "to_lane": -1}]}, {"id": "j2c14", "incoming_road": "r24", "connecting_road": "j2c14", "contact_point": "start", "lane_links": [{"from_lane": -1, "to_lane": -1}]}, {"id": "j2c15", "incoming_road": "r29", "connecting_road": "j2c15", "contact_point": "start", "lane_links": [{"from_lane": -1, "to_lane": -1}]}, {"id": "j2c16", "incoming_road": "r29", "connecting_road": "j2c16", "contact_point": "start", "lane_links": [{"from_lane": -1, "to_lane": -1}]}, {"id": "j2c17", "incoming_road": "r59", "connecting_road": "j2c17", "contact_point": "start", "lane_links": [{"from_lane": -1, "to_lane": -1}]}, {"id": "j2c18", "incoming_road": "r59", "connecting_road": "j2c18", "contact_point": "start", "lane_links": [{"from_lane": -2, "to_lane": -1}]}], "has_polygon": true}}, {"type": "Feature", "geometry": {"type": "Polygon", "coordinates": [[[-116.528, 120.23], [-119.07, 117.347], [-128.776, 127.134], [-123.405, 132.663], [-123.405, 132.664], [-122.008, 134.103], [-121.743, 134.503], [-122.678, 134.923], [-121.325, 137.933], [-118.59, 140.118], [-117.872, 139.219], [-117.757, 138.734], [-117.751, 138.738], [-116.986, 139.382], [-116.108, 140.213], [-116.101, 140.206], [-113.875, 142.415], [-110.819, 145.459], [-100.899, 135.458], [-103.748, 132.617], [-106.572, 129.93], [-106.578, 129.924], [-106.842, 129.673], [-106.852, 129.663], [-107.323, 129.177], [-107.981, 128.48], [-108.642, 127.766], [-109.307, 127.04], [-109.978, 126.302], [-110.659, 125.555], [-111.352, 124.803], [-112.06, 124.046], [-112.786, 123.29], [-113.509, 122.56], [-113.69, 122.739], [-113.712, 122.72], [-113.712, 122.719], [-116.528, 120.23]]]}, "properties": {"id": "j3", "name": "", "osm_node_ids": [3047640929], "osm_way_ids": [], "tags": {"kind": "intersection", "centre": [-114.41773875442794, 131.16455082277128], "hull_wkt": "POLYGON ((-107.41773875442794 131.16455082277128, -107.45144566772257 130.47843084046434, -107.55224179160533 129.79891856865837, -107.71915640430248 129.13255808199003, -107.95058202684893 128.48576679621564, -108.24428990398945 127.86477366498929, -108.59745146831013 127.27555919163406, -109.00666558088878 126.72379783362575, -109.46799128612211 126.21480335446545, -109.97698576528242 125.75347764923211, -110.52874712329073 125.34426353665346, -111.11796159664596 124.99110197233279, -111.73895472787231 124.69739409519227, -112.38574601364671 124.46596847264581, -113.05210650031505 124.29905385994866, -113.73161877212102 124.1982577360659, -114.41773875442794 124.16455082277128, -115.10385873673486 124.1982577360659, -115.78337100854084 124.29905385994866, -116.44973149520918 124.46596847264581, -117.09652278098358 124.69739409519227, -117.71751591220993 124.99110197233279, -118.30673038556516 125.34426353665346, -118.85849174357347 125.75347764923211, -119.36748622273377 126.21480335446545, -119.82881192796711 126.72379783362575, -120.23802604054576 127.27555919163406, -120.59118760486643 127.86477366498929, -120.88489548200695 128.48576679621564, -121.1163211045534 129.13255808199003, -121.28323571725056 129.79891856865837, -121.38403184113332 130.47843084046434, -121.41773875442794 131.16455082277128, -121.38403184113332 131.8506708050782, -121.28323571725056 132.53018307688419, -121.1163211045534 133.19654356355252, -120.88489548200695 133.8433348493269, -120.59118760486643 134.46432798055326, -120.23802604054576 135.05354245390848, -119.82881192796711 135.6053038119168, -119.36748622273377 136.11429829107712, -118.85849174357347 136.57562399631044, -118.30673038556516 136.98483810888908, -117.71751591220993 137.33799967320977, -117.09652278098358 137.63170755035028, -116.44973149520918 137.86313317289674, -115.78337100854084 138.0300477855939, -115.10385873673486 138.13084390947665, -114.41773875442794 138.16455082277128, -113.73161877212102 138.13084390947665, -113.05210650031505 138.0300477855939, -112.38574601364671 137.86313317289674, -111.73895472787231 137.63170755035028, -111.11796159664596 137.33799967320977, -110.52874712329073 136.9848381088891, -109.97698576528242 136.57562399631044, -109.46799128612211 136.11429829107712, -109.0066655808888 135.6053038119168, -108.59745146831013 135.05354245390848, -108.24428990398945 134.46432798055326, -107.95058202684893 133.8433348493269, -107.71915640430248 133.19654356355252, -107.55224179160533 132.53018307688419, -107.45144566772257 131.8506708050782, -107.41773875442794 131.16455082277128))", "area_wkt": "POLYGON ((-123.62221168359748 136.29920947366722, -123.7513456546624 136.4278854279523, -120.27829116099217 139.8725383492489, -120.2646298953867 139.8588231170964, -117.83458432755774 142.2727153231034, -112.32551527607535 146.97883536148083, -99.00507202603178 133.54804961170436, -101.87311119710252 130.69070168250747, -106.63388050643938 126.15754755931466, -111.76514273574017 120.8528784104856, -114.62226502216058 118.32722320137233, -116.08192671160911 116.67157484268806, -117.27696447949789 115.53961267565025, -130.6695467223302 129.04261834938558, -123.62221168359748 136.29920947366722))", "area_source": "plaza", "plaza_wkt": "POLYGON ((-123.62221168359748 136.29920947366722, -123.7513456546624 136.4278854279523, -120.27829116099217 139.8725383492489, -120.2646298953867 139.8588231170964, -117.83458432755774 142.2727153231034, -112.32551527607535 146.97883536148083, -99.00507202603178 133.54804961170436, -101.87311119710252 130.69070168250747, -106.63388050643938 126.15754755931466, -111.76514273574017 120.8528784104856, -114.62226502216058 118.32722320137233, -116.08192671160911 116.67157484268806, -117.27696447949789 115.53961267565025, -130.6695467223302 129.04261834938558, -123.62221168359748 136.29920947366722))", "trim_area_wkt": "POLYGON ((-105.59067123079888 129.4087379246261, -105.80527573283807 128.5519887274811, -106.10282296182636 127.72039993148547, -106.48044737529275 126.9219801913373, -106.93451224370504 126.16441872559486, -107.4606446741633 125.45501126529847, -108.05377772374902 124.80058979209235, -108.70819919695514 124.20745674250664, -109.41760665725153 123.68132431204837, -110.17516812299397 123.22725944363609, -110.97358786314214 122.8496350301697, -111.80517665913779 122.5520878011814, -112.66192585628279 122.3374832991422, -113.5355844914619 122.2078882827215, -114.41773875442794 122.16455082277128, -115.29989301739398 122.2078882827215, -116.1735516525731 122.3374832991422, -117.0303008497181 122.5520878011814, -117.86188964571375 122.8496350301697, -118.66030938586192 123.22725944363609, -119.41787085160436 123.68132431204836, -120.12727831190075 124.20745674250664, -120.78169978510687 124.80058979209235, -121.37483283469258 125.45501126529847, -121.90096526515086 126.16441872559486, -122.35503013356313 126.9219801913373, -122.73265454702953 127.72039993148546, -123.03020177601782 128.5519887274811, -123.24480627805701 129.4087379246261, -123.37440129447772 130.28239655980522, -123.41773875442794 131.16455082277128, -123.37440129447772 132.04670508573733, -123.24480627805701 132.92036372091644, -123.03020177601782 133.77711291806145, -122.73265454702953 134.60870171405708, -122.35503013356313 135.40712145420525, -121.90096526515086 136.1646829199477, -121.37483283469258 136.87409038024407, -120.78169978510687 137.5285118534502, -120.12727831190075 138.1216449030359, -119.41787085160436 138.6477773334942, -118.66030938586192 139.10184220190646, -117.86188964571376 139.47946661537284, -117.0303008497181 139.77701384436116, -116.1735516525731 139.99161834640034, -115.29989301739398 140.12121336282104, -114.41773875442794 140.16455082277128, -113.5355844914619 140.12121336282104, -112.66192585628279 139.99161834640034, -111.80517665913779 139.77701384436116, -110.97358786314213 139.47946661537284, -110.17516812299397 139.10184220190646, -109.41760665725153 138.6477773334942, -108.70819919695514 138.1216449030359, -108.05377772374902 137.5285118534502, -107.46064467416332 136.8740903802441, -106.93451224370504 136.1646829199477, -106.48044737529275 135.40712145420525, -106.10282296182636 134.60870171405708, -105.80527573283807 133.77711291806145, -105.59067123079888 132.92036372091644, -105.46107621437817 132.04670508573733, -105.41773875442794 131.16455082277128, -105.46107621437817 130.28239655980522, -105.59067123079888 129.4087379246261))", "n_incoming": 2, "n_outgoing": 2, "plaza_source": "lanegraph", "polygon_source": "surfaces"}, "connections": [{"id": "j3c1", "incoming_road": "r8", "connecting_road": "j3c1", "contact_point": "start", "lane_links": [{"from_lane": 1, "to_lane": -1}]}, {"id": "j3c2", "incoming_road": "r25", "connecting_road": "j3c2", "contact_point": "start", "lane_links": [{"from_lane": -1, "to_lane": -1}]}, {"id": "j3c3", "incoming_road": "r25", "connecting_road": "j3c3", "contact_point": "start", "lane_links": [{"from_lane": -1, "to_lane": -1}]}, {"id": "j3c4", "incoming_road": "r25", "connecting_road": "j3c4", "contact_point": "start", "lane_links": [{"from_lane": -2, "to_lane": -1}]}, {"id": "j3c5", "incoming_road": "r25", "connecting_road": "j3c5", "contact_point": "start", "lane_links": [{"from_lane": -3, "to_lane": -1}]}, {"id": "j3c6", "incoming_road": "r25", "connecting_road": "j3c6", "contact_point": "start", "lane_links": [{"from_lane": -4, "to_lane": -1}]}], "has_polygon": true}}, {"type": "Feature", "geometry": {"type": "Polygon", "coordinates": [[[-49.761, -67.74], [-64.581, -81.758], [-64.7, -81.63], [-64.78, -81.705], [-65.262, -81.189], [-65.943, -80.457], [-66.625, -79.726], [-67.306, -78.994], [-67.988, -78.263], [-68.67, -77.532], [-69.352, -76.8], [-70.034, -76.069], [-70.24, -75.848], [-70.08, -76.273], [-69.705, -77.199], [-69.306, -78.116], [-68.884, -79.023], [-68.437, -79.918], [-67.967, -80.8], [-67.473, -81.67], [-66.955, -82.525], [-66.559, -83.143], [-69.309, -84.968], [-69.339, -84.923], [-69.591, -85.084], [-70.01, -84.429], [-70.578, -83.493], [-71.121, -82.537], [-71.638, -81.568], [-71.655, -81.533], [-72.206, -80.767], [-72.78, -79.981], [-73.36, -79.2], [-73.948, -78.423], [-74.541, -77.65], [-75.141, -76.881], [-75.747, -76.116], [-76.359, -75.355], [-76.977, -74.597], [-77.6, -73.843], [-78.228, -73.093], [-78.862, -72.346], [-79.501, -71.603], [-80.144, -70.863], [-80.792, -70.126], [-81.445, -69.392], [-82.102, -68.661], [-82.763, -67.933], [-83.429, -67.208], [-84.098, -66.485], [-84.688, -65.854], [-84.75, -65.847], [-85.745, -65.75], [-86.742, -65.672], [-87.74, -65.612], [-88.739, -65.571], [-89.739, -65.547], [-90.739, -65.542], [-91.739, -65.556], [-92.738, -65.588], [-93.737, -65.638], [-94.734, -65.707], [-95.731, -65.796], [-96.725, -65.903], [-97.717, -66.029], [-98.706, -66.175], [-99.692, -66.341], [-100.675, -66.527], [-101.653, -66.734], [-102.627, -66.961], [-103.595, -67.21], [-104.558, -67.48], [-105.515, -67.772], [-106.464, -68.087], [-107.405, -68.425], [-108.337, -68.786], [-109.26, -69.171], [-110.172, -69.581], [-111.073, -70.016], [-111.96, -70.477], [-112.834, -70.963], [-113.692, -71.477], [-114.533, -72.017], [-115.356, -72.585], [-116.159, -73.181], [-116.941, -73.805], [-117.699, -74.457], [-118.431, -75.138], [-118.79, -75.491], [-121.292, -73.043], [-121.272, -73.022], [-121.342, -72.952], [-120.941, -72.549], [-120.236, -71.84], [-119.531, -71.131], [-119.512, -71.111], [-119.075, -70.603], [-118.588, -70.014], [-118.911, -70.338], [-119.617, -71.047], [-120.322, -71.755], [-121.027, -72.464], [-121.428, -72.866], [-121.576, -72.719], [-123.98, -70.327], [-123.579, -69.925], [-122.874, -69.216], [-122.168, -68.507], [-121.462, -67.798], [-120.756, -67.089], [-120.05, -66.38], [-119.344, -65.672], [-118.638, -64.963], [-117.931, -64.254], [-117.225, -63.546], [-116.519, -62.838], [-115.812, -62.129], [-115.106, -61.421], [-114.399, -60.713], [-113.693, -60.005], [-112.986, -59.297], [-112.279, -58.589], [-112.263, -58.572], [-112.421, -58.574], [-113.069, -59.222], [-113.776, -59.929], [-114.484, -60.636], [-115.191, -61.344], [-115.898, -62.051], [-116.604, -62.758], [-117.311, -63.466], [-118.018, -64.174], [-118.724, -64.881], [-119.43, -65.589], [-120.136, -66.297], [-120.843, -67.005], [-121.548, -67.714], [-122.254, -68.422], [-122.96, -69.131], [-123.665, -69.839], [-124.066, -70.242], [-124.894, -69.418], [-124.93, -69.382], [-125.675, -68.64], [-126.617, -67.702], [-126.217, -67.3], [-125.511, -66.591], [-124.805, -65.882], [-124.099, -65.173], [-123.392, -64.464], [-122.686, -63.755], [-121.979, -63.047], [-121.272, -62.339], [-120.566, -61.63], [-119.859, -60.922], [-119.151, -60.214], [-118.444, -59.506], [-117.737, -58.799], [-117.029, -58.091], [-116.322, -57.384], [-115.614, -56.676], [-114.907, -55.969], [-114.199, -55.262], [-113.774, -54.837], [-113.769, -54.68], [-114.284, -55.192], [-114.992, -55.898], [-115.7, -56.604], [-116.408, -57.311], [-117.116, -58.017], [-117.824, -58.723], [-118.531, -59.43], [-119.239, -60.137], [-119.946, -60.844], [-120.653, -61.551], [-121.36, -62.258], [-122.067, -62.966], [-122.773, -63.673], [-123.48, -64.381], [-124.186, -65.089], [-124.892, -65.798], [-125.598, -66.506], [-126.303, -67.215], [-126.703, -67.617], [-129.255, -65.078], [-128.855, -64.675], [-128.149, -63.966], [-127.442, -63.257], [-126.736, -62.548], [-126.029, -61.839], [-126.043, -61.851], [-126.778, -62.53], [-127.508, -63.213], [-128.232, -63.903], [-128.948, -64.601], [-129.341, -64.993], [-131.893, -62.453], [-131.492, -62.051], [-130.786, -61.341], [-130.079, -60.632], [-129.372, -59.923], [-128.665, -59.214], [-127.957, -58.506], [-127.249, -57.797], [-126.541, -57.089], [-125.833, -56.382], [-125.125, -55.674], [-124.416, -54.967], [-123.707, -54.26], [-122.999, -53.553], [-122.289, -52.847], [-121.58, -52.141], [-120.871, -51.435], [-120.161, -50.729], [-119.451, -50.023], [-118.741, -49.318], [-118.031, -48.612], [-117.321, -47.907], [-116.611, -47.202], [-115.9, -46.497], [-115.389, -45.991], [-114.974, -45.401], [-114.489, -44.664], [-114.044, -43.924], [-113.643, -43.186], [-113.384, -42.643], [-113.216, -37.399], [-113.327, -37.23], [-113.78, -36.696], [-113.781, -36.695], [-113.842, -36.623], [-113.173, -36.056], [-113.037, -31.81], [-98.8, -14.914], [-91.357, -15.035], [-90.378, -13.959], [-90.016, -14.288], [-89.593, -14.593], [-89.205, -14.791], [-88.806, -14.919], [-88.367, -14.986], [-87.864, -14.988], [-87.293, -14.917], [-86.665, -14.769], [-85.994, -14.546], [-85.295, -14.255], [-84.577, -13.904], [-83.851, -13.501], [-83.121, -13.054], [-82.39, -12.569], [-81.661, -12.052], [-80.935, -11.506], [-80.214, -10.936], [-79.497, -10.345], [-78.784, -9.735], [-78.434, -9.425], [-78.231, -9.223], [-77.523, -8.518], [-76.815, -7.813], [-76.108, -7.108], [-75.401, -6.402], [-74.694, -5.697], [-73.987, -4.991], [-73.28, -4.285], [-72.574, -3.579], [-71.868, -2.872], [-71.162, -2.166], [-70.456, -1.459], [-69.751, -0.752], [-69.046, -0.044], [-68.342, 0.663], [-67.637, 1.372], [-65.085, -1.168], [-65.084, -1.167], [-63.809, -2.437], [-63.383, -2.86], [-62.533, -3.707], [-62.532, -3.706], [-59.98, -6.245], [-57.428, -8.784], [-54.876, -11.323], [-55.571, -12.042], [-56.245, -12.78], [-56.899, -13.537], [-57.534, -14.31], [-58.148, -15.098], [-58.744, -15.902], [-59.32, -16.719], [-59.877, -17.55], [-60.415, -18.392], [-60.935, -19.246], [-61.438, -20.111], [-61.922, -20.986], [-62.389, -21.87], [-62.839, -22.763], [-63.272, -23.665], [-63.688, -24.574], [-64.087, -25.491], [-64.47, -26.415], [-64.836, -27.345], [-65.187, -28.282], [-65.521, -29.224], [-65.84, -30.172], [-66.143, -31.125], [-66.43, -32.083], [-66.702, -33.045], [-66.958, -34.012], [-67.198, -34.982], [-67.424, -35.957], [-67.633, -36.935], [-67.827, -37.916], [-67.858, -38.084], [-65.781, -40.365], [-50.5, -56.254], [-49.952, -61.873], [-68.337, -42.756], [-68.527, -42.547], [-68.564, -42.86], [-68.664, -43.855], [-68.748, -44.851], [-68.776, -45.267], [-68.035, -47.416], [-67.825, -47.641], [-67.144, -48.372], [-66.462, -49.104], [-65.781, -49.835], [-65.099, -50.567], [-64.418, -51.298], [-63.736, -52.029], [-63.054, -52.761], [-62.372, -53.492], [-61.691, -54.223], [-61.009, -54.955], [-60.327, -55.686], [-59.645, -56.417], [-58.963, -57.149], [-58.281, -57.88], [-57.599, -58.611], [-56.917, -59.343], [-56.235, -60.074], [-55.553, -60.806], [-54.871, -61.537], [-54.189, -62.269], [-53.507, -63.0], [-52.825, -63.732], [-52.143, -64.463], [-51.461, -65.195], [-50.779, -65.926], [-50.097, -66.658], [-49.415, -67.39], [-49.775, -67.725], [-49.761, -67.74]]]}, "properties": {"id": "j4", "name": "", "osm_node_ids": [33098957, 442540237, 442540252], "osm_way_ids": [294085164, 908375880], "tags": {"kind": "intersection", "centre": [-93.6567095886125, -34.71351212219044], "hull_wkt": "POLYGON ((-96.79079968527712 -52.51139737957314, -97.55941503629857 -53.18429024858537, -98.38978103241132 -53.779308469729095, -99.27403797234761 -54.290819989802536, -100.20381605842265 -54.713983175403555, -101.1703146195636 -55.04479264066387, -102.16438541270436 -55.28011715961126, -103.17661921406938 -55.417729304306036, -104.19743488072997 -55.456326528216714, -105.21717003943519 -55.39554349527325, -106.22617254431542 -55.23595553789933, -107.21489183778053 -54.97907321129202, -108.17396934984976 -54.6273279954945, -109.09432708025243 -54.18404928059676, -109.96725352483944 -53.653432852907194, -110.78448613298217 -53.0405011803844, -111.53828951547112 -52.35105587324138, -112.22152866264949 -51.5916227696988, -112.82773647974655 -50.769390166669844, -113.35117500016581 -49.89214078004444, -113.78688969732288 -48.96817807859234, -114.13075638095269 -48.00624768876011, -114.37952023399635 -47.015454614292885, -114.53082662057007 -46.005177054225676, -114.58324337340794 -44.984977634986826, -114.53627434982025 -43.96451289683242, -114.3903641278557 -42.95344189135376, -114.14689379821635 -41.961334755214395, -113.80816789175665 -40.997582125497416, -113.37739256630203 -40.071306254078536, -112.85864525925655 -39.19127466235788, -112.2568360932479 -38.36581715363842, -111.57766140011913 -37.60274696865752, -101.61664668615586 -27.451862516536544, -101.2237832949768 -27.0718236091357, -89.8660991237264 -16.643287646457168, -89.08036524017486 -15.989387367607057, -88.2347695710096 -15.414990923737346, -87.33732677790628 -14.925542516294664, -86.39654293607595 -14.5256811985954, -85.42133491261852 -14.219196906297244, -84.42094585133955 -14.008994535914285, -83.40485756507535 -13.897066411843962, -82.38270066588318 -13.884473402866867, -81.36416328489385 -13.971334867099545, -80.35889924699124 -14.156827520703317, -79.37643657065075 -14.43919324107163, -78.4260871601867 -14.815755730536356, -77.51685854635677 -15.282945882652333, -76.65736851185717 -15.83633561063534, -75.85576341089869 -16.47067981732331, -75.11964095704113 -17.179966108864278, -74.45597821111231 -17.957471780938427, -73.87106545175176 -18.795827537391773, -73.37044655536164 -19.687087337348196, -72.95886645055184 -20.622803708780264, -72.64022614511224 -21.59410781470724, -72.41754575177222 -22.59179351314296, -72.29293586319385 -23.60640461406278, -72.2675775475103 -24.628324506357142, -72.34171115401413 -25.647867305276332, -72.51463403509658 -26.65536965645939, -72.7847072060296 -27.64128232641724, -73.1493708794684 -28.59626071136391, -73.60516872743665 -29.51125340654172, -74.14778064083589 -30.377587996569417, -74.77206367598075 -31.187053253681515, -75.47210080006346 -31.93197696477363, -96.79079968527712 -52.51139737957314))", "area_wkt": "POLYGON ((-93.38140845062753 -80.9952848408628, -97.71058731827867 -78.89642844732299, -112.0027324433141 -79.07547995324217, -113.08702487390858 -79.49051035404888, -115.082358830557 -79.17968411977317, -135.52623759099993 -58.83883410334113, -134.38099520332383 -57.6898503298691, -134.3626661893123 -57.11663844379058, -97.64191778814336 -13.540597577993905, -92.09618745317937 -8.491352579792656, -71.6711395730267 5.383945051361678, -50.841663576609115 -15.336029121273384, -50.71513215034733 -17.555716863184852, -51.244904802223076 -19.04878233904375, -51.07433508184278 -21.778494617903203, -51.01593556459308 -28.752841389131152, -51.08355134672702 -33.67753576541298, -49.54129588574208 -38.147834130279705, -47.95208180583832 -66.02675019605789, -64.88609253250894 -82.0467211871696, -66.243416752923 -83.06867103420166, -70.99183932367379 -86.04795301276783, -91.67036832663814 -82.82672316353062, -93.38140845062753 -80.9952848408628))", "area_source": "plaza", "plaza_wkt": "POLYGON ((-93.38140845062753 -80.9952848408628, -97.71058731827867 -78.89642844732299, -112.0027324433141 -79.07547995324217, -113.08702487390858 -79.49051035404888, -115.082358830557 -79.17968411977317, -135.52623759099993 -58.83883410334113, -134.38099520332383 -57.6898503298691, -134.3626661893123 -57.11663844379058, -97.64191778814336 -13.540597577993905, -92.09618745317937 -8.491352579792656, -71.6711395730267 5.383945051361678, -50.841663576609115 -15.336029121273384, -50.71513215034733 -17.555716863184852, -51.244904802223076 -19.04878233904375, -51.07433508184278 -21.778494617903203, -51.01593556459308 -28.752841389131152, -51.08355134672702 -33.67753576541298, -49.54129588574208 -38.147834130279705, -47.95208180583832 -66.02675019605789, -64.88609253250894 -82.0467211871696, -66.243416752923 -83.06867103420166, -70.99183932367379 -86.04795301276783, -91.67036832663814 -82.82672316353062, -93.38140845062753 -80.9952848408628))", "trim_area_wkt": "POLYGON ((-103.0039217713515 -57.410259252206124, -104.21917851737604 -57.45620832829026, -105.43314894440606 -57.38384757478614, -106.63434240259679 -57.19386191124576, -107.81138918053145 -56.88804961766563, -108.95314812347101 -56.46930531314476, -110.0488120882361 -55.941592557314124, -111.08801023655396 -55.30990633387417, -112.06090619862864 -54.58022577134703, -112.95829117778217 -53.75945754855772, -113.77167111489928 -52.85537052053083, -114.49334708763386 -51.87652218359161, -115.11648818337109 -50.83217767570422, -115.63519615617712 -49.732222078737436, -116.04456125573641 -48.58706685274669, -116.340708699836 -47.407551287904745, -116.52083535051901 -46.20483990687236, -116.58323624675457 -44.99031678873087, -116.52732074248351 -43.77547781473751, -116.35361809728762 -42.57182185583437, -116.06377246676459 -41.39074193185893, -115.66052734002685 -40.24341737267204, -115.1476995716285 -39.14070800193528, -114.53014325371718 -38.09305134512497, -113.81370377037356 -37.11036383474467, -113.00516246902978 -36.20194694786265, -103.04414775506652 -26.05106249574167, -102.57645324175812 -25.59863522502638, -91.21876907050772 -15.17009926234785, -90.28337159008922 -14.391646549431051, -89.27671007917817 -13.707841259109966, -88.20832580167425 -13.125164583582963, -87.08834503759051 -12.649139205369554, -85.9273831049031 -12.284276952633654, -84.73644374623765 -12.034036035511082, -83.52681483401837 -11.9007882687607, -82.30996138259913 -11.885796591407013, -81.09741688142135 -11.989203096445916, -79.90067397915634 -12.210027684069454, -78.73107555494147 -12.546177351174588, -77.59970720915094 -12.994466029108786, -76.51729219268674 -13.550644781627806, -75.4940897706634 -14.20944207684567, -74.53979798380807 -14.96461375147421, -73.66346172921573 -15.809002193784885, -72.87338703168143 -16.734604184349347, -72.17706231815696 -17.732646751555706, -71.58108744150204 -18.793670322932407, -71.09111112625229 -19.907618384161058, -70.71177742930038 -21.063932795978882, -70.44668172294323 -22.251653865545215, -70.29833661749278 -23.459524223783095, -70.26814814644094 -24.676095524133526, -70.35640243989788 -25.889836951418275, -70.56226301261508 -27.089244512350486, -70.88377869229723 -28.262950071824125, -71.31790211305771 -29.39982910152254, -71.8605185987342 -30.48910611959136, -72.50648516230473 -31.520456822005286, -73.24967925176288 -32.48410593761493, -74.08305678043278 -33.37091987939125, -95.40175566564645 -53.95034029419076, -96.31677394067198 -54.75140323349103, -97.30530488842525 -55.45975825866214, -98.35799172168275 -56.06870054446385, -99.46487039558158 -56.57246624160792, -100.61546392074938 -56.96628703358449, -101.79888153163127 -57.24643527042662, -103.0039217713515 -57.410259252206124))", "n_incoming": 5, "n_outgoing": 5, "plaza_source": "lanegraph", "polygon_source": "surfaces"}, "connections": [{"id": "j4c1", "incoming_road": "r6", "connecting_road": "j4c1", "contact_point": "start", "lane_links": [{"from_lane": 1, "to_lane": -1}]}, {"id": "j4c2", "incoming_road": "r6", "connecting_road": "j4c2", "contact_point": "start", "lane_links": [{"from_lane": 2, "to_lane": -1}]}, {"id": "j4c3", "incoming_road": "r6", "connecting_road": "j4c3", "contact_point": "start", "lane_links": [{"from_lane": 3, "to_lane": -1}]}, {"id": "j4c4", "incoming_road": "r6", "connecting_road": "j4c4", "contact_point": "start", "lane_links": [{"from_lane": 4, "to_lane": -1}]}, {"id": "j4c5", "incoming_road": "r6", "connecting_road": "j4c5", "contact_point": "start", "lane_links": [{"from_lane": 1, "to_lane": -1}]}, {"id": "j4c6", "incoming_road": "r15", "connecting_road": "j4c6", "contact_point": "start", "lane_links": [{"from_lane": -1, "to_lane": -1}]}, {"id": "j4c7", "incoming_road": "r15", "connecting_road": "j4c7", "contact_point": "start", "lane_links": [{"from_lane": -2, "to_lane": -1}]}, {"id": "j4c8", "incoming_road": "r15", "connecting_road": "j4c8", "contact_point": "start", "lane_links": [{"from_lane": -2, "to_lane": -1}]}, {"id": "j4c9", "incoming_road": "r17", "connecting_road": "j4c9", "contact_point": "start", "lane_links": [{"from_lane": -1, "to_lane": -1}]}, {"id": "j4c10", "incoming_road": "r17", "connecting_road": "j4c10", "contact_point": "start", "lane_links": [{"from_lane": -1, "to_lane": -1}]}, {"id": "j4c11", "incoming_road": "r17", "connecting_road": "j4c11", "contact_point": "start", "lane_links": [{"from_lane": -5, "to_lane": -1}]}, {"id": "j4c12", "incoming_road": "r17", "connecting_road": "j4c12", "contact_point": "start", "lane_links": [{"from_lane": -5, "to_lane": -1}]}, {"id": "j4c13", "incoming_road": "r17", "connecting_road": "j4c13", "contact_point": "start", "lane_links": [{"from_lane": -1, "to_lane": -1}]}, {"id": "j4c14", "incoming_road": "r17", "connecting_road": "j4c14", "contact_point": "start", "lane_links": [{"from_lane": -2, "to_lane": -1}]}, {"id": "j4c15", "incoming_road": "r17", "connecting_road": "j4c15", "contact_point": "start", "lane_links": [{"from_lane": -3, "to_lane": -1}]}, {"id": "j4c16", "incoming_road": "r17", "connecting_road": "j4c16", "contact_point": "start", "lane_links": [{"from_lane": -4, "to_lane": -1}]}, {"id": "j4c17", "incoming_road": "r17", "connecting_road": "j4c17", "contact_point": "start", "lane_links": [{"from_lane": -5, "to_lane": -1}]}, {"id": "j4c18", "incoming_road": "r28", "connecting_road": "j4c18", "contact_point": "start", "lane_links": [{"from_lane": -1, "to_lane": -1}]}, {"id": "j4c19", "incoming_road": "r28", "connecting_road": "j4c19", "contact_point": "start", "lane_links": [{"from_lane": -1, "to_lane": -1}]}, {"id": "j4c20", "incoming_road": "r31", "connecting_road": "j4c20", "contact_point": "start", "lane_links": [{"from_lane": -1, "to_lane": -1}]}, {"id": "j4c21", "incoming_road": "r31", "connecting_road": "j4c21", "contact_point": "start", "lane_links": [{"from_lane": -1, "to_lane": -1}]}], "has_polygon": true}}, {"type": "Feature", "geometry": {"type": "Polygon", "coordinates": [[[-82.867, 169.468], [-83.456, 170.061], [-84.724, 171.34], [-84.014, 172.044], [-83.305, 172.749], [-82.595, 173.454], [-81.886, 174.158], [-81.885, 174.159], [-82.467, 174.386], [-82.437, 194.185], [-83.004, 194.77], [-83.701, 195.492], [-83.533, 195.654], [-83.537, 195.654], [-82.433, 196.718], [-82.433, 196.719], [-76.142, 202.78], [-75.553, 203.348], [-72.356, 201.949], [-54.57, 201.889], [-53.796, 202.406], [-53.007, 203.018], [-52.251, 203.707], [-49.786, 201.222], [-47.321, 198.737], [-44.856, 196.252], [-43.624, 195.01], [-43.601, 194.987], [-43.215, 194.598], [-42.391, 193.767], [-42.392, 193.767], [-42.994, 193.169], [-43.703, 192.466], [-44.247, 191.926], [-44.423, 191.317], [-44.045, 190.107], [-44.363, 175.454], [-44.647, 174.527], [-44.62, 173.969], [-44.502, 171.501], [-44.394, 171.312], [-44.413, 171.099], [-44.479, 171.033], [-45.259, 170.259], [-46.897, 168.634], [-46.898, 168.635], [-47.594, 167.944], [-49.382, 166.169], [-49.383, 166.17], [-49.388, 166.165], [-49.42, 166.134], [-51.813, 163.651], [-51.869, 163.705], [-52.314, 163.263], [-63.425, 163.48], [-71.878, 163.528], [-72.301, 163.39], [-72.331, 163.372], [-73.022, 162.917], [-73.677, 162.436], [-74.293, 161.93], [-74.909, 161.357], [-74.91, 161.356], [-74.947, 161.322], [-77.312, 163.865], [-79.795, 166.37], [-82.26, 168.855], [-82.867, 169.468]]]}, "properties": {"id": "j5", "name": "", "osm_node_ids": [30254227], "osm_way_ids": [], "tags": {"kind": "intersection", "centre": [-63.10870513830408, 182.04120901559205], "hull_wkt": "POLYGON ((-56.10870513830408 182.04120901559205, -56.142412051598704 181.3550890332851, -56.24320817548147 180.67557676147914, -56.41012278817862 180.0092162748108, -56.64154841072507 179.3624249890364, -56.9352562878656 178.74143185781006, -57.288417852186264 178.15221738445484, -57.69763196476492 177.60045602644652, -58.15895766999825 177.0914615472862, -58.667952149158566 176.63013584205288, -59.219713507166865 176.22092172947424, -59.8089279805221 175.86776016515356, -60.429921111748456 175.57405228801304, -61.07671239752285 175.34262666546658, -61.743072884191186 175.17571205276943, -62.422585155997155 175.07491592888667, -63.10870513830408 175.04120901559205, -63.79482512061101 175.07491592888667, -64.47433739241698 175.17571205276943, -65.14069787908532 175.34262666546658, -65.7874891648597 175.57405228801304, -66.40848229608606 175.86776016515356, -66.99769676944129 176.22092172947424, -67.5494581274496 176.63013584205288, -68.05845260660992 177.0914615472862, -68.51977831184324 177.60045602644652, -68.92899242442189 178.15221738445484, -69.28215398874256 178.74143185781006, -69.57586186588308 179.3624249890364, -69.80728748842954 180.0092162748108, -69.97420210112669 180.67557676147914, -70.07499822500947 181.3550890332851, -70.10870513830409 182.04120901559205, -70.07499822500947 182.72732899789898, -69.97420210112669 183.40684126970496, -69.80728748842955 184.0732017563733, -69.57586186588308 184.71999304214768, -69.28215398874256 185.34098617337403, -68.92899242442189 185.93020064672925, -68.51977831184324 186.48196200473757, -68.05845260660992 186.9909564838979, -67.5494581274496 187.4522821891312, -66.99769676944129 187.86149630170985, -66.40848229608606 188.21465786603054, -65.7874891648597 188.50836574317105, -65.14069787908532 188.7397913657175, -64.47433739241698 188.90670597841466, -63.794825120611 189.00750210229742, -63.10870513830408 189.04120901559205, -62.42258515599716 189.00750210229742, -61.743072884191186 188.90670597841466, -61.07671239752285 188.7397913657175, -60.42992111174845 188.50836574317105, -59.8089279805221 188.21465786603054, -59.219713507166865 187.86149630170985, -58.667952149158566 187.4522821891312, -58.15895766999825 186.9909564838979, -57.69763196476492 186.48196200473757, -57.288417852186264 185.93020064672925, -56.9352562878656 185.34098617337403, -56.64154841072508 184.71999304214768, -56.41012278817862 184.0732017563733, -56.24320817548147 183.40684126970496, -56.142412051598704 182.72732899789898, -56.10870513830408 182.04120901559205))", "area_wkt": "POLYGON ((-86.93597945762566 191.2819861578338, -86.96696734153984 191.28314572449915, -86.98700294447485 192.33083205198318, -72.85788799842743 205.943785840246, -54.18760625638454 205.65914993682807, -40.45507256628943 191.8147460691853, -41.24975160943356 174.23630428734924, -55.03255836966106 160.56947079124535, -72.96777914923014 159.4864511045756, -86.62217303222808 173.25342708653866, -86.93830527835647 189.78437117740447, -86.93597945762566 191.2819861578338))", "area_source": "plaza", "plaza_wkt": "POLYGON ((-86.93597945762566 191.2819861578338, -86.96696734153984 191.28314572449915, -86.98700294447485 192.33083205198318, -72.85788799842743 205.943785840246, -54.18760625638454 205.65914993682807, -40.45507256628943 191.8147460691853, -41.24975160943356 174.23630428734924, -55.03255836966106 160.56947079124535, -72.96777914923014 159.4864511045756, -86.62217303222808 173.25342708653866, -86.93830527835647 189.78437117740447, -86.93597945762566 191.2819861578338))", "trim_area_wkt": "POLYGON ((-54.4962421167142 179.42864692030187, -54.7937893457025 178.59705812430624, -55.171413759168885 177.79863838415807, -55.625478627581174 177.04107691841563, -56.15161105803945 176.33166945811922, -56.74474410762515 175.67724798491312, -57.39916558083127 175.08411493532742, -58.10857304112766 174.55798250486913, -58.866134506870104 174.10391763645686, -59.66455424701827 173.72629322299048, -60.49614304301392 173.42874599400216, -61.35289224015893 173.21414149196298, -62.226550875338035 173.08454647554228, -63.10870513830408 173.04120901559205, -63.99085940127013 173.08454647554228, -64.86451803644924 173.21414149196298, -65.72126723359425 173.42874599400216, -66.55285602958989 173.72629322299048, -67.35127576973807 174.10391763645686, -68.1088372354805 174.55798250486913, -68.81824469577688 175.08411493532742, -69.47266616898301 175.67724798491312, -70.06579921856871 176.33166945811922, -70.59193164902699 177.04107691841563, -71.04599651743928 177.79863838415807, -71.42362093090566 178.59705812430624, -71.72116815989396 179.42864692030187, -71.93577266193316 180.28539611744688, -72.06536767835385 181.159054752626, -72.10870513830409 182.04120901559205, -72.06536767835385 182.9233632785581, -71.93577266193316 183.7970219137372, -71.72116815989396 184.65377111088222, -71.42362093090566 185.48535990687785, -71.04599651743928 186.28377964702602, -70.59193164902699 187.04134111276846, -70.06579921856871 187.75074857306484, -69.47266616898301 188.40517004627097, -68.8182446957769 188.99830309585667, -68.10883723548051 189.52443552631496, -67.35127576973807 189.97850039472723, -66.55285602958989 190.3561248081936, -65.72126723359425 190.65367203718193, -64.86451803644924 190.8682765392211, -63.99085940127013 190.9978715556418, -63.10870513830408 191.04120901559205, -62.22655087533804 190.9978715556418, -61.35289224015893 190.8682765392211, -60.49614304301392 190.65367203718193, -59.66455424701827 190.3561248081936, -58.866134506870104 189.97850039472723, -58.10857304112766 189.52443552631496, -57.39916558083127 188.99830309585667, -56.74474410762515 188.40517004627097, -56.15161105803945 187.75074857306487, -55.625478627581174 187.04134111276846, -55.171413759168885 186.28377964702602, -54.79378934570251 185.48535990687785, -54.4962421167142 184.65377111088222, -54.281637614675006 183.7970219137372, -54.15204259825431 182.9233632785581, -54.10870513830408 182.04120901559205, -54.15204259825431 181.159054752626, -54.281637614675006 180.28539611744688, -54.4962421167142 179.42864692030187))", "n_incoming": 2, "n_outgoing": 2, "plaza_source": "lanegraph", "polygon_source": "surfaces"}, "connections": [{"id": "j5c1", "incoming_road": "r3", "connecting_road": "j5c1", "contact_point": "start", "lane_links": [{"from_lane": -1, "to_lane": -1}]}, {"id": "j5c2", "incoming_road": "r3", "connecting_road": "j5c2", "contact_point": "start", "lane_links": [{"from_lane": -1, "to_lane": -1}]}, {"id": "j5c3", "incoming_road": "r3", "connecting_road": "j5c3", "contact_point": "start", "lane_links": [{"from_lane": -2, "to_lane": -1}]}, {"id": "j5c4", "incoming_road": "r3", "connecting_road": "j5c4", "contact_point": "start", "lane_links": [{"from_lane": -3, "to_lane": -1}]}, {"id": "j5c5", "incoming_road": "r26", "connecting_road": "j5c5", "contact_point": "start", "lane_links": [{"from_lane": -1, "to_lane": -1}]}, {"id": "j5c6", "incoming_road": "r26", "connecting_road": "j5c6", "contact_point": "start", "lane_links": [{"from_lane": -2, "to_lane": -1}]}, {"id": "j5c7", "incoming_road": "r26", "connecting_road": "j5c7", "contact_point": "start", "lane_links": [{"from_lane": -3, "to_lane": -1}]}, {"id": "j5c8", "incoming_road": "r26", "connecting_road": "j5c8", "contact_point": "start", "lane_links": [{"from_lane": -4, "to_lane": -1}]}, {"id": "j5c9", "incoming_road": "r26", "connecting_road": "j5c9", "contact_point": "start", "lane_links": [{"from_lane": -4, "to_lane": -1}]}], "has_polygon": true}}, {"type": "Feature", "geometry": {"type": "Polygon", "coordinates": [[[-20.346, -140.931], [-21.04, -140.212], [-21.734, -139.493], [-22.429, -138.774], [-20.141, -136.392], [-20.055, -136.481], [-19.336, -137.176], [-19.099, -137.372], [-18.857, -130.127], [-23.38, -125.309], [-11.939, -114.493], [-6.343, -114.727], [-4.648, -116.534], [-0.66, -114.991], [0.361, -114.991], [1.41, -115.315], [3.691, -115.185], [3.609, -115.068], [2.976, -114.295], [2.634, -113.917], [5.183, -111.52], [5.257, -111.451], [5.3, -111.497], [5.447, -111.363], [5.855, -111.813], [6.641, -112.772], [7.04, -113.343], [7.325, -113.644], [8.011, -114.368], [8.699, -115.092], [8.96, -115.367], [13.123, -115.541], [13.625, -115.044], [14.335, -114.341], [15.046, -113.637], [15.756, -112.933], [16.467, -112.23], [17.177, -111.526], [17.887, -110.822], [18.597, -110.117], [19.307, -109.413], [20.017, -108.709], [20.727, -108.004], [21.436, -107.3], [22.145, -106.595], [22.855, -105.89], [23.564, -105.185], [24.273, -104.479], [24.981, -103.774], [25.69, -103.068], [26.398, -102.362], [27.106, -101.656], [27.814, -100.95], [28.012, -100.752], [30.36, -103.071], [30.351, -103.081], [30.563, -103.292], [30.555, -103.3], [30.697, -103.442], [30.499, -103.64], [29.79, -104.346], [29.081, -105.053], [28.372, -105.76], [27.758, -106.372], [27.294, -106.933], [26.712, -107.664], [26.145, -108.405], [25.591, -109.157], [25.052, -109.917], [24.529, -110.686], [24.022, -111.464], [23.533, -112.249], [23.062, -113.042], [22.611, -113.841], [22.18, -114.646], [21.772, -115.457], [21.389, -116.273], [21.032, -117.092], [20.704, -117.914], [20.406, -118.736], [20.142, -119.558], [19.915, -120.377], [19.727, -121.189], [19.582, -121.991], [19.483, -122.78], [19.433, -123.55], [19.435, -124.296], [19.489, -125.014], [19.598, -125.698], [19.761, -126.347], [19.978, -126.958], [20.25, -127.535], [20.578, -128.079], [21.069, -128.734], [19.551, -129.87], [18.289, -131.015], [18.187, -130.892], [17.546, -130.125], [16.9, -129.362], [16.248, -128.604], [15.591, -127.849], [14.931, -127.099], [14.438, -126.545], [13.983, -134.918], [13.882, -136.772], [19.2, -142.481], [4.281, -156.439], [-1.252, -153.472], [-5.767, -152.457], [-5.964, -152.433], [-6.863, -153.125], [-8.047, -154.424], [-8.717, -153.814], [-9.125, -153.531], [-9.57, -153.303], [-10.05, -153.131], [-10.579, -153.014], [-11.162, -152.954], [-11.797, -152.954], [-12.477, -153.015], [-13.194, -153.135], [-13.937, -153.311], [-14.7, -153.539], [-15.475, -153.813], [-16.257, -154.129], [-17.043, -154.483], [-17.83, -154.87], [-18.616, -155.286], [-19.4, -155.73], [-20.18, -156.197], [-20.956, -156.686], [-21.727, -157.195], [-22.493, -157.721], [-23.127, -158.174], [-23.884, -158.779], [-24.651, -159.396], [-25.413, -160.015], [-26.17, -160.636], [-26.92, -161.26], [-27.664, -161.886], [-28.4, -162.516], [-29.127, -163.149], [-29.844, -163.786], [-30.55, -164.428], [-31.242, -165.074], [-31.919, -165.725], [-31.97, -165.776], [-32.604, -166.407], [-32.605, -166.408], [-35.285, -163.714], [-34.583, -163.002], [-33.88, -162.291], [-33.177, -161.579], [-32.474, -160.869], [-31.77, -160.158], [-31.067, -159.448], [-30.362, -158.738], [-29.658, -158.028], [-28.953, -157.319], [-28.248, -156.609], [-27.543, -155.901], [-26.837, -155.192], [-26.131, -154.484], [-25.425, -153.775], [-24.719, -153.068], [-24.012, -152.36], [-23.305, -151.653], [-22.598, -150.945], [-21.891, -150.239], [-21.183, -149.532], [-20.476, -148.825], [-19.768, -148.119], [-19.448, -147.8], [-19.256, -142.061], [-19.652, -141.65], [-20.346, -140.931]]]}, "properties": {"id": "j6", "name": "", "osm_node_ids": [30242864, 442540236, 442540253], "osm_way_ids": [908375882, 908375886, 1321519621], "tags": {"kind": "intersection", "centre": [-1.7452111830232877, -133.09608281882663], "hull_wkt": "POLYGON ((-6.644740330172319 -152.76146598943743, -7.410999479574051 -153.44941771836724, -8.240962219903935 -154.05900160516504, -9.126645621992175 -154.58435441675434, -10.059530812012104 -155.0204230898104, -11.03064490957572 -155.36301333323917, -12.030647332654569 -155.60882997062532, -13.049919639208849 -155.75550863461876, -14.078658041390575 -155.80163850840992, -15.10696770248021 -155.74677589555654, -16.12495790956961 -155.5914484876419, -17.12283720658026 -155.3371502887161, -18.091007572587937 -154.98632724533962, -19.020156739606925 -154.54235372044502, -19.901347761882842 -154.00950003730142, -20.726104975179155 -153.39289140575698, -21.48649551926482 -152.69845862582468, -22.17520563948576 -151.93288104276425, -22.78561103351962 -151.10352230234264, -23.311840566689327 -150.21835952420554, -23.74883274299487 -149.2859065746005, -24.09238438870124 -148.3151321764462, -24.33919108022342 -147.31537364439995, -24.486878927456083 -146.29624707465547, -24.534027406842686 -145.26755485330307, -24.48018302456584 -144.23919137287575, -24.325863678440726 -143.22104786393857, -24.072553676557085 -142.22291725709138, -23.722689460582433 -141.2543999904617, -23.279636171045922 -140.3248116686707, -22.747655280007606 -139.44309346144715, -22.13186360243577 -138.61772610371324, -21.43818408053797 -137.85664832432468, 3.5437843613810793 -113.01220079114981, 4.308727947838529 -112.32269351733694, 5.137537457248451 -111.71143762312005, 6.022240088154706 -111.18431313500479, 6.954325370607483 -110.74639077049464, 7.92482703333115 -110.40188315990552, 8.924409255510541 -110.15410432262087, 9.94345647348953 -110.00543778760876, 10.972165878478952 -109.95731366486837, 12.000641715484527 -110.01019488836887, 13.018990476338459 -110.16357276281785, 14.017416071117523 -110.41597185709772, 14.986314062438302 -110.76496419729702, 15.916364056134995 -111.20719262280583, 16.79861935956008 -111.7384030807992, 17.624593045032377 -112.35348554844931, 18.38633959053806 -113.04652318921161, 19.07653131233525 -113.8108492703222, 19.68852885421231 -114.63911129398359, 20.2164450553227 -115.52334172532397, 20.65520158221446 -116.45503463675622, 21.000577780277837 -117.4252275314501, 21.24925127468053 -118.42458755881, 21.398829930226494 -119.44350129260118, 21.44787486269781 -120.47216720809665, 21.39591428032015 -121.50068996865288, 21.24344802220267 -122.51917561471711, 20.99194275009446 -123.51782673958755, 20.64381783971084 -124.48703673637546, 20.202422107349065 -125.41748220955272, 19.67200159567365 -126.30021266212428, 19.057658728558643 -127.12673659567257, 18.365303227900213 -127.889103195027, 5.267981895138039 -140.96104734401385, 5.239906778984555 -140.98896260524938, -6.644740330172319 -152.76146598943743))", "area_wkt": "POLYGON ((-40.4820332629969 -157.72912582374465, -31.041825779710322 -132.62504782498027, -25.77298159349374 -127.57239694238687, -4.129458106011924 -107.10758531644436, 1.7213392637227547 -102.25700080132603, 22.60470692636811 -95.33398558495632, 36.10439058357248 -108.85991036500035, 28.65722285247461 -133.6172441954771, 23.187523872428933 -138.74875401888067, -2.245764077395585 -162.54621104159747, -27.146980386274556 -171.73979462231188, -40.49958869613143 -158.57186602407975, -40.4820332629969 -157.72912582374465))", "area_source": "plaza", "plaza_wkt": "POLYGON ((-40.4820332629969 -157.72912582374465, -31.041825779710322 -132.62504782498027, -25.77298159349374 -127.57239694238687, -4.129458106011924 -107.10758531644436, 1.7213392637227547 -102.25700080132603, 22.60470692636811 -95.33398558495632, 36.10439058357248 -108.85991036500035, 28.65722285247461 -133.6172441954771, 23.187523872428933 -138.74875401888067, -2.245764077395585 -162.54621104159747, -27.146980386274556 -171.73979462231188, -40.49958869613143 -158.57186602407975, -40.4820332629969 -157.72912582374465))", "trim_area_wkt": "POLYGON ((-12.862459945080653 -157.74670396985772, -14.087148519106519 -157.80162048627577, -15.31132668707037 -157.7363078519265, -16.523219790748215 -157.55139427107574, -17.711171334808526 -157.2486583199736, -18.863755103865284 -156.83101183976348, -19.96988506460217 -156.3024719291747, -21.01892199588302 -155.66812230638467, -22.000775821235766 -154.93406441168892, -22.906002659432996 -154.10735872129334, -23.72589565969602 -153.1959568366976, -24.452568747831563 -152.2086250028623, -25.079032477795497 -151.15485979079435, -25.59926125911163 -150.04479675555024, -26.00825131352397 -148.88911294822373, -26.302068803431318 -147.69892421959722, -26.47788766918449 -146.48567830323475, -26.5340168113114 -145.26104470638666, -26.469916356219915 -144.03680246778268, -26.28620284892812 -142.8247268619051, -25.98464332287616 -141.636476139468, -25.56813830385872 -140.48347939348028, -25.040693911553348 -139.37682662944334, -24.407383326983926 -138.32716209703437, -23.674297996541263 -137.3445819092559, -22.848489041901026 -136.43853693379333, 2.1334794000180235 -111.59408940061847, 3.0441265267530744 -110.77324740798412, 4.030804514145838 -110.04556181963065, 5.084021931891379 -109.41803266711248, 6.193647268144687 -108.89669651888613, 7.3490063904347664 -108.48656841104194, 8.53898522636261 -108.19159360475068, 9.7521366763376 -108.01460963449816, 10.976790729896436 -107.95731901218818, 12.201166726331643 -108.02027284968877, 13.413486679729182 -108.20286555736612, 14.602088578275685 -108.50334066960406, 15.75553856794328 -108.9188077412699, 16.862740941391728 -109.44527015258991, 17.91304487404064 -110.07766355496298, 18.896346880555274 -110.80990458787977, 19.80318800615728 -111.63494939831108, 20.624844817820602 -112.54486139963319, 21.3534133200552 -113.53088761827772, 21.98188498804376 -114.58354289368293, 22.504214186724425 -115.69270112157847, 22.91537632727607 -116.84769266288072, 23.211416201564994 -118.03740698116631, 23.389486029595897 -119.2503995213939, 23.44787285396651 -120.47500180174563, 23.38601501780263 -121.69943365955068, 23.204507567662777 -122.9119165715319, 22.905096529438715 -124.10078695828244, 22.490662112315366 -125.25460838302995, 21.965191002360868 -126.36228156538381, 21.333738012271084 -127.41315115177855, 20.6023774561818 -128.39710821552652, 19.77814471730271 -129.30468750047226, 6.680823384540534 -142.3766316494591, 6.647400627214956 -142.40986410331095, -5.237246481941918 -154.182367487499, -6.149459755039227 -155.00135764098687, -7.137510636384327 -155.72705274431758, -8.191895638870328 -156.35247275811435, -9.30247324603691 -156.87160213080014, -10.458561457422167 -157.27944765869154, -11.649040532516036 -157.57208651272265, -12.862459945080653 -157.74670396985772))", "n_incoming": 5, "n_outgoing": 5, "plaza_source": "lanegraph", "polygon_source": "surfaces"}, "connections": [{"id": "j6c1", "incoming_road": "r6", "connecting_road": "j6c1", "contact_point": "start", "lane_links": [{"from_lane": -1, "to_lane": -1}]}, {"id": "j6c2", "incoming_road": "r6", "connecting_road": "j6c2", "contact_point": "start", "lane_links": [{"from_lane": -2, "to_lane": -1}]}, {"id": "j6c3", "incoming_road": "r7", "connecting_road": "j6c3", "contact_point": "start", "lane_links": [{"from_lane": -1, "to_lane": -1}]}, {"id": "j6c4", "incoming_road": "r7", "connecting_road": "j6c4", "contact_point": "start", "lane_links": [{"from_lane": -1, "to_lane": -1}]}, {"id": "j6c5", "incoming_road": "r30", "connecting_road": "j6c5", "contact_point": "start", "lane_links": [{"from_lane": 1, "to_lane": -1}]}, {"id": "j6c6", "incoming_road": "r30", "connecting_road": "j6c6", "contact_point": "start", "lane_links": [{"from_lane": 2, "to_lane": -1}]}, {"id": "j6c7", "incoming_road": "r30", "connecting_road": "j6c7", "contact_point": "start", "lane_links": [{"from_lane": 3, "to_lane": -1}]}, {"id": "j6c8", "incoming_road": "r30", "connecting_road": "j6c8", "contact_point": "start", "lane_links": [{"from_lane": 4, "to_lane": -1}]}, {"id": "j6c9", "incoming_road": "r34", "connecting_road": "j6c9", "contact_point": "start", "lane_links": [{"from_lane": -1, "to_lane": -1}]}, {"id": "j6c10", "incoming_road": "r34", "connecting_road": "j6c10", "contact_point": "start", "lane_links": [{"from_lane": -1, "to_lane": -1}]}, {"id": "j6c11", "incoming_road": "r47", "connecting_road": "j6c11", "contact_point": "start", "lane_links": [{"from_lane": -1, "to_lane": -1}]}, {"id": "j6c12", "incoming_road": "r47", "connecting_road": "j6c12", "contact_point": "start", "lane_links": [{"from_lane": -1, "to_lane": -1}]}, {"id": "j6c13", "incoming_road": "r47", "connecting_road": "j6c13", "contact_point": "start", "lane_links": [{"from_lane": -1, "to_lane": -1}]}, {"id": "j6c14", "incoming_road": "r47", "connecting_road": "j6c14", "contact_point": "start", "lane_links": [{"from_lane": -1, "to_lane": -1}]}, {"id": "j6c15", "incoming_road": "r47", "connecting_road": "j6c15", "contact_point": "start", "lane_links": [{"from_lane": -1, "to_lane": -1}]}], "has_polygon": true}}, {"type": "Feature", "geometry": {"type": "Polygon", "coordinates": [[[11.858354115045774, 76.18154105661627], [10.14219807316941, 77.88855394412633], [10.861441005009782, 79.61111909915032], [9.929764538064823, 81.6901893463152], [9.929764536543052, 81.69129996167622], [9.788412453558553, 90.61287144531221], [9.959845995726225, 100.95603093166964], [9.44801104533461, 102.0299951431279], [9.38110462112665, 102.0977425831389], [9.372741319098838, 102.10551687862815], [9.331761135484113, 102.14660958892077], [9.372741212804087, 102.18770240401449], [11.814818500657946, 104.60551526831755], [11.819836466866088, 104.60995773825906], [13.837057653150945, 106.77899280630275], [14.009340998259955, 106.96446587608435], [14.203368832782424, 107.17326191305884], [16.17459064132514, 109.2934304816232], [16.176263298038922, 109.29343048516378], [16.58689951510058, 109.73545626841936], [17.066116687074047, 109.29121129664671], [19.651214483329355, 106.78011685532208], [25.687020722985075, 100.48516876879513], [27.47927691075961, 99.87433698430338], [29.130192009865045, 99.68664946471333], [31.205121802674693, 100.53183626742089], [32.053157715471244, 101.00163019564435], [38.420097751416, 107.6253702293798], [38.55139767239136, 108.31395235653254], [38.55223400086131, 108.31395236078124], [41.22097340928116, 105.63738439806686], [43.88887846672196, 102.95970680922875], [43.88971478908352, 102.96081742954658], [46.557621825107525, 100.28203021812531], [46.560130799027064, 100.28425146513402], [49.22636714808031, 97.605465236577], [49.22887612968632, 97.60657586751657], [51.89511445833789, 94.92668001850073], [51.89511446629104, 94.92556940243159], [51.38830002175594, 94.7067746003257], [49.50154873371601, 93.34403663348398], [47.80464434460351, 91.88800873598268], [45.776557428924946, 89.63233621148053], [43.74846668954696, 87.80091925765367], [43.08861701636322, 85.2165137974526], [43.229967626780734, 83.43175606367372], [44.07885452185385, 81.69364844357804], [45.587606103846824, 80.18988484537326], [47.71022685553433, 78.5450774576008], [49.73750799119669, 76.71368669342407], [51.29392907003321, 75.72636067061562], [52.75584740179777, 74.41140282385176], [53.038532912391304, 73.70616426688021], [51.62764957660561, 72.36564159409006], [51.62430421448495, 72.37008403004202], [51.507218483084884, 72.25235799098068], [51.48296501001261, 72.22792428521467], [49.014964160883444, 69.74568232322198], [49.01161880659968, 69.74901414593727], [48.87111582523618, 69.60796507312017], [48.69966872768043, 69.43581857121382], [46.40227685601198, 67.12572400547731], [46.39976784208707, 67.12794521849648], [46.259264759071094, 66.98689619878805], [44.28551351637925, 67.76764631139206], [39.85543095887492, 72.45996957597941], [29.03161375428638, 72.57209026161212], [21.741322542018167, 65.86728110952767], [19.51415948735858, 68.56495894212699], [11.858354115045774, 76.18154105661627]]]}, "properties": {"id": "j7", "name": "", "osm_node_ids": [30254224], "osm_way_ids": [], "tags": {"kind": "intersection", "centre": [29.739922541893947, 88.39391673237039], "hull_wkt": "POLYGON ((39.19033893425088 88.39391673237039, 39.14483259626013 87.46761394266795, 39.00875183319903 86.55023195519897, 38.78340717720516 85.65060565999477, 38.470968820501675 84.77739895006393, 38.0744457152598 83.93902128336642, 37.59765659574459 83.14354669513638, 37.045193201816424 82.39863604050912, 36.42237605796605 81.71146321629828, 35.735203233755215 81.08864607244792, 34.99029257912796 80.53618267851975, 34.194817990897924 80.05939355900453, 33.356440324200406 79.66287045376265, 32.48323361426956 79.35043209705917, 31.583607319065358 79.1250874410653, 30.66622533159638 78.9890066780042, 29.739922541893947 78.94350034001344, 28.813619752191517 78.9890066780042, 27.896237764722535 79.1250874410653, 26.996611469518335 79.35043209705917, 26.123404759587487 79.66287045376265, 25.28502709288997 80.05939355900453, 24.489552504659937 80.53618267851974, 23.74464185003268 81.0886460724479, 23.05746902582185 81.71146321629828, 22.43465188197147 82.39863604050912, 21.882188488043305 83.14354669513638, 21.405399368528098 83.9390212833664, 21.00887626328622 84.77739895006393, 20.69643790658273 85.65060565999477, 20.471093250588865 86.55023195519897, 20.33501248752776 87.46761394266795, 20.28950614953701 88.39391673237039, 20.33501248752776 89.32021952207282, 20.471093250588865 90.2376015095418, 20.69643790658273 91.137227804746, 21.00887626328622 92.01043451467685, 21.405399368528094 92.84881218137436, 21.882188488043305 93.64428676960439, 22.43465188197147 94.38919742423165, 23.057469025821845 95.07637024844249, 23.744641850032675 95.69918739229286, 24.489552504659933 96.25165078622102, 25.28502709288997 96.72843990573624, 26.12340475958748 97.1249630109781, 26.99661146951833 97.4374013676816, 27.89623776472253 97.66274602367547, 28.813619752191517 97.79882678673657, 29.739922541893947 97.84433312472733, 30.666225331596372 97.79882678673657, 31.583607319065358 97.66274602367547, 32.48323361426956 97.4374013676816, 33.35644032420041 97.1249630109781, 34.194817990897924 96.72843990573624, 34.99029257912795 96.25165078622103, 35.735203233755215 95.69918739229286, 36.42237605796604 95.07637024844249, 37.04519320181642 94.38919742423165, 37.59765659574459 93.64428676960439, 38.0744457152598 92.84881218137437, 38.470968820501675 92.01043451467686, 38.78340717720516 91.137227804746, 39.00875183319903 90.2376015095418, 39.14483259626013 89.32021952207282, 39.19033893425088 88.39391673237039))", "area_wkt": "POLYGON ((5.271201246465779 82.73291411158864, 6.4020666955928 98.78481063254014, 19.62076630042225 112.99797638677242, 34.811080841189856 112.06739718613238, 55.63620159930117 91.1732749166978, 57.800670926946964 78.56729797713592, 42.55265760947725 63.268340827373514, 26.100677242883602 62.01293993895383, 5.271201246465779 82.73291411158864))", "area_source": "plaza", "plaza_wkt": "POLYGON ((5.271201246465779 82.73291411158864, 6.4020666955928 98.78481063254014, 19.62076630042225 112.99797638677242, 34.811080841189856 112.06739718613238, 55.63620159930117 91.1732749166978, 57.800670926946964 78.56729797713592, 42.55265760947725 63.268340827373514, 26.100677242883602 62.01293993895383, 5.271201246465779 82.73291411158864))", "trim_area_wkt": "POLYGON ((40.69728784866958 85.07003630548584, 40.31872788552425 84.01203208533374, 39.838288243956505 82.99622780971441, 39.26059582034968 82.03240622909718, 38.5912141085419 81.12984947218183, 37.83658962033914 80.29724965392519, 37.00398980208251 79.54262516572243, 36.10143304516716 78.87324345391465, 35.13761146454992 78.29555103030782, 34.12180718893059 77.81511138874008, 33.06380296877848 77.43655142559476, 31.973787963097614 77.16351688025884, 30.8622596122555 76.9986372246598, 29.739922541893947 76.94350034001344, 28.617585471532394 76.9986372246598, 27.50605712069028 77.16351688025884, 26.41604211500941 77.43655142559476, 25.358037894857304 77.81511138874008, 24.342233619237973 78.29555103030782, 23.378412038620734 78.87324345391465, 22.47585528170539 79.54262516572243, 21.643255463448753 80.29724965392519, 20.888630975245995 81.12984947218183, 20.219249263438215 82.03240622909718, 19.641556839831388 82.99622780971441, 19.161117198263646 84.01203208533374, 18.78255723511831 85.07003630548584, 18.5095226897824 86.16005131116671, 18.344643034183367 87.27157966200883, 18.28950614953701 88.39391673237039, 18.344643034183363 89.51625380273194, 18.5095226897824 90.62778215357406, 18.78255723511831 91.71779715925493, 19.161117198263646 92.77580137940703, 19.641556839831388 93.79160565502636, 20.219249263438215 94.7554272356436, 20.888630975245995 95.65798399255894, 21.643255463448753 96.49058381081558, 22.475855281705382 97.24520829901833, 23.37841203862073 97.91459001082612, 24.342233619237973 98.49228243443295, 25.358037894857297 98.97272207600068, 26.416042115009407 99.35128203914601, 27.506057120690272 99.62431658448193, 28.617585471532397 99.78919624008097, 29.739922541893947 99.84433312472733, 30.862259612255492 99.78919624008097, 31.973787963097614 99.62431658448193, 33.06380296877848 99.35128203914601, 34.12180718893059 98.97272207600068, 35.13761146454992 98.49228243443295, 36.101433045167155 97.91459001082612, 37.00398980208251 97.24520829901833, 37.83658962033914 96.49058381081558, 38.59121410854189 95.65798399255895, 39.26059582034968 94.7554272356436, 39.838288243956505 93.79160565502636, 40.31872788552425 92.77580137940703, 40.69728784866958 91.71779715925493, 40.97032239400549 90.62778215357406, 41.13520204960453 89.51625380273194, 41.19033893425088 88.39391673237039, 41.13520204960453 87.27157966200883, 40.97032239400549 86.16005131116671, 40.69728784866958 85.07003630548584))", "n_incoming": 2, "n_outgoing": 2, "polygon_source": "correction", "correction_id": "c9", "plaza_source": "correction", "signal_control_source": "inferred_wide_crossing"}, "connections": [{"id": "j7c1", "incoming_road": "r9", "connecting_road": "j7c1", "contact_point": "start", "lane_links": [{"from_lane": -1, "to_lane": -1}]}, {"id": "j7c2", "incoming_road": "r9", "connecting_road": "j7c2", "contact_point": "start", "lane_links": [{"from_lane": -2, "to_lane": -1}]}, {"id": "j7c3", "incoming_road": "r9", "connecting_road": "j7c3", "contact_point": "start", "lane_links": [{"from_lane": -3, "to_lane": -1}]}, {"id": "j7c4", "incoming_road": "r9", "connecting_road": "j7c4", "contact_point": "start", "lane_links": [{"from_lane": -4, "to_lane": -1}]}, {"id": "j7c5", "incoming_road": "r9", "connecting_road": "j7c5", "contact_point": "start", "lane_links": [{"from_lane": -5, "to_lane": -1}]}, {"id": "j7c6", "incoming_road": "r9", "connecting_road": "j7c6", "contact_point": "start", "lane_links": [{"from_lane": -1, "to_lane": -1}]}, {"id": "j7c7", "incoming_road": "r16", "connecting_road": "j7c7", "contact_point": "start", "lane_links": [{"from_lane": -3, "to_lane": -1}]}, {"id": "j7c8", "incoming_road": "r16", "connecting_road": "j7c8", "contact_point": "start", "lane_links": [{"from_lane": -1, "to_lane": -1}]}, {"id": "j7c9", "incoming_road": "r16", "connecting_road": "j7c9", "contact_point": "start", "lane_links": [{"from_lane": -2, "to_lane": -1}]}, {"id": "j7c10", "incoming_road": "r16", "connecting_road": "j7c10", "contact_point": "start", "lane_links": [{"from_lane": -3, "to_lane": -1}]}], "has_polygon": true}}, {"type": "Feature", "geometry": {"type": "Polygon", "coordinates": [[[111.967, -201.846], [112.58, -201.027], [113.206, -200.205], [113.848, -199.38], [114.512, -198.553], [115.205, -197.724], [115.938, -196.892], [116.669, -196.121], [119.21, -198.528], [119.186, -198.554], [121.697, -200.99], [121.001, -201.708], [120.315, -202.436], [119.638, -203.172], [118.965, -203.912], [118.296, -204.655], [117.628, -205.399], [117.448, -205.599], [115.403, -210.276], [114.799, -211.656], [116.792, -214.004], [116.7, -217.782], [113.368, -219.521], [114.007, -221.044], [104.087, -231.062], [90.025, -217.138], [104.604, -202.414], [110.592, -202.517], [111.459, -202.532], [111.967, -201.846]]]}, "properties": {"id": "j8", "name": "", "osm_node_ids": [442540235], "osm_way_ids": [116343002, 908375892], "tags": {"kind": "intersection", "centre": [102.76431914961702, -218.82371157859853], "hull_wkt": "POLYGON ((108.51431914961702 -218.82371157859853, 108.48663132798215 -219.38731013549352, 108.4038345119356 -219.94548093019128, 108.26672608007722 -220.4928484728117, 108.07662646155693 -221.0241413146978, 107.83536641962006 -221.53424281534802, 107.54526942035666 -222.01824041846123, 107.20912925645275 -222.4714729625395, 106.83018314143968 -222.8895755704212, 106.41208053355798 -223.26852168543428, 105.95884798947974 -223.60466184933816, 105.47485038636651 -223.89475884860158, 104.96474888571629 -224.13601889053842, 104.43345604383018 -224.32611850905874, 103.88608850120976 -224.4632269409171, 103.327917706512 -224.54602375696368, 102.76431914961702 -224.57371157859853, 102.20072059272205 -224.54602375696368, 101.64254979802429 -224.4632269409171, 101.09518225540387 -224.32611850905874, 100.56388941351776 -224.13601889053842, 100.05378791286753 -223.89475884860158, 99.56979030975431 -223.60466184933816, 99.11655776567606 -223.26852168543428, 98.69845515779437 -222.8895755704212, 98.31950904278129 -222.4714729625395, 97.98336887887739 -222.01824041846123, 97.69327187961399 -221.53424281534802, 97.45201183767712 -221.0241413146978, 97.26191221915683 -220.4928484728117, 97.12480378729845 -219.94548093019128, 97.0420069712519 -219.38731013549352, 97.01431914961702 -218.82371157859853, 97.0420069712519 -218.26011302170357, 97.12480378729845 -217.7019422270058, 97.26191221915683 -217.15457468438538, 97.45201183767712 -216.62328184249927, 97.69327187961399 -216.11318034184904, 97.98336887887739 -215.62918273873584, 98.31950904278129 -215.17595019465756, 98.69845515779437 -214.75784758677588, 99.11655776567606 -214.3789014717628, 99.56979030975431 -214.0427613078589, 100.05378791286753 -213.75266430859548, 100.56388941351776 -213.51140426665864, 101.09518225540387 -213.32130464813832, 101.64254979802428 -213.18419621627996, 102.20072059272205 -213.1013994002334, 102.76431914961702 -213.07371157859853, 103.327917706512 -213.1013994002334, 103.88608850120976 -213.18419621627996, 104.43345604383018 -213.32130464813832, 104.96474888571629 -213.51140426665864, 105.47485038636651 -213.75266430859548, 105.95884798947974 -214.0427613078589, 106.41208053355798 -214.3789014717628, 106.83018314143968 -214.75784758677588, 107.20912925645275 -215.17595019465756, 107.54526942035666 -215.62918273873584, 107.83536641962006 -216.11318034184904, 108.07662646155693 -216.62328184249927, 108.26672608007722 -217.15457468438538, 108.4038345119356 -217.7019422270058, 108.48663132798215 -218.26011302170357, 108.51431914961702 -218.82371157859853))", "area_wkt": "POLYGON ((127.60319019269262 -207.31217961630426, 104.08738798722476 -231.06219691794118, 90.02457510167974 -217.13806700809945, 113.77733339167456 -193.14873356244706, 127.74784452280655 -206.98147196834051, 127.60319019269262 -207.31217961630426))", "area_source": "plaza", "plaza_wkt": "POLYGON ((127.60319019269262 -207.31217961630426, 104.08738798722476 -231.06219691794118, 90.02457510167974 -217.13806700809945, 113.77733339167456 -193.14873356244706, 127.74784452280655 -206.98147196834051, 127.60319019269262 -207.31217961630426))", "trim_area_wkt": "POLYGON ((110.18060675154165 -221.0734178273206, 109.9243855265795 -221.78950817942797, 109.59920894831677 -222.477036289, 109.20820864496174 -223.12938088450045, 108.75515016317823 -223.74025953086678, 108.24439670381277 -224.30378913279426, 107.68086710188527 -224.81454259215974, 107.06998845551894 -225.26760107394327, 106.4176438600185 -225.65860137729828, 105.73011575044647 -225.983777955561, 105.0140253983391 -226.23999918052314, 104.27626914524201 -226.42479750172356, 103.52395198717112 -226.53639321030806, 102.76431914961702 -226.57371157859853, 102.00468631206293 -226.53639321030806, 101.25236915399203 -226.42479750172356, 100.51461290089495 -226.23999918052314, 99.79852254878757 -225.983777955561, 99.11099443921555 -225.65860137729828, 98.45864984371511 -225.26760107394327, 97.84777119734878 -224.81454259215974, 97.28424159542128 -224.30378913279426, 96.77348813605582 -223.74025953086678, 96.3204296542723 -223.12938088450045, 95.92942935091727 -222.477036289, 95.60425277265455 -221.78950817942797, 95.3480315476924 -221.0734178273206, 95.16323322649198 -220.33566157422354, 95.0516375179075 -219.58334441615264, 95.01431914961702 -218.82371157859853, 95.0516375179075 -218.06407874104443, 95.16323322649198 -217.31176158297353, 95.3480315476924 -216.57400532987646, 95.60425277265455 -215.8579149777691, 95.92942935091727 -215.17038686819706, 96.32042965427229 -214.51804227269662, 96.77348813605582 -213.9071636263303, 97.28424159542128 -213.3436340244028, 97.84777119734876 -212.83288056503733, 98.45864984371511 -212.3798220832538, 99.11099443921555 -211.98882177989879, 99.79852254878757 -211.66364520163606, 100.51461290089495 -211.40742397667393, 101.25236915399202 -211.2226256554735, 102.00468631206293 -211.111029946889, 102.76431914961702 -211.07371157859853, 103.52395198717112 -211.111029946889, 104.27626914524201 -211.2226256554735, 105.0140253983391 -211.40742397667393, 105.73011575044647 -211.66364520163606, 106.4176438600185 -211.98882177989879, 107.06998845551894 -212.3798220832538, 107.68086710188527 -212.83288056503733, 108.24439670381277 -213.34363402440277, 108.75515016317823 -213.9071636263303, 109.20820864496174 -214.51804227269662, 109.59920894831677 -215.17038686819706, 109.9243855265795 -215.85791497776907, 110.18060675154165 -216.57400532987646, 110.36540507274206 -217.31176158297353, 110.47700078132655 -218.06407874104443, 110.51431914961702 -218.82371157859853, 110.47700078132655 -219.58334441615264, 110.36540507274206 -220.33566157422354, 110.18060675154165 -221.0734178273206))", "n_incoming": 1, "n_outgoing": 1, "plaza_source": "lanegraph", "polygon_source": "surfaces"}, "connections": [{"id": "j8c1", "incoming_road": "r13", "connecting_road": "j8c1", "contact_point": "start", "lane_links": [{"from_lane": -1, "to_lane": -1}]}, {"id": "j8c2", "incoming_road": "r13", "connecting_road": "j8c2", "contact_point": "start", "lane_links": [{"from_lane": -2, "to_lane": -1}]}], "has_polygon": true}}, {"type": "Feature", "geometry": {"type": "Polygon", "coordinates": [[[128.681, 8.142], [113.914, -7.624], [109.172, -3.485], [109.167, 1.701], [109.167, 1.702], [108.794, 2.281], [108.239, 3.19], [107.72, 4.061], [107.225, 4.886], [106.744, 5.657], [106.268, 6.368], [105.793, 7.01], [105.315, 7.58], [104.764, 8.142], [104.715, 8.192], [106.152, 9.599], [103.226, 12.565], [108.437, 16.75], [110.707, 14.546], [112.417, 16.182], [113.136, 15.487], [113.853, 14.789], [114.589, 14.113], [115.367, 13.485], [116.207, 12.944], [116.529, 12.809], [118.057, 12.809], [123.699, 12.809], [128.681, 8.142]]]}, "properties": {"id": "j9", "name": "", "osm_node_ids": [10182235280], "osm_way_ids": [], "tags": {"kind": "intersection", "centre": [111.49251761594189, 6.409106333311188], "hull_wkt": "POLYGON ((117.04236133019847 6.409106333311188, 117.01563731578774 5.86512652316377, 116.93572263942315 5.3263855359576855, 116.80338692312388 4.798071741905509, 116.61990463217997 4.285273091649659, 116.38704280135484 3.792928116516359, 116.10704401737453 3.3257783677592823, 115.78260482159172 2.888322752828988, 115.41684974081826 2.4847742084348208, 115.0133011964241 2.1190191276613684, 114.5758455814938 1.7945799318785474, 114.10869583273673 1.5145811478982498, 113.61635085760342 1.2817193170731107, 113.10355220734758 1.0982370261292012, 112.5752384132954 0.9659013098299365, 112.03649742608931 0.8859866334653379, 111.49251761594189 0.8592626190546024, 110.94853780579447 0.8859866334653379, 110.40979681858839 0.9659013098299365, 109.88148302453621 1.0982370261292012, 109.36868437428036 1.2817193170731107, 108.87633939914706 1.514581147898249, 108.40918965038999 1.7945799318785456, 107.97173403545969 2.1190191276613684, 107.56818549106552 2.48477420843482, 107.20243041029207 2.888322752828988, 106.87799121450925 3.3257783677592823, 106.59799243052896 3.7929281165163578, 106.36513059970382 4.285273091649659, 106.1816483087599 4.798071741905508, 106.04931259246064 5.326385535957684, 105.96939791609604 5.865126523163769, 105.94267390168531 6.409106333311188, 105.96939791609604 6.953086143458606, 106.04931259246064 7.491827130664691, 106.1816483087599 8.020140924716866, 106.36513059970382 8.532939574972715, 106.59799243052895 9.025284550106017, 106.87799121450925 9.492434298863092, 107.20243041029207 9.929889913793387, 107.56818549106552 10.333438458187555, 107.97173403545969 10.699193538961005, 108.40918965038999 11.023632734743828, 108.87633939914706 11.303631518724126, 109.36868437428036 11.536493349549264, 109.88148302453621 11.719975640493175, 110.40979681858839 11.852311356792438, 110.94853780579447 11.932226033157038, 111.49251761594189 11.958950047567773, 112.03649742608931 11.932226033157038, 112.5752384132954 11.85231135679244, 113.10355220734758 11.719975640493175, 113.61635085760342 11.536493349549264, 114.10869583273671 11.303631518724128, 114.5758455814938 11.023632734743831, 115.0133011964241 10.699193538961007, 115.41684974081826 10.333438458187556, 115.7826048215917 9.92988991379339, 116.10704401737453 9.492434298863094, 116.38704280135482 9.025284550106019, 116.61990463217997 8.532939574972719, 116.80338692312388 8.020140924716868, 116.93572263942315 7.491827130664693, 117.01563731578774 6.953086143458605, 117.04236133019847 6.409106333311188))", "area_wkt": "POLYGON ((103.49534463811568 1.4672955764970181, 101.24010931185721 4.248986310080444, 99.97087743069993 8.386535938893509, 101.63497793883414 11.29272359486875, 110.00621249259522 18.004334553727084, 116.006256355285 20.013532021640582, 128.68085134873954 8.14164323946002, 113.91470430531176 -7.622902472100116, 103.49534463811568 1.4672955764970181))", "area_source": "plaza", "plaza_wkt": "POLYGON ((103.49534463811568 1.4672955764970181, 101.24010931185721 4.248986310080444, 99.97087743069993 8.386535938893509, 101.63497793883414 11.29272359486875, 110.00621249259522 18.004334553727084, 116.006256355285 20.013532021640582, 128.68085134873954 8.14164323946002, 113.91470430531176 -7.622902472100116, 103.49534463811568 1.4672955764970181))", "trim_area_wkt": "POLYGON ((118.8972932002296 4.936204891925429, 118.7172675945883 4.217502387396584, 118.46766369720254 3.51990622691948, 118.15088533005154 2.8501346428643637, 117.76998324197962 2.214637901720078, 117.32862572831719 1.6195361845016976, 116.83106330319136 1.0705606460617254, 116.28208776475138 0.5729982209358946, 115.686986047533 0.1316407072734567, 115.05148930638872 -0.24926138079846, 114.3817177223336 -0.5660397479494632, 113.6841215618565 -0.815643645335216, 112.96541905732765 -0.9956692509765244, 112.23253170674843 -1.1043828198790555, 111.49251761594189 -1.1407373809453976, 110.75250352513535 -1.1043828198790564, 110.01961617455613 -0.9956692509765244, 109.30091367002728 -0.815643645335216, 108.60331750955018 -0.5660397479494632, 107.93354592549507 -0.2492613807984609, 107.29804918435079 0.1316407072734549, 106.7029474671324 0.5729982209358937, 106.15397192869243 1.0705606460617245, 105.65640950356659 1.6195361845016976, 105.21505198990415 2.214637901720078, 104.83414990183225 2.850134642864362, 104.51737153468125 3.519906226919479, 104.26776763729549 4.217502387396584, 104.08774203165419 4.936204891925426, 103.97902846275164 5.6690922425046475, 103.94267390168531 6.409106333311188, 103.97902846275164 7.149120424117727, 104.08774203165419 7.882007774696948, 104.26776763729549 8.60071027922579, 104.51737153468125 9.298306439702895, 104.83414990183225 9.968078023758013, 105.21505198990415 10.603574764902296, 105.65640950356659 11.198676482120678, 106.15397192869243 11.74765202056065, 106.7029474671324 12.245214445686479, 107.29804918435079 12.68657195934892, 107.93354592549507 13.067474047420836, 108.60331750955018 13.384252414571836, 109.30091367002728 13.63385631195759, 110.01961617455613 13.813881917598898, 110.75250352513535 13.922595486501432, 111.49251761594189 13.958950047567773, 112.23253170674843 13.922595486501432, 112.96541905732765 13.8138819175989, 113.6841215618565 13.633856311957592, 114.3817177223336 13.384252414571838, 115.05148930638872 13.067474047420838, 115.686986047533 12.686571959348921, 116.28208776475138 12.24521444568648, 116.83106330319136 11.74765202056065, 117.32862572831718 11.198676482120682, 117.76998324197962 10.603574764902298, 118.15088533005154 9.968078023758014, 118.46766369720254 9.298306439702902, 118.7172675945883 8.600710279225794, 118.8972932002296 7.882007774696951, 119.00600676913214 7.149120424117726, 119.04236133019847 6.409106333311188, 119.00600676913214 5.669092242504649, 118.8972932002296 4.936204891925429))", "n_incoming": 1, "n_outgoing": 2, "plaza_source": "lanegraph", "polygon_source": "surfaces"}, "connections": [{"id": "j9c1", "incoming_road": "r20", "connecting_road": "j9c1", "contact_point": "start", "lane_links": [{"from_lane": -1, "to_lane": -1}]}, {"id": "j9c2", "incoming_road": "r20", "connecting_road": "j9c2", "contact_point": "start", "lane_links": [{"from_lane": -2, "to_lane": -1}]}, {"id": "j9c3", "incoming_road": "r20", "connecting_road": "j9c3", "contact_point": "start", "lane_links": [{"from_lane": -3, "to_lane": -1}]}, {"id": "j9c4", "incoming_road": "r20", "connecting_road": "j9c4", "contact_point": "start", "lane_links": [{"from_lane": -1, "to_lane": -1}]}], "has_polygon": true}}, {"type": "Feature", "geometry": {"type": "Polygon", "coordinates": [[[114.547, 162.464], [115.205, 163.149], [115.856, 163.845], [116.5, 164.552], [117.139, 165.268], [117.772, 165.994], [118.4, 166.729], [119.024, 167.472], [119.644, 168.223], [120.262, 168.98], [120.584, 169.38], [120.399, 169.337], [119.773, 168.58], [119.131, 167.814], [118.483, 167.052], [117.829, 166.295], [117.168, 165.545], [116.5, 164.801], [115.823, 164.064], [115.138, 163.336], [114.444, 162.616], [113.787, 161.952], [113.744, 161.994], [111.229, 164.485], [111.245, 164.502], [111.246, 164.502], [111.869, 165.132], [112.531, 165.818], [113.186, 166.515], [113.835, 167.221], [114.478, 167.937], [114.532, 167.998], [114.255, 167.935], [113.826, 167.461], [113.147, 166.727], [112.46, 166.0], [111.765, 165.281], [111.118, 164.63], [111.118, 164.629], [108.561, 167.164], [108.577, 167.18], [108.45, 167.307], [105.894, 169.843], [105.908, 169.857], [106.517, 170.469], [107.186, 171.159], [107.848, 171.856], [108.506, 172.563], [109.159, 173.277], [109.807, 174.0], [110.452, 174.729], [111.093, 175.465], [111.582, 176.033], [111.585, 176.248], [111.157, 175.756], [110.495, 175.006], [109.829, 174.261], [109.157, 173.52], [108.48, 172.784], [107.796, 172.055], [107.105, 171.331], [106.408, 170.615], [105.781, 169.985], [105.781, 169.984], [103.227, 172.521], [103.24, 172.534], [103.841, 173.139], [104.514, 173.83], [105.18, 174.528], [105.842, 175.235], [106.5, 175.949], [107.153, 176.67], [107.804, 177.397], [108.451, 178.13], [109.096, 178.87], [109.739, 179.614], [110.38, 180.363], [111.02, 181.116], [111.66, 181.873], [111.667, 181.881], [111.783, 189.941], [111.779, 189.945], [111.078, 190.658], [110.376, 191.371], [109.675, 192.084], [108.972, 192.796], [108.269, 193.507], [107.566, 194.218], [106.862, 194.928], [106.157, 195.637], [105.452, 196.346], [105.127, 196.673], [107.606, 199.143], [107.606, 199.144], [110.085, 201.614], [110.611, 202.139], [112.562, 204.087], [112.633, 204.157], [112.849, 203.941], [113.543, 203.252], [114.233, 202.577], [114.924, 201.916], [115.618, 201.27], [116.316, 200.64], [117.018, 200.029], [117.724, 199.44], [118.433, 198.876], [119.146, 198.342], [119.505, 198.09], [131.66, 197.677], [140.738, 188.568], [140.739, 178.569], [140.739, 175.281], [140.876, 175.141], [141.574, 174.428], [142.273, 173.716], [142.972, 173.004], [143.672, 172.293], [144.372, 171.582], [145.073, 170.872], [145.773, 170.163], [146.475, 169.454], [147.177, 168.746], [147.879, 168.038], [148.582, 167.331], [149.287, 166.624], [146.808, 164.155], [146.809, 164.153], [144.329, 161.682], [144.33, 161.681], [141.851, 159.211], [141.115, 159.887], [140.327, 160.502], [139.494, 161.055], [138.625, 161.55], [137.727, 161.988], [136.803, 162.372], [135.86, 162.704], [134.901, 162.987], [133.929, 163.222], [132.947, 163.411], [131.958, 163.556], [130.963, 163.657], [129.965, 163.715], [128.965, 163.731], [127.966, 163.704], [126.968, 163.635], [125.975, 163.522], [124.987, 163.366], [124.008, 163.164], [123.039, 162.916], [122.084, 162.619], [121.147, 162.271], [120.231, 161.871], [119.341, 161.415], [118.483, 160.9], [117.665, 160.326], [116.894, 159.689], [116.455, 159.275], [113.896, 161.806], [113.914, 161.824], [114.547, 162.464]]]}, "properties": {"id": "j10", "name": "", "osm_node_ids": [33098963], "osm_way_ids": [], "tags": {"kind": "intersection", "centre": [125.70722060899729, 184.0300259938799], "hull_wkt": "POLYGON ((135.15763700135423 184.0300259938799, 135.11213066336347 183.10372320417747, 134.97604990030237 182.18634121670848, 134.7507052443085 181.28671492150428, 134.438266887605 180.41350821157343, 134.04174378236314 179.57513054487592, 133.56495466284792 178.77965595664588, 133.01249126891977 178.03474530201862, 132.38967412506938 177.3475724778078, 131.70250130085856 176.7247553339574, 130.9575906462313 176.17229194002925, 130.16211605800126 175.69550282051404, 129.32373839130375 175.29897971527217, 128.4505316813729 174.98654135856867, 127.55090538616871 174.7611967025748, 126.63352339869972 174.6251159395137, 125.70722060899729 174.57960960152295, 124.78091781929486 174.6251159395137, 123.86353583182589 174.7611967025748, 122.96390953662167 174.98654135856867, 122.09070282669083 175.29897971527217, 121.25232515999332 175.69550282051404, 120.45685057176328 176.17229194002925, 119.71193991713602 176.7247553339574, 119.02476709292519 177.3475724778078, 118.40194994907482 178.03474530201862, 117.84948655514665 178.77965595664588, 117.37269743563144 179.57513054487592, 116.97617433038957 180.41350821157343, 116.66373597368607 181.28671492150428, 116.43839131769221 182.18634121670848, 116.3023105546311 183.10372320417747, 116.25680421664035 184.0300259938799, 116.3023105546311 184.9563287835823, 116.43839131769221 185.8737107710513, 116.66373597368607 186.7733370662555, 116.97617433038957 187.64654377618635, 117.37269743563144 188.48492144288386, 117.84948655514664 189.2803960311139, 118.4019499490748 190.02530668574116, 119.02476709292519 190.71247950995198, 119.71193991713602 191.33529665380237, 120.45685057176328 191.88776004773052, 121.2523251599933 192.36454916724574, 122.09070282669083 192.7610722724876, 122.96390953662167 193.0735106291911, 123.86353583182587 193.29885528518497, 124.78091781929486 193.43493604824607, 125.70722060899729 193.48044238623683, 126.63352339869971 193.43493604824607, 127.55090538616871 193.29885528518497, 128.4505316813729 193.0735106291911, 129.32373839130375 192.7610722724876, 130.16211605800126 192.36454916724574, 130.9575906462313 191.88776004773052, 131.70250130085856 191.33529665380237, 132.38967412506938 190.71247950995198, 133.01249126891977 190.02530668574116, 133.56495466284792 189.2803960311139, 134.04174378236314 188.48492144288386, 134.438266887605 187.64654377618635, 134.7507052443085 186.7733370662555, 134.97604990030237 185.8737107710513, 135.11213066336347 184.9563287835823, 135.15763700135423 184.0300259938799))", "area_wkt": "POLYGON ((134.81747958657377 159.43722059080528, 119.726941104958 155.9920511629506, 99.3716639442406 176.41477306522873, 101.58877173367011 193.14692101183326, 116.10192684258976 207.61096017053436, 126.19993155685893 203.15444202854292, 147.02505231497003 182.26031975910814, 152.6025586961131 169.93394127632618, 138.5340041391942 155.90209632710454, 138.37870839308061 155.89886590994175, 134.81747958657377 159.43722059080528))", "area_source": "plaza", "plaza_wkt": "POLYGON ((134.81747958657377 159.43722059080528, 119.726941104958 155.9920511629506, 99.3716639442406 176.41477306522873, 101.58877173367011 193.14692101183326, 116.10192684258976 207.61096017053436, 126.19993155685893 203.15444202854292, 147.02505231497003 182.26031975910814, 152.6025586961131 169.93394127632618, 138.5340041391942 155.90209632710454, 138.37870839308061 155.89886590994175, 134.81747958657377 159.43722059080528))", "trim_area_wkt": "POLYGON ((136.66458591577293 180.70614556699536, 136.2860259526276 179.64814134684326, 135.80558631105984 178.63233707122393, 135.22789388745304 177.66851549060667, 134.55851217564523 176.76595873369132, 133.80388768744248 175.9333589154347, 132.97128786918586 175.17873442723194, 132.0687311122705 174.50935271542414, 131.10490953165328 173.93166029181734, 130.08910525603392 173.45122065024958, 129.03110103588182 173.07266068710425, 127.94108603020096 172.79962614176836, 126.82955767935884 172.63474648616932, 125.70722060899729 172.57960960152295, 124.58488353863574 172.63474648616932, 123.47335518779362 172.79962614176836, 122.38334018211275 173.07266068710425, 121.32533596196065 173.45122065024958, 120.30953168634132 173.93166029181734, 119.34571010572408 174.50935271542414, 118.44315334880874 175.17873442723194, 117.6105535305521 175.9333589154347, 116.85592904234935 176.76595873369132, 116.18654733054156 177.66851549060667, 115.60885490693474 178.6323370712239, 115.12841526536698 179.64814134684326, 114.74985530222165 180.70614556699536, 114.47682075688574 181.79616057267623, 114.3119411012867 182.90768892351832, 114.25680421664035 184.0300259938799, 114.3119411012867 185.15236306424143, 114.47682075688574 186.26389141508355, 114.74985530222165 187.35390642076442, 115.12841526536698 188.41191064091652, 115.60885490693472 189.42771491653585, 116.18654733054156 190.3915364971531, 116.85592904234933 191.29409325406846, 117.6105535305521 192.12669307232508, 118.44315334880872 192.88131756052783, 119.34571010572407 193.55069927233563, 120.30953168634132 194.12839169594244, 121.32533596196065 194.6088313375102, 122.38334018211275 194.98739130065553, 123.47335518779362 195.26042584599142, 124.58488353863574 195.42530550159046, 125.70722060899729 195.48044238623683, 126.82955767935883 195.42530550159046, 127.94108603020096 195.26042584599142, 129.03110103588182 194.98739130065553, 130.08910525603395 194.6088313375102, 131.10490953165325 194.12839169594244, 132.0687311122705 193.55069927233563, 132.97128786918586 192.88131756052783, 133.80388768744248 192.12669307232508, 134.55851217564523 191.29409325406846, 135.22789388745304 190.3915364971531, 135.80558631105984 189.42771491653588, 136.2860259526276 188.41191064091655, 136.66458591577293 187.35390642076442, 136.93762046110882 186.26389141508355, 137.10250011670786 185.15236306424143, 137.15763700135423 184.0300259938799, 137.10250011670786 182.90768892351835, 136.93762046110882 181.79616057267623, 136.66458591577293 180.70614556699536))", "n_incoming": 2, "n_outgoing": 2, "plaza_source": "lanegraph", "polygon_source": "surfaces", "signal_control_source": "inferred_wide_crossing"}, "connections": [{"id": "j10c1", "incoming_road": "r22", "connecting_road": "j10c1", "contact_point": "start", "lane_links": [{"from_lane": -1, "to_lane": -1}]}, {"id": "j10c2", "incoming_road": "r22", "connecting_road": "j10c2", "contact_point": "start", "lane_links": [{"from_lane": -1, "to_lane": -1}]}, {"id": "j10c3", "incoming_road": "r22", "connecting_road": "j10c3", "contact_point": "start", "lane_links": [{"from_lane": -2, "to_lane": -1}]}, {"id": "j10c4", "incoming_road": "r22", "connecting_road": "j10c4", "contact_point": "start", "lane_links": [{"from_lane": -3, "to_lane": -1}]}, {"id": "j10c5", "incoming_road": "r54", "connecting_road": "j10c5", "contact_point": "start", "lane_links": [{"from_lane": -1, "to_lane": -1}]}, {"id": "j10c6", "incoming_road": "r54", "connecting_road": "j10c6", "contact_point": "start", "lane_links": [{"from_lane": -2, "to_lane": -1}]}, {"id": "j10c7", "incoming_road": "r54", "connecting_road": "j10c7", "contact_point": "start", "lane_links": [{"from_lane": -3, "to_lane": -1}]}, {"id": "j10c8", "incoming_road": "r54", "connecting_road": "j10c8", "contact_point": "start", "lane_links": [{"from_lane": -4, "to_lane": -1}]}, {"id": "j10c9", "incoming_road": "r54", "connecting_road": "j10c9", "contact_point": "start", "lane_links": [{"from_lane": -5, "to_lane": -1}]}, {"id": "j10c10", "incoming_road": "r54", "connecting_road": "j10c10", "contact_point": "start", "lane_links": [{"from_lane": -5, "to_lane": -1}]}], "has_polygon": true}}, {"type": "Feature", "geometry": {"type": "Polygon", "coordinates": [[[128.41, -25.87], [122.049, -16.927], [135.819, -3.478], [144.232, -12.091], [144.226, -16.12], [144.965, -18.566], [145.905, -20.213], [147.146, -21.793], [144.053, -27.868], [140.326, -29.376], [136.821, -25.845], [129.838, -25.866], [129.838, -25.878], [129.837, -25.866], [128.41, -25.87]]]}, "properties": {"id": "j11", "name": "", "osm_node_ids": [10182235282], "osm_way_ids": [1112878651], "tags": {"kind": "intersection", "centre": [136.5497437686079, -18.668151814731207], "hull_wkt": "POLYGON ((141.94001031275593 -18.668151814731207, 141.91405470603613 -19.1964903270027, 141.83643785255828 -19.719740650581805, 141.707907245051 -20.232863598814742, 141.5297007035266 -20.730917517208482, 141.30353445439755 -21.20910587426493, 141.03158660227803 -21.66282345470129, 140.71647615364574 -22.087700710190692, 140.36123779437793 -22.47964584050125, 139.96929266406738 -22.83488419976906, 139.54441540857798 -23.14999464840134, 139.09069782814163 -23.421942500520867, 138.61250947108516 -23.648108749649907, 138.11445555269142 -23.826315291174307, 137.6013326044585 -23.954845898681576, 137.07808228087939 -24.03246275215944, 136.5497437686079 -24.058418358879226, 136.0214052563364 -24.03246275215944, 135.4981549327573 -23.954845898681576, 134.98503198452437 -23.826315291174307, 134.48697806613063 -23.648108749649907, 134.00878970907416 -23.421942500520867, 133.55507212863782 -23.149994648401343, 133.1301948731484 -22.83488419976906, 132.73824974283787 -22.47964584050125, 132.38301138357005 -22.087700710190692, 132.06790093493777 -21.66282345470129, 131.79595308281824 -21.20910587426493, 131.5697868336892 -20.730917517208482, 131.3915802921648 -20.232863598814742, 131.26304968465752 -19.71974065058181, 131.18543283117967 -19.1964903270027, 131.15947722445986 -18.668151814731207, 131.18543283117967 -18.139813302459714, 131.26304968465752 -17.616562978880605, 131.3915802921648 -17.103440030647675, 131.5697868336892 -16.60538611225393, 131.79595308281824 -16.127197755197482, 132.06790093493777 -15.673480174761128, 132.38301138357005 -15.248602919271722, 132.73824974283787 -14.856657788961165, 133.1301948731484 -14.501419429693355, 133.55507212863782 -14.186308981061073, 134.00878970907416 -13.914361128941547, 134.48697806613063 -13.688194879812507, 134.98503198452437 -13.509988338288107, 135.4981549327573 -13.381457730780841, 136.0214052563364 -13.303840877302973, 136.5497437686079 -13.277885270583187, 137.07808228087939 -13.303840877302973, 137.6013326044585 -13.38145773078084, 138.11445555269142 -13.509988338288107, 138.61250947108516 -13.688194879812507, 139.09069782814163 -13.914361128941547, 139.54441540857798 -14.186308981061071, 139.96929266406738 -14.501419429693353, 140.36123779437793 -14.856657788961165, 140.71647615364574 -15.248602919271718, 141.03158660227803 -15.673480174761126, 141.30353445439755 -16.127197755197482, 141.5297007035266 -16.605386112253928, 141.707907245051 -17.103440030647672, 141.83643785255828 -17.616562978880605, 141.91405470603613 -18.139813302459714, 141.94001031275593 -18.668151814731207))", "area_wkt": "POLYGON ((129.83895710947505 -27.877504460149588, 122.04815407521839 -16.928433128377968, 135.81905258854275 -3.4776021452854646, 145.38144455929168 -13.267534792520006, 148.06336250267128 -19.9911013309696, 144.05305016413354 -27.868578530635535, 138.52593082455996 -30.10284682743847, 129.83895710947505 -27.877504460149588))", "area_source": "plaza", "plaza_wkt": "POLYGON ((129.83895710947505 -27.877504460149588, 122.04815407521839 -16.928433128377968, 135.81905258854275 -3.4776021452854646, 145.38144455929168 -13.267534792520006, 148.06336250267128 -19.9911013309696, 144.05305016413354 -27.868578530635535, 138.52593082455996 -30.10284682743847, 129.83895710947505 -27.877504460149588))", "trim_area_wkt": "POLYGON ((143.62178791651542 -20.813432953323666, 143.37745976854916 -21.49628438193866, 143.06737698309428 -22.151899347916924, 142.6945258268831 -22.773963920740492, 142.26249706037123 -23.35648727851798, 141.77545135675103 -23.89385940287434, 141.23807923239468 -24.380905106494534, 140.6555558746172 -24.812933873006433, 140.03349130179362 -25.185785029217577, 139.37787633581536 -25.495867814672483, 138.69502490720035 -25.740195962638722, 137.99151324849075 -25.916416459488033, 137.2741165615385 -26.022832205503835, 136.5497437686079 -26.058418358879226, 135.8253709756773 -26.022832205503835, 135.10797428872505 -25.916416459488033, 134.40446263001544 -25.740195962638722, 133.72161120140044 -25.495867814672483, 133.06599623542218 -25.185785029217577, 132.4439316625986 -24.812933873006433, 131.8614083048211 -24.380905106494538, 131.32403618046476 -23.893859402874345, 130.83699047684456 -23.35648727851798, 130.40496171033266 -22.773963920740492, 130.03211055412152 -22.151899347916927, 129.72202776866663 -21.49628438193866, 129.47769962070038 -20.813432953323666, 129.30147912385107 -20.109921294614065, 129.19506337783528 -19.392524607661823, 129.15947722445986 -18.668151814731207, 129.19506337783525 -17.943779021800594, 129.30147912385107 -17.22638233484835, 129.47769962070038 -16.52287067613875, 129.72202776866663 -15.840019247523752, 130.03211055412152 -15.184404281545488, 130.40496171033266 -14.562339708721924, 130.83699047684456 -13.979816350944432, 131.32403618046476 -13.442444226588071, 131.8614083048211 -12.955398522967881, 132.4439316625986 -12.523369756455981, 133.06599623542218 -12.150518600244837, 133.72161120140044 -11.840435814789934, 134.40446263001544 -11.596107666823691, 135.10797428872505 -11.41988716997438, 135.8253709756773 -11.313471423958578, 136.5497437686079 -11.277885270583187, 137.2741165615385 -11.313471423958578, 137.99151324849075 -11.419887169974379, 138.69502490720035 -11.59610766682369, 139.37787633581536 -11.840435814789933, 140.03349130179362 -12.150518600244837, 140.6555558746172 -12.523369756455981, 141.23807923239468 -12.95539852296788, 141.77545135675103 -13.44244422658807, 142.26249706037123 -13.979816350944427, 142.6945258268831 -14.562339708721922, 143.06737698309428 -15.184404281545486, 143.37745976854916 -15.840019247523749, 143.62178791651542 -16.522870676138748, 143.79800841336473 -17.226382334848346, 143.90442415938054 -17.943779021800594, 143.94001031275593 -18.668151814731207, 143.90442415938054 -19.39252460766182, 143.79800841336473 -20.109921294614065, 143.62178791651542 -20.813432953323666))", "n_incoming": 2, "n_outgoing": 1, "plaza_source": "lanegraph", "polygon_source": "surfaces"}, "connections": [{"id": "j11c1", "incoming_road": "r41", "connecting_road": "j11c1", "contact_point": "start", "lane_links": [{"from_lane": -1, "to_lane": -1}]}, {"id": "j11c2", "incoming_road": "r41", "connecting_road": "j11c2", "contact_point": "start", "lane_links": [{"from_lane": -2, "to_lane": -1}]}, {"id": "j11c3", "incoming_road": "r41", "connecting_road": "j11c3", "contact_point": "start", "lane_links": [{"from_lane": -3, "to_lane": -1}]}, {"id": "j11c4", "incoming_road": "r46", "connecting_road": "j11c4", "contact_point": "start", "lane_links": [{"from_lane": -1, "to_lane": -1}]}], "has_polygon": true}}, {"type": "Feature", "geometry": {"type": "Polygon", "coordinates": [[[176.778, -62.659], [175.09, -64.342], [174.931, -64.501], [174.928, -64.504], [174.921, -64.497], [174.286, -63.859], [173.589, -63.168], [172.887, -62.478], [172.18, -61.788], [171.468, -61.099], [170.753, -60.409], [170.035, -59.717], [169.315, -59.025], [168.591, -58.329], [167.867, -57.63], [167.142, -56.928], [166.417, -56.221], [165.693, -55.509], [164.97, -54.792], [164.249, -54.068], [163.539, -53.346], [163.683, -53.205], [161.377, -50.894], [169.018, -43.32], [171.475, -45.728], [172.209, -46.448], [172.986, -46.73], [173.975, -46.865], [174.973, -46.828], [175.953, -46.634], [176.888, -46.282], [176.969, -46.231], [177.793, -45.422], [177.794, -45.421], [179.843, -47.598], [181.965, -49.849], [181.965, -49.851], [182.156, -50.054], [181.998, -50.211], [181.998, -50.212], [178.91, -53.274], [179.123, -53.478], [179.842, -54.173], [180.559, -54.87], [181.273, -55.57], [181.984, -56.274], [182.596, -56.888], [182.551, -56.932], [182.552, -56.933], [182.551, -56.933], [182.389, -57.095], [180.052, -59.425], [180.045, -59.418], [179.958, -59.503], [179.949, -59.512], [179.817, -59.643], [177.49, -61.964], [177.483, -61.957], [177.481, -61.959], [177.477, -61.963], [177.473, -61.966], [177.434, -62.005], [177.429, -62.01], [177.372, -62.067], [176.778, -62.659]]]}, "properties": {"id": "j12", "name": "", "osm_node_ids": [1473221665], "osm_way_ids": [], "tags": {"kind": "intersection", "centre": [171.12500765948573, -54.184884259240135], "hull_wkt": "POLYGON ((176.5353438169111 -54.184884259240135, 176.50929156951779 -54.71518993761259, 176.4313857247219 -55.24038848240775, 176.30237655839647 -55.75542194453651, 176.1235064993368 -56.255330270212625, 175.89649816399194 -56.73529906898216, 175.62353776672663 -57.19070597893532, 175.30725406538193 -57.61716518257853, 174.95069304489996 -58.010569644654375, 174.55728858282413 -58.36713066513632, 174.1308293791809 -58.683414366481045, 173.67542246922775 -58.95637476374633, 173.19545367045822 -59.18338309909119, 172.6955453447821 -59.36225315815087, 172.18051188265335 -59.49126232447631, 171.6553133378582 -59.569168169272196, 171.12500765948573 -59.5952204166655, 170.59470198111327 -59.5691681692722, 170.06950343631812 -59.49126232447631, 169.55446997418937 -59.36225315815087, 169.05456164851324 -59.18338309909119, 168.5745928497437 -58.95637476374633, 168.11918593979055 -58.683414366481045, 167.69272673614734 -58.36713066513632, 167.2993222740715 -58.010569644654375, 166.94276125358954 -57.61716518257853, 166.62647755224484 -57.19070597893532, 166.35351715497953 -56.73529906898216, 166.12650881963467 -56.255330270212625, 165.947638760575 -55.75542194453651, 165.81862959424956 -55.24038848240775, 165.74072374945368 -54.71518993761259, 165.71467150206036 -54.184884259240135, 165.74072374945368 -53.65457858086768, 165.81862959424956 -53.12938003607252, 165.947638760575 -52.61434657394377, 166.12650881963467 -52.114438248267646, 166.35351715497953 -51.63446944949811, 166.6264775522448 -51.17906253954495, 166.94276125358954 -50.75260333590174, 167.2993222740715 -50.359198873825896, 167.69272673614734 -50.00263785334395, 168.11918593979055 -49.686354151999225, 168.5745928497437 -49.41339375473394, 169.05456164851324 -49.18638541938908, 169.55446997418937 -49.0075153603294, 170.06950343631812 -48.87850619400397, 170.59470198111327 -48.80060034920807, 171.12500765948573 -48.77454810181477, 171.6553133378582 -48.80060034920807, 172.18051188265335 -48.87850619400396, 172.6955453447821 -49.0075153603294, 173.19545367045822 -49.18638541938908, 173.67542246922775 -49.41339375473394, 174.1308293791809 -49.686354151999225, 174.55728858282413 -50.00263785334395, 174.95069304489996 -50.35919887382589, 175.30725406538193 -50.75260333590174, 175.62353776672663 -51.17906253954495, 175.89649816399194 -51.63446944949811, 176.1235064993368 -52.114438248267646, 176.30237655839647 -52.61434657394376, 176.4313857247219 -53.12938003607252, 176.50929156951779 -53.65457858086768, 176.5353438169111 -54.184884259240135))", "area_wkt": "POLYGON ((171.3129700299396 -66.90092776651505, 165.653073240873 -61.20533206636543, 165.65353583300302 -61.20487190194971, 165.44148772589668 -60.992412008946545, 165.23014498970258 -60.77973626159896, 165.2296829283629 -60.780195898009936, 159.9213251021471 -55.46152952946418, 158.7259968662041 -54.26191880530695, 158.37962379701884 -53.86493276418874, 172.04146875337702 -40.32174198190783, 174.47868865663148 -42.71038638765881, 174.8726249247859 -42.323510702915996, 184.10569396362175 -52.119948355214426, 185.02652840610745 -53.20382063086707, 184.93487215591773 -53.2946887605154, 185.57358417339395 -53.936031550371496, 171.89988029447213 -67.49097825956159, 171.3129700299396 -66.90092776651505))", "area_source": "plaza", "plaza_wkt": "POLYGON ((171.3129700299396 -66.90092776651505, 165.653073240873 -61.20533206636543, 165.65353583300302 -61.20487190194971, 165.44148772589668 -60.992412008946545, 165.23014498970258 -60.77973626159896, 165.2296829283629 -60.780195898009936, 159.9213251021471 -55.46152952946418, 158.7259968662041 -54.26191880530695, 158.37962379701884 -53.86493276418874, 172.04146875337702 -40.32174198190783, 174.47868865663148 -42.71038638765881, 174.8726249247859 -42.323510702915996, 184.10569396362175 -52.119948355214426, 185.02652840610745 -53.20382063086707, 184.93487215591773 -53.2946887605154, 185.57358417339395 -53.936031550371496, 171.89988029447213 -67.49097825956159, 171.3129700299396 -66.90092776651505))", "trim_area_wkt": "POLYGON ((178.39295628552836 -55.63056912644001, 178.21625722986087 -56.33599129904543, 177.97126556435936 -57.0206971349428, 177.66034069268864 -57.678092542634154, 177.28647699133174 -58.30184644497453, 176.85327497210739 -58.88595175090582, 176.36490660727307 -59.424783207027474, 175.82607515115143 -59.913151571861796, 175.24196984522013 -60.346353591086135, 174.61821594287974 -60.72021729244304, 173.9608205351884 -61.03114216411377, 173.276114699291 -61.27613382961529, 172.5706925266856 -61.45283288528277, 171.8513476185173 -61.55953762261659, 171.12500765948573 -61.5952204166655, 170.39866770045415 -61.559537622616595, 169.67932279228586 -61.45283288528277, 168.97390061968045 -61.27613382961529, 168.28919478378307 -61.03114216411377, 167.63179937609172 -60.72021729244304, 167.00804547375134 -60.346353591086135, 166.42394016782004 -59.913151571861796, 165.8851087116984 -59.424783207027474, 165.39674034686408 -58.88595175090582, 164.96353832763972 -58.30184644497453, 164.58967462628283 -57.678092542634154, 164.2787497546121 -57.02069713494281, 164.0337580891106 -56.33599129904543, 163.8570590334431 -55.63056912644001, 163.75035429610926 -54.91122421827171, 163.71467150206036 -54.184884259240135, 163.75035429610926 -53.45854430020856, 163.8570590334431 -52.73919939204026, 164.0337580891106 -52.033777219434846, 164.2787497546121 -51.34907138353747, 164.58967462628283 -50.69167597584612, 164.96353832763972 -50.06792207350574, 165.39674034686408 -49.48381676757445, 165.8851087116984 -48.9449853114528, 166.42394016782004 -48.456616946618475, 167.00804547375134 -48.023414927394136, 167.63179937609172 -47.64955122603723, 168.28919478378305 -47.33862635436651, 168.97390061968045 -47.09363468886498, 169.67932279228586 -46.916935633197504, 170.39866770045415 -46.810230895863675, 171.12500765948573 -46.77454810181477, 171.8513476185173 -46.810230895863675, 172.5706925266856 -46.916935633197504, 173.276114699291 -47.09363468886498, 173.9608205351884 -47.33862635436651, 174.61821594287974 -47.64955122603723, 175.24196984522013 -48.023414927394136, 175.82607515115143 -48.456616946618475, 176.36490660727307 -48.9449853114528, 176.85327497210739 -49.483816767574446, 177.28647699133174 -50.06792207350574, 177.66034069268864 -50.69167597584612, 177.97126556435936 -51.34907138353746, 178.21625722986087 -52.03377721943484, 178.39295628552836 -52.73919939204026, 178.4996610228622 -53.45854430020856, 178.5353438169111 -54.184884259240135, 178.4996610228622 -54.91122421827171, 178.39295628552836 -55.63056912644001))", "n_incoming": 1, "n_outgoing": 2, "plaza_source": "lanegraph", "polygon_source": "surfaces"}, "connections": [{"id": "j12c1", "incoming_road": "r10", "connecting_road": "j12c1", "contact_point": "start", "lane_links": [{"from_lane": -1, "to_lane": -1}]}, {"id": "j12c2", "incoming_road": "r10", "connecting_road": "j12c2", "contact_point": "start", "lane_links": [{"from_lane": -1, "to_lane": -1}]}, {"id": "j12c3", "incoming_road": "r10", "connecting_road": "j12c3", "contact_point": "start", "lane_links": [{"from_lane": -2, "to_lane": -1}]}, {"id": "j12c4", "incoming_road": "r10", "connecting_road": "j12c4", "contact_point": "start", "lane_links": [{"from_lane": -3, "to_lane": -1}]}], "has_polygon": true}}, {"type": "Feature", "geometry": {"type": "Polygon", "coordinates": [[[200.386, 100.522], [200.617, 100.765], [196.974, 104.385], [198.953, 110.526], [203.837, 111.972], [208.972, 106.93], [215.442, 106.93], [221.599, 100.758], [207.531, 86.726], [201.205, 90.052], [201.191, 91.161], [201.19, 91.166], [201.084, 99.486], [200.84, 99.971], [200.386, 100.522]]]}, "properties": {"id": "j14", "name": "", "osm_node_ids": [10182235276], "osm_way_ids": [1112878644], "tags": {"kind": "intersection", "centre": [207.91146233678725, 101.27997435287496], "hull_wkt": "POLYGON ((213.16146233678725 101.27997435287496, 213.13618215181629 100.76538436614477, 213.06058505890422 100.25575016229028, 212.93539909938136 99.75597979728903, 212.76182988247152 99.27088633295824, 212.54154897461612 98.80514148453847, 212.27667780137563 98.36323062952205, 211.96976721694162 97.94940961101582, 211.62377293801663 97.56766375164558, 211.2420270786464 97.22166947272059, 210.82820606014016 96.9147588882866, 210.38629520512373 96.64988771504609, 209.92055035670398 96.42960680719071, 209.43545689237317 96.25603759028087, 208.93568652737193 96.130851630758, 208.42605232351744 96.05525453784593, 207.91146233678725 96.02997435287496, 207.39687235005707 96.05525453784593, 206.88723814620258 96.130851630758, 206.38746778120134 96.25603759028087, 205.90237431687052 96.42960680719071, 205.43662946845077 96.64988771504609, 204.99471861343434 96.9147588882866, 204.5808975949281 97.22166947272059, 204.19915173555788 97.56766375164558, 203.85315745663289 97.94940961101582, 203.54624687219888 98.36323062952205, 203.28137569895839 98.80514148453847, 203.061094791103 99.27088633295824, 202.88752557419315 99.75597979728903, 202.76233961467028 100.25575016229028, 202.68674252175822 100.76538436614476, 202.66146233678725 101.27997435287496, 202.68674252175822 101.79456433960515, 202.76233961467028 102.30419854345963, 202.88752557419315 102.80396890846089, 203.061094791103 103.28906237279168, 203.28137569895839 103.75480722121145, 203.54624687219888 104.19671807622787, 203.85315745663289 104.6105390947341, 204.19915173555788 104.99228495410433, 204.5808975949281 105.33827923302933, 204.99471861343434 105.64518981746332, 205.43662946845077 105.91006099070383, 205.90237431687052 106.13034189855921, 206.38746778120134 106.30391111546905, 206.88723814620258 106.42909707499192, 207.39687235005707 106.50469416790399, 207.91146233678725 106.52997435287496, 208.42605232351744 106.50469416790399, 208.93568652737193 106.42909707499192, 209.43545689237317 106.30391111546905, 209.92055035670398 106.13034189855921, 210.38629520512373 105.91006099070383, 210.82820606014016 105.64518981746332, 211.2420270786464 105.33827923302933, 211.62377293801663 104.99228495410433, 211.96976721694162 104.6105390947341, 212.27667780137563 104.19671807622787, 212.54154897461612 103.75480722121145, 212.76182988247152 103.28906237279168, 212.93539909938136 102.80396890846089, 213.06058505890422 102.30419854345963, 213.13618215181629 101.79456433960515, 213.16146233678725 101.27997435287496))", "area_wkt": "POLYGON ((199.19300803441416 91.11049454009746, 197.069066614039 97.21389652870899, 196.48602068138345 102.87209705448896, 198.95295058936546 110.52682561885547, 206.3123417649023 112.70334387081868, 211.1376211709582 111.24574147793034, 221.59852473823292 100.75747047126976, 207.52997018131373 86.7256255220484, 199.19300803441416 91.11049454009746))", "area_source": "plaza", "plaza_wkt": "POLYGON ((199.19300803441416 91.11049454009746, 197.069066614039 97.21389652870899, 196.48602068138345 102.87209705448896, 198.95295058936546 110.52682561885547, 206.3123417649023 112.70334387081868, 211.1376211709582 111.24574147793034, 221.59852473823292 100.75747047126976, 207.52997018131373 86.7256255220484, 199.19300803441416 91.11049454009746))", "trim_area_wkt": "POLYGON ((214.84927977084575 99.1754104427801, 214.60958894749407 98.50551946822806, 214.30539150331282 97.86234801088648, 213.9396170259807 97.25209016348285, 213.5157881236671 96.68062304268852, 213.03798650038974 96.15345018927249, 212.51081364697367 95.67564856599512, 211.93934652617938 95.2518196636815, 211.32908867877575 94.88604518634938, 210.68591722143415 94.58184774216814, 210.0160262468821 94.34215691881644, 209.32586717140418 94.16928106995154, 208.62208660417656 94.06488508450153, 207.91146233678725 94.02997435287496, 207.20083806939795 94.06488508450153, 206.49705750217032 94.16928106995154, 205.8068984266924 94.34215691881644, 205.13700745214035 94.58184774216814, 204.49383599479876 94.88604518634938, 203.88357814739513 95.2518196636815, 203.31211102660083 95.67564856599512, 202.78493817318477 96.15345018927249, 202.3071365499074 96.68062304268852, 201.8833076475938 97.25209016348285, 201.5175331702617 97.86234801088648, 201.21333572608043 98.50551946822806, 200.97364490272875 99.1754104427801, 200.80076905386383 99.86556951825803, 200.69637306841383 100.56935008548564, 200.66146233678725 101.27997435287496, 200.69637306841383 101.99059862026428, 200.80076905386383 102.69437918749189, 200.97364490272875 103.38453826296981, 201.21333572608043 104.05442923752186, 201.5175331702617 104.69760069486344, 201.8833076475938 105.30785854226707, 202.3071365499074 105.8793256630614, 202.78493817318477 106.40649851647743, 203.31211102660083 106.8843001397548, 203.88357814739513 107.30812904206842, 204.49383599479876 107.67390351940054, 205.13700745214035 107.97810096358178, 205.8068984266924 108.21779178693347, 206.49705750217032 108.39066763579838, 207.20083806939795 108.49506362124839, 207.91146233678725 108.52997435287496, 208.62208660417656 108.49506362124839, 209.32586717140418 108.39066763579838, 210.0160262468821 108.21779178693347, 210.68591722143415 107.97810096358178, 211.32908867877575 107.67390351940054, 211.93934652617938 107.30812904206842, 212.51081364697367 106.8843001397548, 213.0379865003897 106.40649851647743, 213.5157881236671 105.8793256630614, 213.9396170259807 105.30785854226707, 214.30539150331282 104.69760069486344, 214.60958894749407 104.05442923752186, 214.84927977084575 103.38453826296981, 215.02215561971067 102.69437918749189, 215.12655160516067 101.99059862026428, 215.16146233678725 101.27997435287496, 215.12655160516067 100.56935008548564, 215.02215561971067 99.86556951825803, 214.84927977084575 99.1754104427801))", "n_incoming": 2, "n_outgoing": 1, "plaza_source": "lanegraph", "polygon_source": "surfaces"}, "connections": [{"id": "j14c1", "incoming_road": "r35", "connecting_road": "j14c1", "contact_point": "start", "lane_links": [{"from_lane": -1, "to_lane": -1}]}, {"id": "j14c2", "incoming_road": "r35", "connecting_road": "j14c2", "contact_point": "start", "lane_links": [{"from_lane": -2, "to_lane": -1}]}, {"id": "j14c3", "incoming_road": "r35", "connecting_road": "j14c3", "contact_point": "start", "lane_links": [{"from_lane": -3, "to_lane": -1}]}, {"id": "j14c4", "incoming_road": "r40", "connecting_road": "j14c4", "contact_point": "start", "lane_links": [{"from_lane": -1, "to_lane": -1}]}], "has_polygon": true}}, {"type": "Feature", "geometry": {"type": "Polygon", "coordinates": [[[199.771, -111.943], [200.221, -111.332], [200.641, -110.679], [201.028, -109.989], [201.08, -109.883], [201.086, -91.747], [200.835, -91.269], [200.431, -90.599], [199.995, -89.968], [199.528, -89.381], [198.939, -88.741], [201.594, -86.299], [205.858, -82.073], [205.859, -82.074], [206.718, -81.221], [207.422, -81.93], [208.129, -82.638], [208.74, -83.247], [215.56, -83.27], [220.491, -87.54], [237.442, -104.64], [237.402, -110.545], [237.451, -111.029], [237.582, -111.159], [238.29, -111.865], [238.996, -112.573], [239.67, -113.251], [239.65, -113.272], [237.362, -115.609], [237.329, -115.577], [237.112, -115.793], [237.11, -115.791], [236.973, -115.926], [236.912, -115.987], [234.413, -118.467], [234.411, -118.465], [234.275, -118.6], [231.715, -121.141], [231.713, -121.139], [231.047, -120.468], [230.516, -119.934], [206.823, -119.856], [206.491, -120.188], [204.073, -117.794], [203.964, -117.686], [201.586, -115.331], [201.58, -115.325], [201.575, -115.321], [199.049, -112.919], [198.972, -112.846], [199.269, -112.533], [199.771, -111.943]]]}, "properties": {"id": "j15", "name": "", "osm_node_ids": [30243054], "osm_way_ids": [], "tags": {"kind": "intersection", "centre": [218.48879129759285, -101.94005123927153], "hull_wkt": "POLYGON ((224.23879129759285 -101.94005123927153, 224.211103475958 -102.5036497961665, 224.12830665991143 -103.06182059086426, 223.99119822805307 -103.60918813348468, 223.80109860953274 -104.14048097537079, 223.5598385675959 -104.65058247602101, 223.26974156833248 -105.13458007913424, 222.9336014044286 -105.58781262321249, 222.5546552894155 -106.00591523109418, 222.13655268153383 -106.38486134610726, 221.68332013745558 -106.72100151001116, 221.19932253434234 -107.01109850927456, 220.68922103369212 -107.25235855121143, 220.157928191806 -107.44245816973172, 219.6105606491856 -107.5795666015901, 219.05238985448784 -107.66236341763666, 218.48879129759285 -107.69005123927153, 217.92519274069787 -107.66236341763666, 217.3670219460001 -107.5795666015901, 216.8196544033797 -107.44245816973172, 216.2883615614936 -107.25235855121143, 215.77826006084337 -107.01109850927456, 215.29426245773016 -106.72100151001116, 214.84102991365188 -106.38486134610726, 214.4229273057702 -106.00591523109418, 214.0439811907571 -105.58781262321249, 213.70784102685323 -105.13458007913424, 213.4177440275898 -104.65058247602101, 213.17648398565296 -104.14048097537079, 212.98638436713264 -103.60918813348468, 212.84927593527428 -103.06182059086427, 212.7664791192277 -102.5036497961665, 212.73879129759285 -101.94005123927153, 212.7664791192277 -101.37645268237655, 212.84927593527428 -100.8182818876788, 212.98638436713264 -100.27091434505837, 213.17648398565296 -99.73962150317226, 213.4177440275898 -99.22952000252204, 213.70784102685323 -98.74552239940881, 214.0439811907571 -98.29228985533057, 214.4229273057702 -97.87418724744887, 214.84102991365188 -97.4952411324358, 215.29426245773016 -97.15910096853189, 215.77826006084337 -96.86900396926849, 216.2883615614936 -96.62774392733162, 216.8196544033797 -96.43764430881133, 217.3670219460001 -96.30053587695295, 217.9251927406979 -96.2177390609064, 218.48879129759285 -96.19005123927153, 219.0523898544878 -96.2177390609064, 219.6105606491856 -96.30053587695295, 220.157928191806 -96.43764430881133, 220.68922103369212 -96.62774392733162, 221.19932253434234 -96.86900396926849, 221.68332013745555 -97.15910096853189, 222.13655268153383 -97.4952411324358, 222.5546552894155 -97.87418724744887, 222.9336014044286 -98.29228985533057, 223.26974156833248 -98.74552239940881, 223.5598385675959 -99.22952000252204, 223.80109860953274 -99.73962150317226, 223.99119822805307 -100.27091434505837, 224.12830665991143 -100.81828188767878, 224.211103475958 -101.37645268237655, 224.23879129759285 -101.94005123927153))", "area_wkt": "POLYGON ((210.2161165926846 -123.87643652766576, 196.15330370713963 -109.95230661782404, 196.01506000846805 -91.8300993672045, 209.7358159972857 -78.22850919931145, 220.4909253905098 -87.53977753139034, 242.85205071917488 -110.0972629541121, 228.3996620915026 -124.42384534331885, 210.2161165926846 -123.87643652766576))", "area_source": "plaza", "plaza_wkt": "POLYGON ((210.2161165926846 -123.87643652766576, 196.15330370713963 -109.95230661782404, 196.01506000846805 -91.8300993672045, 209.7358159972857 -78.22850919931145, 220.4909253905098 -87.53977753139034, 242.85205071917488 -110.0972629541121, 228.3996620915026 -124.42384534331885, 210.2161165926846 -123.87643652766576))", "trim_area_wkt": "POLYGON ((225.90507889951746 -104.1897574879936, 225.64885767455533 -104.90584784010098, 225.3236810962926 -105.593375949673, 224.9326807929376 -106.24572054517344, 224.47962231115406 -106.85659919153977, 223.96886885178859 -107.42012879346727, 223.4053392498611 -107.93088225283273, 222.79446060349477 -108.38394073461625, 222.14211600799433 -108.77494103797127, 221.4545878984223 -109.100117616234, 220.73849754631493 -109.35633884119615, 220.00074129321786 -109.54113716239657, 219.24842413514696 -109.65273287098105, 218.48879129759285 -109.69005123927153, 217.72915846003875 -109.65273287098105, 216.97684130196785 -109.54113716239657, 216.23908504887078 -109.35633884119615, 215.52299469676342 -109.100117616234, 214.83546658719138 -108.77494103797127, 214.18312199169094 -108.38394073461626, 213.5722433453246 -107.93088225283273, 213.00871374339712 -107.42012879346727, 212.49796028403165 -106.85659919153977, 212.04490180224812 -106.24572054517344, 211.6539014988931 -105.593375949673, 211.32872492063038 -104.90584784010098, 211.07250369566825 -104.1897574879936, 210.88770537446783 -103.45200123489653, 210.77610966588333 -102.69968407682562, 210.73879129759285 -101.94005123927153, 210.77610966588333 -101.18041840171743, 210.88770537446783 -100.42810124364654, 211.07250369566825 -99.69034499054945, 211.32872492063038 -98.97425463844208, 211.6539014988931 -98.28672652887005, 212.04490180224812 -97.63438193336961, 212.49796028403165 -97.02350328700328, 213.0087137433971 -96.45997368507578, 213.5722433453246 -95.94922022571032, 214.18312199169094 -95.4961617439268, 214.83546658719138 -95.10516144057178, 215.5229946967634 -94.77998486230905, 216.23908504887078 -94.5237636373469, 216.97684130196785 -94.33896531614648, 217.72915846003878 -94.227369607562, 218.48879129759285 -94.19005123927153, 219.24842413514693 -94.227369607562, 220.00074129321786 -94.33896531614648, 220.73849754631493 -94.5237636373469, 221.4545878984223 -94.77998486230905, 222.14211600799433 -95.10516144057178, 222.79446060349477 -95.49616174392679, 223.4053392498611 -95.94922022571032, 223.96886885178859 -96.45997368507578, 224.47962231115406 -97.02350328700327, 224.9326807929376 -97.63438193336961, 225.3236810962926 -98.28672652887005, 225.64885767455533 -98.97425463844208, 225.90507889951746 -99.69034499054945, 226.08987722071788 -100.42810124364652, 226.20147292930238 -101.18041840171743, 226.23879129759285 -101.94005123927153, 226.20147292930238 -102.69968407682562, 226.08987722071788 -103.45200123489651, 225.90507889951746 -104.1897574879936))", "n_incoming": 2, "n_outgoing": 2, "plaza_source": "lanegraph", "polygon_source": "surfaces", "signal_control_source": "inferred_wide_crossing"}, "connections": [{"id": "j15c1", "incoming_road": "r11", "connecting_road": "j15c1", "contact_point": "start", "lane_links": [{"from_lane": -3, "to_lane": -1}]}, {"id": "j15c2", "incoming_road": "r11", "connecting_road": "j15c2", "contact_point": "start", "lane_links": [{"from_lane": -1, "to_lane": -1}]}, {"id": "j15c3", "incoming_road": "r11", "connecting_road": "j15c3", "contact_point": "start", "lane_links": [{"from_lane": -2, "to_lane": -1}]}, {"id": "j15c4", "incoming_road": "r11", "connecting_road": "j15c4", "contact_point": "start", "lane_links": [{"from_lane": -3, "to_lane": -1}]}, {"id": "j15c5", "incoming_road": "r12", "connecting_road": "j15c5", "contact_point": "start", "lane_links": [{"from_lane": -1, "to_lane": -1}]}, {"id": "j15c6", "incoming_road": "r12", "connecting_road": "j15c6", "contact_point": "start", "lane_links": [{"from_lane": -2, "to_lane": -1}]}, {"id": "j15c7", "incoming_road": "r12", "connecting_road": "j15c7", "contact_point": "start", "lane_links": [{"from_lane": -1, "to_lane": -1}]}], "has_polygon": true}}, {"type": "Feature", "geometry": {"type": "Polygon", "coordinates": [[[230.408, 70.014], [230.097, 70.431], [223.57, 70.483], [217.58, 76.308], [231.154, 90.266], [237.485, 87.76], [237.447, 79.748], [237.63, 79.171], [237.899, 78.491], [238.207, 77.863], [238.55, 77.294], [238.928, 76.786], [239.475, 76.191], [237.981, 74.815], [241.594, 71.166], [239.719, 68.495], [236.639, 66.465], [233.184, 69.896], [233.183, 69.896], [231.735, 68.519], [231.046, 69.244], [230.408, 70.014]]]}, "properties": {"id": "j16", "name": "", "osm_node_ids": [10182235275], "osm_way_ids": [1112878645], "tags": {"kind": "intersection", "centre": [232.7595989746828, 76.58064828078646], "hull_wkt": "POLYGON ((238.21054426367527 76.58064828078646, 238.18429647221387 76.04636221146653, 238.10580587840994 75.51722160906462, 237.97582838958917 74.99832238683955, 237.79561576002178 74.49466182796051, 237.56690353584474 74.01109045893837, 237.29189434080376 73.55226533640382, 236.97323666378236 73.12260519710618, 236.61399935240624 72.72624790306303, 236.21764205836308 72.36701059168692, 235.78798191906546 72.04835291466551, 235.3291567965309 71.77334371962452, 234.84558542750875 71.5446314954475, 234.34192486862972 71.36441886588011, 233.82302564640463 71.23444137705931, 233.29388504400274 71.15595078325539, 232.7595989746828 71.12970299179399, 232.22531290536287 71.15595078325539, 231.69617230296097 71.23444137705931, 231.1772730807359 71.36441886588011, 230.67361252185685 71.5446314954475, 230.1900411528347 71.77334371962452, 229.73121603030015 72.04835291466551, 229.30155589100252 72.36701059168692, 228.90519859695937 72.72624790306303, 228.54596128558325 73.12260519710618, 228.22730360856184 73.55226533640382, 227.95229441352086 74.01109045893837, 227.72358218934383 74.49466182796051, 227.54336955977644 74.99832238683955, 227.41339207095567 75.51722160906462, 227.33490147715173 76.04636221146653, 227.30865368569033 76.58064828078646, 227.33490147715173 77.1149343501064, 227.41339207095567 77.6440749525083, 227.54336955977644 78.16297417473338, 227.72358218934383 78.66663473361241, 227.95229441352086 79.15020610263456, 228.22730360856184 79.6090312251691, 228.54596128558325 80.03869136446674, 228.90519859695937 80.4350486585099, 229.30155589100252 80.794285969886, 229.73121603030015 81.11294364690741, 230.1900411528347 81.3879528419484, 230.67361252185685 81.61666506612542, 231.1772730807359 81.79687769569281, 231.69617230296097 81.92685518451361, 232.22531290536287 82.00534577831753, 232.7595989746828 82.03159356977893, 233.29388504400274 82.00534577831753, 233.82302564640463 81.92685518451361, 234.34192486862972 81.79687769569281, 234.84558542750875 81.61666506612542, 235.3291567965309 81.3879528419484, 235.78798191906546 81.11294364690741, 236.21764205836308 80.794285969886, 236.61399935240624 80.4350486585099, 236.97323666378233 80.03869136446674, 237.29189434080376 79.6090312251691, 237.56690353584474 79.15020610263456, 237.79561576002178 78.66663473361243, 237.97582838958917 78.16297417473338, 238.10580587840994 77.6440749525083, 238.18429647221387 77.1149343501064, 238.21054426367527 76.58064828078646))", "area_wkt": "POLYGON ((228.74735667954948 65.4473965591855, 217.58021324687195 76.30760185420729, 231.1544243200824 90.26545604960319, 241.25466503827275 86.27045428274418, 244.28853796270238 74.98502381332554, 239.7173634438862 68.49354309626742, 234.53847124798102 65.07814746109005, 228.74735667954948 65.4473965591855))", "area_source": "plaza", "plaza_wkt": "POLYGON ((228.74735667954948 65.4473965591855, 217.58021324687195 76.30760185420729, 231.1544243200824 90.26545604960319, 241.25466503827275 86.27045428274418, 244.28853796270238 74.98502381332554, 239.7173634438862 68.49354309626742, 234.53847124798102 65.07814746109005, 228.74735667954948 65.4473965591855))", "trim_area_wkt": "POLYGON ((239.88970906105357 74.41775303233062, 239.64337482504433 73.72929496323033, 239.33074606454147 73.06829698528637, 238.95483356540885 72.4411248703646, 238.51925757050782 71.85381862877888, 238.02821291477935 71.31203434068993, 237.48642862669038 70.82098968496145, 236.89912238510465 70.38541369006042, 236.27195027018288 70.0095011909278, 235.61095229223895 69.69687243042493, 234.92249422313864 69.45053819441569, 234.2132062904369 69.27287081625286, 233.48991932466186 69.165581329911, 232.7595989746828 69.12970299179399, 232.02927862470375 69.165581329911, 231.30599165892872 69.27287081625286, 230.59670372622696 69.45053819441569, 229.90824565712666 69.69687243042493, 229.24724767918272 70.0095011909278, 228.62007556426096 70.38541369006042, 228.03276932267522 70.82098968496145, 227.49098503458626 71.31203434068993, 226.9999403788578 71.85381862877888, 226.56436438395676 72.4411248703646, 226.18845188482413 73.06829698528637, 225.87582312432127 73.72929496323033, 225.62948888831204 74.41775303233062, 225.4518215101492 75.12704096503236, 225.34453202380735 75.85032793080741, 225.30865368569033 76.58064828078646, 225.34453202380735 77.31096863076552, 225.4518215101492 78.03425559654056, 225.62948888831204 78.7435435292423, 225.87582312432127 79.4320015983426, 226.18845188482413 80.09299957628656, 226.56436438395676 80.72017169120831, 226.9999403788578 81.30747793279403, 227.49098503458626 81.84926222088299, 228.03276932267522 82.34030687661148, 228.62007556426096 82.77588287151251, 229.24724767918272 83.15179537064512, 229.90824565712666 83.464424131148, 230.59670372622696 83.71075836715724, 231.30599165892872 83.88842574532006, 232.02927862470375 83.99571523166192, 232.7595989746828 84.03159356977893, 233.48991932466186 83.99571523166192, 234.2132062904369 83.88842574532006, 234.92249422313864 83.71075836715724, 235.61095229223895 83.464424131148, 236.27195027018288 83.15179537064512, 236.89912238510465 82.77588287151251, 237.48642862669038 82.34030687661148, 238.02821291477935 81.84926222088299, 238.51925757050782 81.30747793279404, 238.95483356540885 80.72017169120832, 239.33074606454147 80.09299957628656, 239.64337482504433 79.4320015983426, 239.88970906105357 78.7435435292423, 240.06737643921642 78.03425559654056, 240.17466592555826 77.31096863076552, 240.21054426367527 76.58064828078646, 240.17466592555826 75.85032793080741, 240.06737643921642 75.12704096503236, 239.88970906105357 74.41775303233062))", "n_incoming": 1, "n_outgoing": 2, "plaza_source": "lanegraph", "polygon_source": "surfaces"}, "connections": [{"id": "j16c1", "incoming_road": "r58", "connecting_road": "j16c1", "contact_point": "start", "lane_links": [{"from_lane": -1, "to_lane": -1}]}, {"id": "j16c2", "incoming_road": "r58", "connecting_road": "j16c2", "contact_point": "start", "lane_links": [{"from_lane": -2, "to_lane": -1}]}, {"id": "j16c3", "incoming_road": "r58", "connecting_road": "j16c3", "contact_point": "start", "lane_links": [{"from_lane": -3, "to_lane": -1}]}, {"id": "j16c4", "incoming_road": "r58", "connecting_road": "j16c4", "contact_point": "start", "lane_links": [{"from_lane": -3, "to_lane": -1}]}], "has_polygon": true}}]}