{"type": "FeatureCollection", "features": [{"type": "Feature", "geometry": {"type": "LineString", "coordinates": [[177.93627190844265, -45.5740903896709, 25.635319094828333], [249.7276231081147, 22.08871986282718, 25.311015396624192]]}, "properties": {"id": "r2", "name": "Passatge de Permanyer", "highway": "service", "osm_way_ids": [133881926], "junction_id": null, "predecessor": {"element": "junction", "id": "j12", "contact": null}, "successor": null, "center_marking": {"kind": "solid", "color": "white", "width": 0.12}, "tags": {"oneway": "yes", "service": "alley", "surface": "sett", "oneway_road": true, "reversed": false, "canyon_fraction": [0.93, 0.9], "cross_section_source": "buildings", "street_width_m": 14.19, "face_left_m": 5.2, "face_right_m": 9.0, "carriageway_m": 7.95, "width_source": "buildings", "trim_source": "chamfer"}, "lanes": [{"id": 2, "type": "sidewalk", "width": 3.12, "direction": "forward", "marking": null, "speed_limit": null, "tags": {"width_source": "fraction"}}, {"id": 1, "type": "parking", "width": 2.0742427770004874, "direction": "forward", "marking": null, "speed_limit": null, "tags": {"width_source": "buildings"}}, {"id": -1, "type": "driving", "width": 3.8, "direction": "forward", "marking": {"kind": "solid", "color": "white", "width": 0.12}, "speed_limit": null, "tags": {}}, {"id": -2, "type": "parking", "width": 2.0742427770004874, "direction": "forward", "marking": null, "speed_limit": null, "tags": {"width_source": "buildings"}}, {"id": -3, "type": "sidewalk", "width": 3.12, "direction": "forward", "marking": null, "speed_limit": null, "tags": {"width_source": "fraction"}}]}}, {"type": "Feature", "geometry": {"type": "LineString", "coordinates": [[-98.44402096274622, 225.6414544355636, 33.208260267373134], [-80.42403735412249, 207.2246095480744, 32.54709312720816], [-76.1417189950623, 202.7799189047476, 32.46565140774019]]}, "properties": {"id": "r3", "name": "Carrer de Pau Claris", "highway": "secondary", "osm_way_ids": [237645185], "junction_id": null, "predecessor": null, "successor": {"element": "junction", "id": "j5", "contact": null}, "center_marking": {"kind": "solid", "color": "white", "width": 0.12}, "tags": {"lanes": "3", "lit": "yes", "maxspeed": "50", "oneway": "yes", "sidewalk:both": "separate", "surface": "asphalt", "width": "6", "oneway_road": true, "reversed": false, "canyon_fraction": [0.6, 0.8], "cross_section_source": "buildings", "street_width_m": 19.62, "face_left_m": 4.56, "face_right_m": 15.06, "carriageway_m": 10.5, "width_source": "buildings", "trim_source": "chamfer"}, "lanes": [{"id": 1, "type": "sidewalk", "width": 4.56, "direction": "forward", "marking": null, "speed_limit": null, "tags": {"width_source": "footway"}}, {"id": -1, "type": "driving", "width": 3.5, "direction": "forward", "marking": {"kind": "broken", "color": "white", "width": 0.12}, "speed_limit": 13.88888888888889, "tags": {}}, {"id": -2, "type": "driving", "width": 3.5, "direction": "forward", "marking": {"kind": "broken", "color": "white", "width": 0.12}, "speed_limit": 13.88888888888889, "tags": {}}, {"id": -3, "type": "driving", "width": 3.5, "direction": "forward", "marking": {"kind": "solid", "color": "white", "width": 0.12}, "speed_limit": 13.88888888888889, "tags": {}}, {"id": -4, "type": "sidewalk", "width": 4.56, "direction": "forward", "marking": null, "speed_limit": null, "tags": {"width_source": "footway"}}]}}, {"type": "Feature", "geometry": {"type": "LineString", "coordinates": [[-52.25096688983267, 203.7067340067759, 32.200929202043305], [-28.146322144413226, 227.61660034836015, 32.155393374605325]]}, "properties": {"id": "r4", "name": "Carrer de Val\u00e8ncia", "highway": "tertiary", "osm_way_ids": [237645196], "junction_id": null, "predecessor": {"element": "junction", "id": "j5", "contact": null}, "successor": null, "center_marking": {"kind": "solid", "color": "white", "width": 0.12}, "tags": {"lanes": "4", "lit": "yes", "maxspeed": "50", "oneway": "yes", "placement": "left_of:2", "sidewalk:both": "separate", "surface": "asphalt", "width": "5", "oneway_road": true, "reversed": false, "canyon_fraction": [0.75, 0.81], "cross_section_source": "buildings", "street_width_m": 19.5, "face_left_m": 2.75, "face_right_m": 16.75, "carriageway_m": 14.0, "width_source": "buildings", "trim_source": "chamfer"}, "lanes": [{"id": 1, "type": "sidewalk", "width": 2.75, "direction": "forward", "marking": null, "speed_limit": null, "tags": {"width_source": "footway"}}, {"id": -1, "type": "driving", "width": 3.5, "direction": "forward", "marking": {"kind": "broken", "color": "white", "width": 0.12}, "speed_limit": 13.88888888888889, "tags": {}}, {"id": -2, "type": "driving", "width": 3.5, "direction": "forward", "marking": {"kind": "broken", "color": "white", "width": 0.12}, "speed_limit": 13.88888888888889, "tags": {}}, {"id": -3, "type": "driving", "width": 3.5, "direction": "forward", "marking": {"kind": "broken", "color": "white", "width": 0.12}, "speed_limit": 13.88888888888889, "tags": {}}, {"id": -4, "type": "driving", "width": 3.5, "direction": "forward", "marking": {"kind": "solid", "color": "white", "width": 0.12}, "speed_limit": 13.88888888888889, "tags": {}}, {"id": -5, "type": "sidewalk", "width": 2.75, "direction": "forward", "marking": null, "speed_limit": null, "tags": {"width_source": "footway"}}]}}, {"type": "Feature", "geometry": {"type": "LineString", "coordinates": [[-255.20889550629454, -1.7175189614544621, 32.13256297699538], [-237.85456033572407, 15.217818632021288, 32.09456214962635], [-219.58381584919553, 34.12520804381751, 32.147819909816654]]}, "properties": {"id": "r5", "name": "Carrer de Val\u00e8ncia", "highway": "tertiary", "osm_way_ids": [238324880], "junction_id": null, "predecessor": null, "successor": {"element": "junction", "id": "j2", "contact": null}, "center_marking": {"kind": "solid", "color": "white", "width": 0.12}, "tags": {"lanes": "3", "maxspeed": "50", "oneway": "yes", "placement": "left_of:2", "sidewalk:both": "separate", "surface": "asphalt", "width": "5", "oneway_road": true, "reversed": false, "canyon_fraction": [0.86, 0.81], "cross_section_source": "buildings", "street_width_m": 19.77, "face_left_m": 4.64, "face_right_m": 15.14, "carriageway_m": 10.5, "width_source": "buildings", "trim_source": "chamfer"}, "lanes": [{"id": 1, "type": "sidewalk", "width": 4.64, "direction": "forward", "marking": null, "speed_limit": null, "tags": {"width_source": "footway"}}, {"id": -1, "type": "driving", "width": 3.5, "direction": "forward", "marking": {"kind": "broken", "color": "white", "width": 0.12}, "speed_limit": 13.88888888888889, "tags": {}}, {"id": -2, "type": "driving", "width": 3.5, "direction": "forward", "marking": {"kind": "broken", "color": "white", "width": 0.12}, "speed_limit": 13.88888888888889, "tags": {}}, {"id": -3, "type": "driving", "width": 3.5, "direction": "forward", "marking": {"kind": "solid", "color": "white", "width": 0.12}, "speed_limit": 13.88888888888889, "tags": {}}, {"id": -4, "type": "sidewalk", "width": 4.64, "direction": "forward", "marking": null, "speed_limit": null, "tags": {"width_source": "footway"}}]}}, {"type": "Feature", "geometry": {"type": "LineString", "coordinates": [[-59.658536171972514, -76.9335795324699, 28.564268745359865], [-11.814171273639573, -128.28561384817903, 27.14314367755952]]}, "properties": {"id": "r6", "name": "Passeig de Gr\u00e0cia", "highway": "tertiary", "osm_way_ids": [293858828], "junction_id": null, "predecessor": {"element": "junction", "id": "j4", "contact": null}, "successor": {"element": "junction", "id": "j6", "contact": null}, "center_marking": {"kind": "solid", "color": "white", "width": 0.12}, "tags": {"lanes": "6", "lanes:backward": "4", "lit": "yes", "maxspeed": "50", "surface": "asphalt", "oneway_road": false, "reversed": false, "canyon_fraction": [0.0, 0.0], "cross_section_source": "tags"}, "lanes": [{"id": 5, "type": "sidewalk", "width": 2.0, "direction": "backward", "marking": null, "speed_limit": null, "tags": {}}, {"id": 4, "type": "driving", "width": 3.5, "direction": "backward", "marking": {"kind": "solid", "color": "white", "width": 0.12}, "speed_limit": 13.88888888888889, "tags": {}}, {"id": 3, "type": "driving", "width": 3.5, "direction": "backward", "marking": {"kind": "broken", "color": "white", "width": 0.12}, "speed_limit": 13.88888888888889, "tags": {}}, {"id": 2, "type": "driving", "width": 3.5, "direction": "backward", "marking": {"kind": "broken", "color": "white", "width": 0.12}, "speed_limit": 13.88888888888889, "tags": {}}, {"id": 1, "type": "driving", "width": 3.5, "direction": "backward", "marking": {"kind": "broken", "color": "white", "width": 0.12}, "speed_limit": 13.88888888888889, "tags": {}}, {"id": -1, "type": "driving", "width": 3.5, "direction": "forward", "marking": {"kind": "broken", "color": "white", "width": 0.12}, "speed_limit": 13.88888888888889, "tags": {}}, {"id": -2, "type": "driving", "width": 3.5, "direction": "forward", "marking": {"kind": "solid", "color": "white", "width": 0.12}, "speed_limit": 13.88888888888889, "tags": {}}, {"id": -3, "type": "sidewalk", "width": 2.0, "direction": "forward", "marking": null, "speed_limit": null, "tags": {}}]}}, {"type": "Feature", "geometry": {"type": "LineString", "coordinates": [[-66.55889987255411, -83.14294908459377, 28.572094165108286], [-57.92108418767128, -96.32396875539494, 28.21443170500705], [-56.979289818150335, -97.60110116407085, 28.205846579252242], [-55.96751343750641, -98.82353822965864, 28.198751179928344], [-45.39503632226576, -110.24894187146117, 27.60804321169961], [-20.055135438314732, -136.48121309761584, 27.165987670019778]]}, "properties": {"id": "r7", "name": "Passeig de Gr\u00e0cia (lateral Llobregat)", "highway": "living_street", "osm_way_ids": [294085180], "junction_id": null, "predecessor": {"element": "junction", "id": "j4", "contact": null}, "successor": {"element": "junction", "id": "j6", "contact": null}, "center_marking": {"kind": "solid", "color": "white", "width": 0.12}, "tags": {"cycleway": "shared_lane", "lanes": "1", "lit": "yes", "maxspeed": "10", "oneway": "yes", "surface": "asphalt", "width": "3", "oneway_road": true, "reversed": false, "canyon_fraction": [0.0, 0.77], "cross_section_source": "tags"}, "lanes": [{"id": 1, "type": "sidewalk", "width": 2.0, "direction": "forward", "marking": null, "speed_limit": null, "tags": {}}, {"id": -1, "type": "driving", "width": 3.3, "direction": "forward", "marking": {"kind": "solid", "color": "white", "width": 0.12}, "speed_limit": 2.7777777777777777, "tags": {}}, {"id": -2, "type": "sidewalk", "width": 2.0, "direction": "forward", "marking": null, "speed_limit": null, "tags": {}}]}}, {"type": "Feature", "geometry": {"type": "LineString", "coordinates": [[-121.32473191303922, 137.9329736745265, 32.25149960510629], [-203.6764624640589, 219.50101312742675, 34.723133230329566], [-204.67582323229374, 220.54111189790575, 34.700650127003684], [-205.96713544023888, 222.08791351841575, 34.67942917622998]]}, "properties": {"id": "r8", "name": "Passatge dels Camps Elisis", "highway": "residential", "osm_way_ids": [300664625, 885702910], "junction_id": null, "predecessor": {"element": "junction", "id": "j3", "contact": null}, "successor": null, "center_marking": {"kind": "solid", "color": "white", "width": 0.12}, "tags": {"sidewalk:right": "yes", "surface": "asphalt", "oneway_road": false, "reversed": false, "canyon_fraction": [0.88, 0.85], "cross_section_source": "buildings", "street_width_m": 4.96, "face_left_m": 2.48, "face_right_m": 2.48, "carriageway_m": 6.6, "width_source": "buildings", "trim_source": "chamfer"}, "lanes": [{"id": 2, "type": "sidewalk", "width": 1.5, "direction": "backward", "marking": null, "speed_limit": null, "tags": {"width_source": "fraction"}}, {"id": 1, "type": "driving", "width": 3.3, "direction": "backward", "marking": {"kind": "solid", "color": "white", "width": 0.12}, "speed_limit": null, "tags": {}}, {"id": -1, "type": "driving", "width": 3.3, "direction": "forward", "marking": {"kind": "solid", "color": "white", "width": 0.12}, "speed_limit": null, "tags": {}}, {"id": -2, "type": "sidewalk", "width": 1.5, "direction": "forward", "marking": null, "speed_limit": null, "tags": {"width_source": "fraction"}}]}}, {"type": "Feature", "geometry": {"type": "LineString", "coordinates": [[116.45532232886055, 159.27451005098055, 29.286780636624133], [51.89473922580998, 94.92713417188436, 29.134495791364557]]}, "properties": {"id": "r9", "name": "Carrer d'Arag\u00f3", "highway": "primary", "osm_way_ids": [308355199], "junction_id": null, "predecessor": {"element": "junction", "id": "j10", "contact": null}, "successor": {"element": "junction", "id": "j7", "contact": null}, "center_marking": {"kind": "solid", "color": "white", "width": 0.12}, "tags": {"access": "yes", "cycleway": "no", "lanes": "5", "lit": "yes", "maxspeed": "50", "oneway": "yes", "sidewalk:both": "separate", "surface": "asphalt", "turn:lanes": "through;left|through|through|through|through", "width": "15", "oneway_road": true, "reversed": false, "canyon_fraction": [0.69, 0.83], "cross_section_source": "buildings", "street_width_m": 29.5, "face_left_m": 5.3, "face_right_m": 24.2, "carriageway_m": 18.9, "width_source": "buildings", "trim_source": "chamfer"}, "lanes": [{"id": 1, "type": "sidewalk", "width": 5.3, "direction": "forward", "marking": null, "speed_limit": null, "tags": {"width_source": "footway"}}, {"id": -1, "type": "driving", "width": 3.780166556942775, "direction": "forward", "marking": {"kind": "broken", "color": "white", "width": 0.12}, "speed_limit": 13.88888888888889, "tags": {"turn": ["through", "left"]}}, {"id": -2, "type": "driving", "width": 3.780166556942775, "direction": "forward", "marking": {"kind": "broken", "color": "white", "width": 0.12}, "speed_limit": 13.88888888888889, "tags": {"turn": ["through"]}}, {"id": -3, "type": "driving", "width": 3.780166556942775, "direction": "forward", "marking": {"kind": "broken", "color": "white", "width": 0.12}, "speed_limit": 13.88888888888889, "tags": {"turn": ["through"]}}, {"id": -4, "type": "driving", "width": 3.780166556942775, "direction": "forward", "marking": {"kind": "broken", "color": "white", "width": 0.12}, "speed_limit": 13.88888888888889, "tags": {"turn": ["through"]}}, {"id": -5, "type": "driving", "width": 3.780166556942775, "direction": "forward", "marking": {"kind": "solid", "color": "white", "width": 0.12}, "speed_limit": 13.88888888888889, "tags": {"turn": ["through"]}}, {"id": -6, "type": "sidewalk", "width": 5.3, "direction": "forward", "marking": null, "speed_limit": null, "tags": {"width_source": "footway"}}]}}, {"type": "Feature", "geometry": {"type": "LineString", "coordinates": [[142.3518468863603, -16.22671760880036, 26.366934571810955], [171.2422078643758, -45.80453548054648, 25.546052405498077]]}, "properties": {"id": "r10", "name": "Carrer de Pau Claris", "highway": "secondary", "osm_way_ids": [449991630], "junction_id": null, "predecessor": {"element": "junction", "id": "j11", "contact": null}, "successor": {"element": "junction", "id": "j12", "contact": null}, "center_marking": {"kind": "solid", "color": "white", "width": 0.12}, "tags": {"lanes": "3", "lit": "yes", "maxspeed": "50", "oneway": "yes", "surface": "asphalt", "width": "6", "oneway_road": true, "reversed": false, "canyon_fraction": [0.86, 0.86], "cross_section_source": "buildings", "street_width_m": 19.25, "face_left_m": 4.24, "face_right_m": 15.02, "carriageway_m": 10.78, "width_source": "buildings", "trim_source": "chamfer"}, "lanes": [{"id": 1, "type": "sidewalk", "width": 4.24, "direction": "forward", "marking": null, "speed_limit": null, "tags": {"width_source": "fraction"}}, {"id": -1, "type": "driving", "width": 3.593511029432013, "direction": "forward", "marking": {"kind": "broken", "color": "white", "width": 0.12}, "speed_limit": 13.88888888888889, "tags": {}}, {"id": -2, "type": "driving", "width": 3.593511029432013, "direction": "forward", "marking": {"kind": "broken", "color": "white", "width": 0.12}, "speed_limit": 13.88888888888889, "tags": {}}, {"id": -3, "type": "driving", "width": 3.593511029432013, "direction": "forward", "marking": {"kind": "solid", "color": "white", "width": 0.12}, "speed_limit": 13.88888888888889, "tags": {}}, {"id": -4, "type": "sidewalk", "width": 4.24, "direction": "forward", "marking": null, "speed_limit": null, "tags": {"width_source": "fraction"}}]}}, {"type": "Feature", "geometry": {"type": "LineString", "coordinates": [[182.5960221577598, -56.88773321091764, 25.073754401754364], [206.71753375336877, -81.22057742982622, 24.456383208380643]]}, "properties": {"id": "r11", "name": "Carrer de Pau Claris", "highway": "secondary", "osm_way_ids": [449991630, 1408604732], "junction_id": null, "predecessor": {"element": "junction", "id": "j12", "contact": null}, "successor": {"element": "junction", "id": "j15", "contact": null}, "center_marking": {"kind": "solid", "color": "white", "width": 0.12}, "tags": {"lanes": "3", "lit": "yes", "maxspeed": "50", "oneway": "yes", "surface": "asphalt", "width": "6", "oneway_road": true, "reversed": false, "canyon_fraction": [0.67, 0.78], "cross_section_source": "buildings", "street_width_m": 19.32, "face_left_m": 4.25, "face_right_m": 15.07, "carriageway_m": 10.82, "width_source": "buildings", "trim_source": "chamfer"}, "lanes": [{"id": 1, "type": "sidewalk", "width": 4.25, "direction": "forward", "marking": null, "speed_limit": null, "tags": {"width_source": "fraction"}}, {"id": -1, "type": "driving", "width": 3.6068907716169085, "direction": "forward", "marking": {"kind": "broken", "color": "white", "width": 0.12}, "speed_limit": 13.88888888888889, "tags": {"turn": ["through"]}}, {"id": -2, "type": "driving", "width": 3.6068907716169085, "direction": "forward", "marking": {"kind": "broken", "color": "white", "width": 0.12}, "speed_limit": 13.88888888888889, "tags": {"turn": ["through"]}}, {"id": -3, "type": "driving", "width": 3.6068907716169085, "direction": "forward", "marking": {"kind": "solid", "color": "white", "width": 0.12}, "speed_limit": 13.88888888888889, "tags": {"turn": ["through", "right"]}}, {"id": -4, "type": "sidewalk", "width": 4.25, "direction": "forward", "marking": null, "speed_limit": null, "tags": {"width_source": "fraction"}}]}}, {"type": "Feature", "geometry": {"type": "LineString", "coordinates": [[251.64656102446617, -70.09452227879576, 24.061669992180235], [239.11212724660336, -82.61164968796659, 24.243331080978894], [223.20835253739259, -98.66274887318615, 24.166149383726477]]}, "properties": {"id": "r12", "name": "Carrer de la Diputaci\u00f3", "highway": "residential", "osm_way_ids": [478725551], "junction_id": null, "predecessor": null, "successor": {"element": "junction", "id": "j15", "contact": null}, "center_marking": {"kind": "solid", "color": "white", "width": 0.12}, "tags": {"lanes": "2", "lit": "yes", "maxspeed": "30", "oneway": "yes", "surface": "asphalt", "width": "6", "oneway_road": true, "reversed": false, "canyon_fraction": [0.54, 0.77], "cross_section_source": "tags"}, "lanes": [{"id": 2, "type": "sidewalk", "width": 2.0, "direction": "forward", "marking": null, "speed_limit": null, "tags": {}}, {"id": 1, "type": "parking", "width": 4.5, "direction": "forward", "marking": null, "speed_limit": null, "tags": {}}, {"id": -1, "type": "driving", "width": 3.3, "direction": "forward", "marking": {"kind": "broken", "color": "white", "width": 0.12}, "speed_limit": 8.333333333333334, "tags": {}}, {"id": -2, "type": "driving", "width": 3.3, "direction": "forward", "marking": {"kind": "solid", "color": "white", "width": 0.12}, "speed_limit": 8.333333333333334, "tags": {}}, {"id": -3, "type": "sidewalk", "width": 2.0, "direction": "forward", "marking": null, "speed_limit": null, "tags": {}}]}}, {"type": "Feature", "geometry": {"type": "LineString", "coordinates": [[204.07296260604812, -117.79386436644384, 24.21553797078273], [121.69699229058305, -200.99029131106687, 24.672376878144025]]}, "properties": {"id": "r13", "name": "Carrer de la Diputaci\u00f3", "highway": "residential", "osm_way_ids": [478725551], "junction_id": null, "predecessor": {"element": "junction", "id": "j15", "contact": null}, "successor": {"element": "junction", "id": "j8", "contact": null}, "center_marking": {"kind": "solid", "color": "white", "width": 0.12}, "tags": {"lanes": "2", "lit": "yes", "maxspeed": "30", "oneway": "yes", "surface": "asphalt", "width": "6", "oneway_road": true, "reversed": false, "canyon_fraction": [0.86, 0.84], "cross_section_source": "buildings", "street_width_m": 19.79, "face_left_m": 8.64, "face_right_m": 11.14, "carriageway_m": 11.5, "width_source": "buildings", "trim_source": "chamfer"}, "lanes": [{"id": 2, "type": "sidewalk", "width": 4.14, "direction": "forward", "marking": null, "speed_limit": null, "tags": {"width_source": "fraction"}}, {"id": 1, "type": "parking", "width": 4.5, "direction": "forward", "marking": null, "speed_limit": null, "tags": {}}, {"id": -1, "type": "driving", "width": 3.5, "direction": "forward", "marking": {"kind": "broken", "color": "white", "width": 0.12}, "speed_limit": 8.333333333333334, "tags": {}}, {"id": -2, "type": "driving", "width": 3.5, "direction": "forward", "marking": {"kind": "solid", "color": "white", "width": 0.12}, "speed_limit": 8.333333333333334, "tags": {}}, {"id": -3, "type": "sidewalk", "width": 4.14, "direction": "forward", "marking": null, "speed_limit": null, "tags": {"width_source": "fraction"}}]}}, {"type": "Feature", "geometry": {"type": "LineString", "coordinates": [[-210.01534545745412, 218.36891421052744, 34.683546811864645], [-235.1458483701164, 193.5195509808049, 34.61007253514708], [-247.21472732282368, 181.7994890773561, 34.62682129957337]]}, "properties": {"id": "r14", "name": "Carrer de Mallorca", "highway": "secondary", "osm_way_ids": [524963567, 1409641099], "junction_id": null, "predecessor": null, "successor": null, "center_marking": {"kind": "solid", "color": "white", "width": 0.12}, "tags": {"lanes": "3", "lit": "yes", "maxspeed": "50", "oneway": "yes", "surface": "asphalt", "oneway_road": true, "reversed": false, "canyon_fraction": [1.0, 1.0], "cross_section_source": "buildings", "street_width_m": 19.58, "face_left_m": 4.31, "face_right_m": 15.28, "carriageway_m": 10.97, "width_source": "buildings"}, "lanes": [{"id": 1, "type": "sidewalk", "width": 4.31, "direction": "forward", "marking": null, "speed_limit": null, "tags": {"width_source": "fraction"}}, {"id": -1, "type": "driving", "width": 3.6555713896537747, "direction": "forward", "marking": {"kind": "broken", "color": "white", "width": 0.12}, "speed_limit": 13.88888888888889, "tags": {"turn": ["left", "through"]}}, {"id": -2, "type": "driving", "width": 3.6555713896537747, "direction": "forward", "marking": {"kind": "broken", "color": "white", "width": 0.12}, "speed_limit": 13.88888888888889, "tags": {"turn": ["through"]}}, {"id": -3, "type": "driving", "width": 3.6555713896537747, "direction": "forward", "marking": {"kind": "solid", "color": "white", "width": 0.12}, "speed_limit": 13.88888888888889, "tags": {"turn": ["right", "through"]}}, {"id": -4, "type": "sidewalk", "width": 4.31, "direction": "forward", "marking": null, "speed_limit": null, "tags": {"width_source": "fraction"}}]}}, {"type": "Feature", "geometry": {"type": "LineString", "coordinates": [[-178.60188239761914, 52.23295291605976, 31.87210555476188], [-105.01568560619252, -28.060180391301948, 29.964071130753844]]}, "properties": {"id": "r15", "name": "Passeig de Gr\u00e0cia", "highway": "tertiary", "osm_way_ids": [525638420], "junction_id": null, "predecessor": {"element": "junction", "id": "j2", "contact": null}, "successor": {"element": "junction", "id": "j4", "contact": null}, "center_marking": {"kind": "solid", "color": "white", "width": 0.12}, "tags": {"cycleway:both": "no", "lanes": "6", "lanes:backward": "4", "lit": "yes", "maxspeed": "50", "sidewalk:both": "separate", "surface": "asphalt", "oneway_road": false, "reversed": false, "canyon_fraction": [0.0, 0.0], "cross_section_source": "tags"}, "lanes": [{"id": 5, "type": "sidewalk", "width": 2.0, "direction": "backward", "marking": null, "speed_limit": null, "tags": {}}, {"id": 4, "type": "driving", "width": 3.5, "direction": "backward", "marking": {"kind": "solid", "color": "white", "width": 0.12}, "speed_limit": 13.88888888888889, "tags": {}}, {"id": 3, "type": "driving", "width": 3.5, "direction": "backward", "marking": {"kind": "broken", "color": "white", "width": 0.12}, "speed_limit": 13.88888888888889, "tags": {}}, {"id": 2, "type": "driving", "width": 3.5, "direction": "backward", "marking": {"kind": "broken", "color": "white", "width": 0.12}, "speed_limit": 13.88888888888889, "tags": {}}, {"id": 1, "type": "driving", "width": 3.5, "direction": "backward", "marking": {"kind": "broken", "color": "white", "width": 0.12}, "speed_limit": 13.88888888888889, "tags": {}}, {"id": -1, "type": "driving", "width": 3.5, "direction": "forward", "marking": {"kind": "broken", "color": "white", "width": 0.12}, "speed_limit": 13.88888888888889, "tags": {}}, {"id": -2, "type": "driving", "width": 3.5, "direction": "forward", "marking": {"kind": "solid", "color": "white", "width": 0.12}, "speed_limit": 13.88888888888889, "tags": {}}, {"id": -3, "type": "sidewalk", "width": 2.0, "direction": "forward", "marking": null, "speed_limit": null, "tags": {}}]}}, {"type": "Feature", "geometry": {"type": "LineString", "coordinates": [[-44.413193346518234, 171.09948083422492, 31.59483318911721], [13.120631548925834, 113.0774385713463, 29.80854818785309], [14.756376648271623, 111.43810965400192, 29.758949556865176], [16.586798925898027, 109.73575828089376, 29.703833078434037]]}, "properties": {"id": "r16", "name": "Carrer de Pau Claris", "highway": "secondary", "osm_way_ids": [579981380, 1408604731], "junction_id": null, "predecessor": {"element": "junction", "id": "j5", "contact": null}, "successor": {"element": "junction", "id": "j7", "contact": null}, "center_marking": {"kind": "solid", "color": "white", "width": 0.12}, "tags": {"lanes": "3", "lit": "yes", "maxspeed": "50", "oneway": "yes", "sidewalk:both": "separate", "surface": "asphalt", "width": "6", "oneway_road": true, "reversed": false, "canyon_fraction": [0.79, 0.79], "cross_section_source": "buildings", "street_width_m": 19.41, "face_left_m": 4.45, "face_right_m": 14.95, "carriageway_m": 10.5, "width_source": "buildings", "trim_source": "chamfer"}, "lanes": [{"id": 1, "type": "sidewalk", "width": 4.45, "direction": "forward", "marking": null, "speed_limit": null, "tags": {"width_source": "footway"}}, {"id": -1, "type": "driving", "width": 3.5, "direction": "forward", "marking": {"kind": "broken", "color": "white", "width": 0.12}, "speed_limit": 13.88888888888889, "tags": {"turn": ["through"]}}, {"id": -2, "type": "driving", "width": 3.5, "direction": "forward", "marking": {"kind": "broken", "color": "white", "width": 0.12}, "speed_limit": 13.88888888888889, "tags": {"turn": ["through"]}}, {"id": -3, "type": "driving", "width": 3.5, "direction": "forward", "marking": {"kind": "solid", "color": "white", "width": 0.12}, "speed_limit": 13.88888888888889, "tags": {"turn": ["through", "right"]}}, {"id": -4, "type": "sidewalk", "width": 4.45, "direction": "forward", "marking": null, "speed_limit": null, "tags": {"width_source": "footway"}}]}}, {"type": "Feature", "geometry": {"type": "LineString", "coordinates": [[22.066650067266945, 66.02575998804478, 29.112883227728346], [-54.87569075222572, -11.323209072182388, 29.480517502524965]]}, "properties": {"id": "r17", "name": "Carrer d'Arag\u00f3", "highway": "primary", "osm_way_ids": [579981381, 1408524848], "junction_id": null, "predecessor": {"element": "junction", "id": "j7", "contact": null}, "successor": {"element": "junction", "id": "j4", "contact": null}, "center_marking": {"kind": "solid", "color": "white", "width": 0.12}, "tags": {"access": "yes", "cycleway": "no", "lanes": "5", "lit": "yes", "maxspeed": "50", "oneway": "yes", "sidewalk:both": "separate", "surface": "asphalt", "width": "15", "oneway_road": true, "reversed": false, "canyon_fraction": [0.83, 0.83], "cross_section_source": "buildings", "street_width_m": 29.38, "face_left_m": 5.69, "face_right_m": 23.69, "carriageway_m": 18.0, "width_source": "buildings", "trim_source": "chamfer"}, "lanes": [{"id": 1, "type": "sidewalk", "width": 5.69, "direction": "forward", "marking": null, "speed_limit": null, "tags": {"width_source": "footway"}}, {"id": -1, "type": "driving", "width": 3.6, "direction": "forward", "marking": {"kind": "broken", "color": "white", "width": 0.12}, "speed_limit": 13.88888888888889, "tags": {"turn": ["left", "through"]}}, {"id": -2, "type": "driving", "width": 3.6, "direction": "forward", "marking": {"kind": "broken", "color": "white", "width": 0.12}, "speed_limit": 13.88888888888889, "tags": {"turn": ["through"]}}, {"id": -3, "type": "driving", "width": 3.6, "direction": "forward", "marking": {"kind": "broken", "color": "white", "width": 0.12}, "speed_limit": 13.88888888888889, "tags": {"turn": ["through"]}}, {"id": -4, "type": "driving", "width": 3.6, "direction": "forward", "marking": {"kind": "broken", "color": "white", "width": 0.12}, "speed_limit": 13.88888888888889, "tags": {"turn": ["through"]}}, {"id": -5, "type": "driving", "width": 3.6, "direction": "forward", "marking": {"kind": "solid", "color": "white", "width": 0.12}, "speed_limit": 13.88888888888889, "tags": {"turn": ["through", "right"]}}, {"id": -6, "type": "sidewalk", "width": 5.69, "direction": "forward", "marking": null, "speed_limit": null, "tags": {"width_source": "footway"}}]}}, {"type": "Feature", "geometry": {"type": "LineString", "coordinates": [[-135.60332890335502, -223.56035337260977, 27.229082156346628], [-202.0236718249971, -159.41971338574962, 29.06769650500334]]}, "properties": {"id": "r18", "name": "Rambla de Catalunya", "highway": "residential", "osm_way_ids": [673080415], "junction_id": null, "predecessor": null, "successor": {"element": "junction", "id": "j1", "contact": null}, "center_marking": {"kind": "solid", "color": "white", "width": 0.12}, "tags": {"cycleway:left": "no", "cycleway:right": "shared_lane", "lanes": "1", "lit": "yes", "maxspeed": "30", "oneway": "yes", "sidewalk:left": "yes", "sidewalk:right": "separate", "surface": "asphalt", "width": "4", "oneway_road": true, "reversed": false, "canyon_fraction": [0.04, 0.81], "cross_section_source": "tags"}, "lanes": [{"id": 1, "type": "sidewalk", "width": 2.0, "direction": "forward", "marking": null, "speed_limit": null, "tags": {}}, {"id": -1, "type": "driving", "width": 4.0, "direction": "forward", "marking": {"kind": "solid", "color": "white", "width": 0.12}, "speed_limit": 8.333333333333334, "tags": {}}, {"id": -2, "type": "sidewalk", "width": 4.52, "direction": "forward", "marking": null, "speed_limit": null, "tags": {"width_source": "footway"}}]}}, {"type": "Feature", "geometry": {"type": "LineString", "coordinates": [[-218.29067337253724, -143.71874503212103, 29.629330955575774], [-252.29537530341278, -110.88536097610417, 30.63959474426672]]}, "properties": {"id": "r19", "name": "Rambla de Catalunya", "highway": "residential", "osm_way_ids": [673080415], "junction_id": null, "predecessor": {"element": "junction", "id": "j1", "contact": null}, "successor": null, "center_marking": {"kind": "solid", "color": "white", "width": 0.12}, "tags": {"cycleway:left": "no", "cycleway:right": "shared_lane", "lanes": "1", "lit": "yes", "maxspeed": "30", "oneway": "yes", "sidewalk:left": "yes", "sidewalk:right": "separate", "surface": "asphalt", "width": "4", "oneway_road": true, "reversed": false, "canyon_fraction": [0.0, 0.75], "cross_section_source": "tags"}, "lanes": [{"id": 1, "type": "sidewalk", "width": 2.0, "direction": "forward", "marking": null, "speed_limit": null, "tags": {}}, {"id": -1, "type": "driving", "width": 4.0, "direction": "forward", "marking": {"kind": "solid", "color": "white", "width": 0.12}, "speed_limit": 8.333333333333334, "tags": {}}, {"id": -2, "type": "sidewalk", "width": 4.66, "direction": "forward", "marking": null, "speed_limit": null, "tags": {"width_source": "footway"}}]}}, {"type": "Feature", "geometry": {"type": "LineString", "coordinates": [[54.09455657895085, 74.84880144767979, 28.866543119871757], [55.911460933353645, 73.03794718347702, 28.781853196104947], [87.2052872635944, 40.783188080647776, 27.764729510312957], [108.54544016155256, 19.80848386620979, 27.18994688804714], [112.41726228222963, 16.18187160563638, 27.05383067486766]]}, "properties": {"id": "r20", "name": "Carrer de Pau Claris", "highway": "secondary", "osm_way_ids": [803424578], "junction_id": null, "predecessor": {"element": "junction", "id": "j7", "contact": null}, "successor": {"element": "junction", "id": "j9", "contact": null}, "center_marking": {"kind": "solid", "color": "white", "width": 0.12}, "tags": {"lanes": "3", "lit": "yes", "maxspeed": "50", "oneway": "yes", "sidewalk:both": "separate", "surface": "asphalt", "width": "6", "oneway_road": true, "reversed": false, "canyon_fraction": [0.87, 0.8], "cross_section_source": "buildings", "street_width_m": 21.6, "face_left_m": 5.25, "face_right_m": 16.35, "carriageway_m": 11.1, "width_source": "buildings", "trim_source": "chamfer"}, "lanes": [{"id": 1, "type": "sidewalk", "width": 5.25, "direction": "forward", "marking": null, "speed_limit": null, "tags": {"width_source": "footway"}}, {"id": -1, "type": "driving", "width": 3.6998958095043903, "direction": "forward", "marking": {"kind": "broken", "color": "white", "width": 0.12}, "speed_limit": 13.88888888888889, "tags": {}}, {"id": -2, "type": "driving", "width": 3.6998958095043903, "direction": "forward", "marking": {"kind": "broken", "color": "white", "width": 0.12}, "speed_limit": 13.88888888888889, "tags": {}}, {"id": -3, "type": "driving", "width": 3.6998958095043903, "direction": "forward", "marking": {"kind": "solid", "color": "white", "width": 0.12}, "speed_limit": 13.88888888888889, "tags": {}}, {"id": -4, "type": "sidewalk", "width": 5.25, "direction": "forward", "marking": null, "speed_limit": null, "tags": {"width_source": "footway"}}]}}, {"type": "Feature", "geometry": {"type": "LineString", "coordinates": [[239.6703946478249, -113.25122310662542, 23.897030736342025], [255.93348549293114, -129.65712528171022, 23.231407708600415]]}, "properties": {"id": "r21", "name": "Carrer de Pau Claris", "highway": "secondary", "osm_way_ids": [803424580], "junction_id": null, "predecessor": {"element": "junction", "id": "j15", "contact": null}, "successor": null, "center_marking": {"kind": "solid", "color": "white", "width": 0.12}, "tags": {"lanes": "3", "lit": "yes", "maxspeed": "50", "oneway": "yes", "surface": "asphalt", "width": "6", "oneway_road": true, "reversed": false, "canyon_fraction": [0.69, 0.77], "cross_section_source": "buildings", "street_width_m": 20.35, "face_left_m": 4.48, "face_right_m": 15.87, "carriageway_m": 11.4, "width_source": "buildings", "trim_source": "chamfer"}, "lanes": [{"id": 1, "type": "sidewalk", "width": 4.48, "direction": "forward", "marking": null, "speed_limit": null, "tags": {"width_source": "fraction"}}, {"id": -1, "type": "driving", "width": 3.798652619836824, "direction": "forward", "marking": {"kind": "broken", "color": "white", "width": 0.12}, "speed_limit": 13.88888888888889, "tags": {}}, {"id": -2, "type": "driving", "width": 3.798652619836824, "direction": "forward", "marking": {"kind": "broken", "color": "white", "width": 0.12}, "speed_limit": 13.88888888888889, "tags": {}}, {"id": -3, "type": "driving", "width": 3.798652619836824, "direction": "forward", "marking": {"kind": "solid", "color": "white", "width": 0.12}, "speed_limit": 13.88888888888889, "tags": {}}, {"id": -4, "type": "sidewalk", "width": 4.48, "direction": "forward", "marking": null, "speed_limit": null, "tags": {"width_source": "fraction"}}]}}, {"type": "Feature", "geometry": {"type": "LineString", "coordinates": [[200.3861868002074, 100.52236122861346, 27.205795204158843], [141.85112432536255, 159.2105610270091, 29.026442179096442]]}, "properties": {"id": "r22", "name": "Carrer de Roger de Ll\u00faria", "highway": "secondary", "osm_way_ids": [803424597, 1409644589], "junction_id": null, "predecessor": {"element": "junction", "id": "j14", "contact": null}, "successor": {"element": "junction", "id": "j10", "contact": null}, "center_marking": {"kind": "solid", "color": "white", "width": 0.12}, "tags": {"lanes": "3", "maxspeed": "50", "oneway": "yes", "placement": "left_of:1", "sidewalk:both": "separate", "surface": "asphalt", "width": "7", "oneway_road": true, "reversed": false, "canyon_fraction": [0.87, 0.84], "cross_section_source": "buildings", "street_width_m": 19.87, "face_left_m": 4.69, "face_right_m": 15.19, "carriageway_m": 10.5, "width_source": "buildings", "trim_source": "chamfer"}, "lanes": [{"id": 1, "type": "sidewalk", "width": 4.69, "direction": "forward", "marking": null, "speed_limit": null, "tags": {"width_source": "footway"}}, {"id": -1, "type": "driving", "width": 3.5, "direction": "forward", "marking": {"kind": "broken", "color": "white", "width": 0.12}, "speed_limit": 13.88888888888889, "tags": {"turn": ["through", "left"]}}, {"id": -2, "type": "driving", "width": 3.5, "direction": "forward", "marking": {"kind": "broken", "color": "white", "width": 0.12}, "speed_limit": 13.88888888888889, "tags": {"turn": ["through"]}}, {"id": -3, "type": "driving", "width": 3.5, "direction": "forward", "marking": {"kind": "solid", "color": "white", "width": 0.12}, "speed_limit": 13.88888888888889, "tags": {"turn": ["through"]}}, {"id": -4, "type": "sidewalk", "width": 4.69, "direction": "forward", "marking": null, "speed_limit": null, "tags": {"width_source": "footway"}}]}}, {"type": "Feature", "geometry": {"type": "LineString", "coordinates": [[105.12675171263808, 196.67292762958397, 29.786349046839813], [83.76077780614378, 218.11145458293072, 30.260242969019217]]}, "properties": {"id": "r23", "name": "Carrer de Roger de Ll\u00faria", "highway": "secondary", "osm_way_ids": [803424598], "junction_id": null, "predecessor": {"element": "junction", "id": "j10", "contact": null}, "successor": null, "center_marking": {"kind": "solid", "color": "white", "width": 0.12}, "tags": {"lanes": "3", "lit": "yes", "maxspeed": "50", "oneway": "yes", "placement": "left_of:1", "sidewalk:both": "separate", "surface": "asphalt", "width": "7", "oneway_road": true, "reversed": false, "canyon_fraction": [0.73, 0.73], "cross_section_source": "buildings", "street_width_m": 20.49, "face_left_m": 5.0, "face_right_m": 15.5, "carriageway_m": 10.5, "width_source": "buildings", "trim_source": "chamfer"}, "lanes": [{"id": 1, "type": "sidewalk", "width": 5.0, "direction": "forward", "marking": null, "speed_limit": null, "tags": {"width_source": "footway"}}, {"id": -1, "type": "driving", "width": 3.5, "direction": "forward", "marking": {"kind": "broken", "color": "white", "width": 0.12}, "speed_limit": 13.88888888888889, "tags": {}}, {"id": -2, "type": "driving", "width": 3.5, "direction": "forward", "marking": {"kind": "broken", "color": "white", "width": 0.12}, "speed_limit": 13.88888888888889, "tags": {}}, {"id": -3, "type": "driving", "width": 3.5, "direction": "forward", "marking": {"kind": "solid", "color": "white", "width": 0.12}, "speed_limit": 13.88888888888889, "tags": {}}, {"id": -4, "type": "sidewalk", "width": 5.0, "direction": "forward", "marking": null, "speed_limit": null, "tags": {"width_source": "footway"}}]}}, {"type": "Feature", "geometry": {"type": "LineString", "coordinates": [[-249.69398341374566, 108.80120059310367, 33.6283781924334], [-203.65041329094703, 59.601049999773295, 32.28582282643352]]}, "properties": {"id": "r24", "name": "Passeig de Gr\u00e0cia (lateral Llobregat)", "highway": "living_street", "osm_way_ids": [908375873, 1025549392], "junction_id": null, "predecessor": null, "successor": {"element": "junction", "id": "j2", "contact": null}, "center_marking": {"kind": "solid", "color": "white", "width": 0.12}, "tags": {"cycleway": "shared_lane", "lanes": "1", "lit": "yes", "maxspeed": "10", "oneway": "yes", "surface": "asphalt", "width": "3", "oneway_road": true, "reversed": false, "canyon_fraction": [0.0, 0.77], "cross_section_source": "tags"}, "lanes": [{"id": 1, "type": "sidewalk", "width": 2.0, "direction": "forward", "marking": null, "speed_limit": null, "tags": {}}, {"id": -1, "type": "driving", "width": 3.3, "direction": "forward", "marking": {"kind": "solid", "color": "white", "width": 0.12}, "speed_limit": 2.7777777777777777, "tags": {}}, {"id": -2, "type": "sidewalk", "width": 2.0, "direction": "forward", "marking": null, "speed_limit": null, "tags": {}}]}}, {"type": "Feature", "geometry": {"type": "LineString", "coordinates": [[-157.91502838621074, 98.23578667301882, 32.22320680376732], [-123.38991090189305, 132.47725822345254, 32.209660931399654]]}, "properties": {"id": "r25", "name": "Carrer de Val\u00e8ncia", "highway": "tertiary", "osm_way_ids": [908375876], "junction_id": null, "predecessor": {"element": "junction", "id": "j2", "contact": null}, "successor": {"element": "junction", "id": "j3", "contact": null}, "center_marking": {"kind": "solid", "color": "white", "width": 0.12}, "tags": {"lanes": "4", "maxspeed": "50", "oneway": "yes", "placement": "left_of:2", "sidewalk:both": "separate", "surface": "asphalt", "width": "5", "oneway_road": true, "reversed": false, "canyon_fraction": [0.77, 0.82], "cross_section_source": "buildings", "street_width_m": 19.01, "face_left_m": 2.5, "face_right_m": 16.5, "carriageway_m": 14.0, "width_source": "buildings", "trim_source": "chamfer"}, "lanes": [{"id": 1, "type": "sidewalk", "width": 2.5, "direction": "forward", "marking": null, "speed_limit": null, "tags": {"width_source": "footway"}}, {"id": -1, "type": "driving", "width": 3.5, "direction": "forward", "marking": {"kind": "broken", "color": "white", "width": 0.12}, "speed_limit": 13.88888888888889, "tags": {}}, {"id": -2, "type": "driving", "width": 3.5, "direction": "forward", "marking": {"kind": "broken", "color": "white", "width": 0.12}, "speed_limit": 13.88888888888889, "tags": {}}, {"id": -3, "type": "driving", "width": 3.5, "direction": "forward", "marking": {"kind": "broken", "color": "white", "width": 0.12}, "speed_limit": 13.88888888888889, "tags": {}}, {"id": -4, "type": "driving", "width": 3.5, "direction": "forward", "marking": {"kind": "solid", "color": "white", "width": 0.12}, "speed_limit": 13.88888888888889, "tags": {}}, {"id": -5, "type": "sidewalk", "width": 2.5, "direction": "forward", "marking": null, "speed_limit": null, "tags": {"width_source": "footway"}}]}}, {"type": "Feature", "geometry": {"type": "LineString", "coordinates": [[-116.10792442028753, 140.21304741385956, 32.14421178598097], [-84.72436016401356, 171.3399665258687, 32.06996935292597]]}, "properties": {"id": "r26", "name": "Carrer de Val\u00e8ncia", "highway": "tertiary", "osm_way_ids": [908375876], "junction_id": null, "predecessor": {"element": "junction", "id": "j3", "contact": null}, "successor": {"element": "junction", "id": "j5", "contact": null}, "center_marking": {"kind": "solid", "color": "white", "width": 0.12}, "tags": {"lanes": "4", "maxspeed": "50", "oneway": "yes", "placement": "left_of:2", "sidewalk:both": "separate", "surface": "asphalt", "width": "5", "oneway_road": true, "reversed": false, "canyon_fraction": [0.8, 0.85], "cross_section_source": "buildings", "street_width_m": 19.39, "face_left_m": 2.69, "face_right_m": 16.69, "carriageway_m": 14.0, "width_source": "buildings", "trim_source": "chamfer"}, "lanes": [{"id": 1, "type": "sidewalk", "width": 2.69, "direction": "forward", "marking": null, "speed_limit": null, "tags": {"width_source": "footway"}}, {"id": -1, "type": "driving", "width": 3.5, "direction": "forward", "marking": {"kind": "broken", "color": "white", "width": 0.12}, "speed_limit": 13.88888888888889, "tags": {}}, {"id": -2, "type": "driving", "width": 3.5, "direction": "forward", "marking": {"kind": "broken", "color": "white", "width": 0.12}, "speed_limit": 13.88888888888889, "tags": {}}, {"id": -3, "type": "driving", "width": 3.5, "direction": "forward", "marking": {"kind": "broken", "color": "white", "width": 0.12}, "speed_limit": 13.88888888888889, "tags": {}}, {"id": -4, "type": "driving", "width": 3.5, "direction": "forward", "marking": {"kind": "solid", "color": "white", "width": 0.12}, "speed_limit": 13.88888888888889, "tags": {}}, {"id": -5, "type": "sidewalk", "width": 2.69, "direction": "forward", "marking": null, "speed_limit": null, "tags": {"width_source": "footway"}}]}}, {"type": "Feature", "geometry": {"type": "LineString", "coordinates": [[-181.01947990795003, 82.69284314812231, 32.30769949882515], [-252.1762899991796, 158.90332899209287, 34.26189875098132]]}, "properties": {"id": "r27", "name": "Passeig de Gr\u00e0cia (lateral Bes\u00f2s)", "highway": "living_street", "osm_way_ids": [908375877, 1248750829], "junction_id": null, "predecessor": {"element": "junction", "id": "j2", "contact": null}, "successor": null, "center_marking": {"kind": "solid", "color": "white", "width": 0.12}, "tags": {"cycleway": "shared_lane", "lanes": "1", "lit": "yes", "maxspeed": "10", "oneway": "yes", "surface": "asphalt", "oneway_road": true, "reversed": false, "canyon_fraction": [0.0, 0.9], "cross_section_source": "tags"}, "lanes": [{"id": 1, "type": "sidewalk", "width": 2.0, "direction": "forward", "marking": null, "speed_limit": null, "tags": {}}, {"id": -1, "type": "driving", "width": 3.5, "direction": "forward", "marking": {"kind": "solid", "color": "white", "width": 0.12}, "speed_limit": 2.7777777777777777, "tags": {}}, {"id": -2, "type": "sidewalk", "width": 2.0, "direction": "forward", "marking": null, "speed_limit": null, "tags": {}}]}}, {"type": "Feature", "geometry": {"type": "LineString", "coordinates": [[-187.9844915655515, 42.72036441042419, 31.86384815760283], [-150.35788509144155, 2.5191617738914096, 30.627273122293172], [-149.10694960566656, 1.33862290567963, 30.60067496387166], [-147.09895831164525, -0.2806159739121088, 30.548841463774984], [-144.94871722964714, -1.7055464547898729, 30.487851649455393], [-141.76223453430566, -3.4778378092879274, 30.407140342435504], [-140.14126099368582, -4.518280777425426, 30.370033154723913], [-138.58889187023416, -5.65855569773642, 30.33768537319154], [-137.84036381819095, -6.2647358124178405, 30.323807096355807], [-136.40232135900087, -7.546184475027068, 30.298149493684548], [-135.05664927039467, -8.906123997217698, 30.277896019856797], [-120.86227642620493, -24.18651532338318, 30.095045241933875], [-116.68458576069104, -28.84225892136603, 30.01211112607296], [-111.32433982079193, -34.48908566046255, 29.959920174570744]]}, "properties": {"id": "r28", "name": "Passeig de Gr\u00e0cia (lateral Llobregat)", "highway": "living_street", "osm_way_ids": [908375879], "junction_id": null, "predecessor": {"element": "junction", "id": "j2", "contact": null}, "successor": {"element": "junction", "id": "j4", "contact": null}, "center_marking": {"kind": "solid", "color": "white", "width": 0.12}, "tags": {"cycleway": "shared_lane", "lanes": "1", "lit": "yes", "maxspeed": "10", "oneway": "yes", "surface": "asphalt", "width": "3", "oneway_road": true, "reversed": false, "canyon_fraction": [0.0, 0.83], "cross_section_source": "tags"}, "lanes": [{"id": 1, "type": "sidewalk", "width": 2.0, "direction": "forward", "marking": null, "speed_limit": null, "tags": {}}, {"id": -1, "type": "driving", "width": 3.3, "direction": "forward", "marking": {"kind": "solid", "color": "white", "width": 0.12}, "speed_limit": 2.7777777777777777, "tags": {}}, {"id": -2, "type": "sidewalk", "width": 2.0, "direction": "forward", "marking": null, "speed_limit": null, "tags": {}}]}}, {"type": "Feature", "geometry": {"type": "LineString", "coordinates": [[-92.8001930525532, -16.62215028087761, 29.956919869274245], [-98.20393050955585, -11.263803061867595, 30.116995460436915], [-113.56830903308004, 5.048254136643315, 30.301488768695407], [-114.96015057190542, 6.671789934478998, 30.306523512349415], [-116.20716171096284, 8.434057905142552, 30.31173240283319], [-117.28491763288542, 10.304637321826236, 30.324966806771396], [-118.18408088206336, 12.26732186924788, 30.348576691852745], [-119.24929505250797, 14.981237417404747, 30.382790185202957], [-120.08780236991898, 16.614507922754218, 30.39154434780212], [-121.07262969427552, 18.163953696634966, 30.382000193666194], [-122.19546867671949, 19.61650307083898, 30.35859528332019], [-165.27108808295878, 65.8913314951089, 31.88573837518443]]}, "properties": {"id": "r29", "name": "Passeig de Gr\u00e0cia (lateral Bes\u00f2s)", "highway": "living_street", "osm_way_ids": [908375881], "junction_id": null, "predecessor": {"element": "junction", "id": "j4", "contact": null}, "successor": {"element": "junction", "id": "j2", "contact": null}, "center_marking": {"kind": "solid", "color": "white", "width": 0.12}, "tags": {"cycleway": "shared_lane", "lanes": "1", "lit": "yes", "maxspeed": "10", "oneway": "yes", "surface": "asphalt", "oneway_road": true, "reversed": false, "canyon_fraction": [0.0, 0.8], "cross_section_source": "tags"}, "lanes": [{"id": 1, "type": "sidewalk", "width": 2.0, "direction": "forward", "marking": null, "speed_limit": null, "tags": {}}, {"id": -1, "type": "driving", "width": 3.5, "direction": "forward", "marking": {"kind": "solid", "color": "white", "width": 0.12}, "speed_limit": 2.7777777777777777, "tags": {}}, {"id": -2, "type": "sidewalk", "width": 2.0, "direction": "forward", "marking": null, "speed_limit": null, "tags": {}}]}}, {"type": "Feature", "geometry": {"type": "LineString", "coordinates": [[3.2861092987015343, -144.49091874023074, 26.91276565660295], [8.518937065822076, -150.115573311105, 26.78067009251594], [41.3474765643458, -184.90349782726253, 26.030699314880046], [77.79149709197029, -224.50717092822444, 25.105783782076973]]}, "properties": {"id": "r30", "name": "Passeig de Gr\u00e0cia", "highway": "tertiary", "osm_way_ids": [908375883], "junction_id": null, "predecessor": {"element": "junction", "id": "j6", "contact": null}, "successor": null, "center_marking": {"kind": "solid", "color": "white", "width": 0.12}, "tags": {"lanes": "6", "lanes:backward": "4", "lit": "yes", "maxspeed": "50", "sidewalk:both": "separate", "surface": "asphalt", "oneway_road": false, "reversed": false, "canyon_fraction": [0.0, 0.0], "cross_section_source": "tags"}, "lanes": [{"id": 5, "type": "sidewalk", "width": 2.0, "direction": "backward", "marking": null, "speed_limit": null, "tags": {}}, {"id": 4, "type": "driving", "width": 3.5, "direction": "backward", "marking": {"kind": "solid", "color": "white", "width": 0.12}, "speed_limit": 13.88888888888889, "tags": {}}, {"id": 3, "type": "driving", "width": 3.5, "direction": "backward", "marking": {"kind": "broken", "color": "white", "width": 0.12}, "speed_limit": 13.88888888888889, "tags": {}}, {"id": 2, "type": "driving", "width": 3.5, "direction": "backward", "marking": {"kind": "broken", "color": "white", "width": 0.12}, "speed_limit": 13.88888888888889, "tags": {}}, {"id": 1, "type": "driving", "width": 3.5, "direction": "backward", "marking": {"kind": "broken", "color": "white", "width": 0.12}, "speed_limit": 13.88888888888889, "tags": {}}, {"id": -1, "type": "driving", "width": 3.5, "direction": "forward", "marking": {"kind": "broken", "color": "white", "width": 0.12}, "speed_limit": 13.88888888888889, "tags": {}}, {"id": -2, "type": "driving", "width": 3.5, "direction": "forward", "marking": {"kind": "solid", "color": "white", "width": 0.12}, "speed_limit": 13.88888888888889, "tags": {}}, {"id": -3, "type": "sidewalk", "width": 2.0, "direction": "forward", "marking": null, "speed_limit": null, "tags": {}}]}}, {"type": "Feature", "geometry": {"type": "LineString", "coordinates": [[2.6337238880354317, -113.91725155745024, 27.103094042402184], [-31.44639721772822, -77.59109998274783, 27.8245572005419], [-34.877791452484864, -73.99436225450386, 27.957162705215705], [-36.161808144971914, -72.75574836999851, 27.991940753060888], [-37.53069997660607, -71.64031826125728, 28.019660237686193], [-38.98781565250786, -70.64289002762722, 28.042975311669963], [-41.427806714877015, -69.28111851503385, 28.082563208705306], [-43.17295936077966, -68.19259908790355, 28.120769720792442], [-44.82232347716005, -66.96376618130569, 28.168333743900323], [-46.36464581316693, -65.60300385356605, 28.22129981636801], [-68.33689933985445, -42.75639713375058, 29.120347551756858], [-75.5727988883895, -34.809001505026245, 29.430905636040084]]}, "properties": {"id": "r31", "name": "Passeig de Gr\u00e0cia (lateral Bes\u00f2s)", "highway": "living_street", "osm_way_ids": [908375884, 1025549397], "junction_id": null, "predecessor": {"element": "junction", "id": "j6", "contact": null}, "successor": {"element": "junction", "id": "j4", "contact": null}, "center_marking": {"kind": "solid", "color": "white", "width": 0.12}, "tags": {"cycleway": "shared_lane", "lanes": "1", "lit": "yes", "maxspeed": "10", "oneway": "yes", "surface": "asphalt", "oneway_road": true, "reversed": false, "canyon_fraction": [0.0, 0.8], "cross_section_source": "tags"}, "lanes": [{"id": 1, "type": "sidewalk", "width": 2.0, "direction": "forward", "marking": null, "speed_limit": null, "tags": {}}, {"id": -1, "type": "driving", "width": 3.5, "direction": "forward", "marking": {"kind": "solid", "color": "white", "width": 0.12}, "speed_limit": 2.7777777777777777, "tags": {}}, {"id": -2, "type": "sidewalk", "width": 2.0, "direction": "forward", "marking": null, "speed_limit": null, "tags": {}}]}}, {"type": "Feature", "geometry": {"type": "LineString", "coordinates": [[-5.487638950706353, -151.61528303755858, 26.946753823208667], [-3.742885716379029, -153.43469093821875, 26.888792640445548], [-0.993884629428089, -156.56228971736763, 26.75208365711038], [58.71474484953894, -221.00128049954782, 24.583647587752996]]}, "properties": {"id": "r32", "name": "Passeig de Gr\u00e0cia (lateral Llobregat)", "highway": "living_street", "osm_way_ids": [908375887, 1321519620], "junction_id": null, "predecessor": {"element": "junction", "id": "j6", "contact": null}, "successor": null, "center_marking": {"kind": "solid", "color": "white", "width": 0.12}, "tags": {"cycleway": "shared_lane", "lanes": "1", "lit": "yes", "maxspeed": "10", "oneway": "yes", "surface": "asphalt", "width": "3", "oneway_road": true, "reversed": false, "canyon_fraction": [0.0, 0.89], "cross_section_source": "tags"}, "lanes": [{"id": 1, "type": "sidewalk", "width": 2.0, "direction": "forward", "marking": null, "speed_limit": null, "tags": {}}, {"id": -1, "type": "driving", "width": 3.3, "direction": "forward", "marking": {"kind": "solid", "color": "white", "width": 0.12}, "speed_limit": 2.7777777777777777, "tags": {}}, {"id": -2, "type": "sidewalk", "width": 2.0, "direction": "forward", "marking": null, "speed_limit": null, "tags": {}}]}}, {"type": "Feature", "geometry": {"type": "LineString", "coordinates": [[97.72626147859965, -216.0581405211088, 25.196767388098657], [20.711552954029415, -133.85200200491371, 26.818395387902015], [19.758641529965306, -132.78787809969396, 26.835323778975805], [18.187268745346902, -130.89248101374218, 26.86408907091651]]}, "properties": {"id": "r34", "name": "Passeig de Gr\u00e0cia (lateral Bes\u00f2s)", "highway": "living_street", "osm_way_ids": [908375893], "junction_id": null, "predecessor": {"element": "junction", "id": "j8", "contact": null}, "successor": {"element": "junction", "id": "j6", "contact": null}, "center_marking": {"kind": "solid", "color": "white", "width": 0.12}, "tags": {"cycleway": "shared_lane", "lanes": "1", "lit": "yes", "maxspeed": "10", "oneway": "yes", "surface": "asphalt", "width": "3.6", "oneway_road": true, "reversed": false, "canyon_fraction": [0.0, 0.83], "cross_section_source": "tags"}, "lanes": [{"id": 1, "type": "sidewalk", "width": 2.0, "direction": "forward", "marking": null, "speed_limit": null, "tags": {}}, {"id": -1, "type": "driving", "width": 3.6, "direction": "forward", "marking": {"kind": "solid", "color": "white", "width": 0.12}, "speed_limit": 2.7777777777777777, "tags": {}}, {"id": -2, "type": "sidewalk", "width": 2.0, "direction": "forward", "marking": null, "speed_limit": null, "tags": {}}]}}, {"type": "Feature", "geometry": {"type": "LineString", "coordinates": [[225.3268056120187, 76.95013922949431, 26.50313775531783], [220.32538794027138, 81.87239264559945, 26.705906464194666], [208.14998799878316, 94.041692367238, 26.993718831266587]]}, "properties": {"id": "r35", "name": "Carrer de Roger de Ll\u00faria", "highway": "secondary", "osm_way_ids": [1112878640, 1112878642], "junction_id": null, "predecessor": {"element": "junction", "id": "j16", "contact": null}, "successor": {"element": "junction", "id": "j14", "contact": null}, "center_marking": {"kind": "solid", "color": "white", "width": 0.12}, "tags": {"lanes": "3", "lit": "yes", "maxspeed": "50", "oneway": "yes", "placement": "left_of:1", "surface": "asphalt", "width": "7", "oneway_road": true, "reversed": false, "canyon_fraction": [0.4, 0.2], "cross_section_source": "tags"}, "lanes": [{"id": 1, "type": "sidewalk", "width": 2.0, "direction": "forward", "marking": null, "speed_limit": null, "tags": {}}, {"id": -1, "type": "driving", "width": 3.3, "direction": "forward", "marking": {"kind": "broken", "color": "white", "width": 0.12}, "speed_limit": 13.88888888888889, "tags": {}}, {"id": -2, "type": "driving", "width": 3.3, "direction": "forward", "marking": {"kind": "broken", "color": "white", "width": 0.12}, "speed_limit": 13.88888888888889, "tags": {}}, {"id": -3, "type": "driving", "width": 3.3, "direction": "forward", "marking": {"kind": "solid", "color": "white", "width": 0.12}, "speed_limit": 13.88888888888889, "tags": {}}, {"id": -4, "type": "sidewalk", "width": 2.0, "direction": "forward", "marking": null, "speed_limit": null, "tags": {}}]}}, {"type": "Feature", "geometry": {"type": "LineString", "coordinates": [[141.97656914074793, 12.205449997008124, 26.59782896156745], [144.65892496003116, 14.985570590321498, 26.598079143229604], [164.49238400955838, 37.06335295525453, 26.727585022843826]]}, "properties": {"id": "r36", "name": "Carrer del Consell de Cent", "highway": "living_street", "osm_way_ids": [1112878641], "junction_id": null, "predecessor": {"element": "road", "id": "r62", "contact": "end"}, "successor": {"element": "road", "id": "r64", "contact": "start"}, "center_marking": {"kind": "solid", "color": "white", "width": 0.12}, "tags": {"cycleway:both": "no", "lit": "yes", "maxspeed": "10", "oneway": "yes", "surface": "paving_stones", "width": "3", "oneway_road": true, "reversed": false, "canyon_fraction": [1.0, 0.8], "cross_section_source": "buildings", "street_width_m": 20.49, "face_left_m": 8.6, "face_right_m": 11.9, "carriageway_m": 3.3, "width_source": "buildings"}, "lanes": [{"id": 1, "type": "sidewalk", "width": 6.0, "direction": "forward", "marking": null, "speed_limit": null, "tags": {"width_source": "fraction"}}, {"id": -1, "type": "driving", "width": 3.3, "direction": "forward", "marking": {"kind": "solid", "color": "white", "width": 0.12}, "speed_limit": 2.7777777777777777, "tags": {}}, {"id": -2, "type": "sidewalk", "width": 6.0, "direction": "forward", "marking": null, "speed_limit": null, "tags": {"width_source": "fraction"}}]}}, {"type": "Feature", "geometry": {"type": "LineString", "coordinates": [[233.28441168374385, 86.95970131002882, 26.534827068666097], [233.60292254875813, 90.64286886801627, 26.583285051294688], [233.79589290453742, 98.33475126044742, 26.712206521901876], [233.96346135092884, 100.56183596364122, 26.7402820272797], [234.1354122171939, 101.68512980437197, 26.75043902280152], [234.65148018638882, 103.89774697784341, 26.764500756567386], [235.39229260884704, 106.04558260002243, 26.77121847224163], [236.34999837847226, 108.10587397844347, 26.77432609134313], [236.90710148712915, 109.09632452206384, 26.774944652656497], [237.51444776048902, 110.05678621170526, 26.773822275943047], [238.87329995800346, 111.87764359504962, 26.767800057082137], [240.3852615417767, 113.52140684704779, 26.757216561827402], [248.79857954199582, 121.76482486043912, 26.745328176995507]]}, "properties": {"id": "r37", "name": "Carrer del Consell de Cent", "highway": "living_street", "osm_way_ids": [1112878643, 1172479594], "junction_id": null, "predecessor": {"element": "junction", "id": "j16", "contact": null}, "successor": null, "center_marking": {"kind": "solid", "color": "white", "width": 0.12}, "tags": {"cycleway": "shared_lane", "lanes": "1", "lit": "yes", "maxspeed": "10", "oneway": "yes", "surface": "paving_stones", "width": "6", "oneway_road": true, "reversed": false, "canyon_fraction": [0.46, 0.85], "cross_section_source": "tags"}, "lanes": [{"id": 1, "type": "sidewalk", "width": 2.0, "direction": "forward", "marking": null, "speed_limit": null, "tags": {}}, {"id": -1, "type": "driving", "width": 4.0, "direction": "forward", "marking": {"kind": "solid", "color": "white", "width": 0.12}, "speed_limit": 2.7777777777777777, "tags": {}}, {"id": -2, "type": "shoulder", "width": 2.0, "direction": "forward", "marking": null, "speed_limit": null, "tags": {}}, {"id": -3, "type": "sidewalk", "width": 2.0, "direction": "forward", "marking": null, "speed_limit": null, "tags": {}}]}}, {"type": "Feature", "geometry": {"type": "LineString", "coordinates": [[201.31971233175284, 80.87475823969258, 26.781333394955418], [201.19285519117426, 91.13522002489644, 27.01136442722206]]}, "properties": {"id": "r40", "name": "Carrer del Consell de Cent", "highway": "living_street", "osm_way_ids": [1112878646], "junction_id": null, "predecessor": {"element": "road", "id": "r65", "contact": "end"}, "successor": {"element": "junction", "id": "j14", "contact": null}, "center_marking": {"kind": "solid", "color": "white", "width": 0.12}, "tags": {"lanes": "1", "lit": "yes", "maxspeed": "10", "oneway": "yes", "surface": "paving_stones", "width": "6", "oneway_road": true, "reversed": false, "canyon_fraction": [1.0, 0.0], "cross_section_source": "tags"}, "lanes": [{"id": 1, "type": "sidewalk", "width": 2.0, "direction": "forward", "marking": null, "speed_limit": null, "tags": {}}, {"id": -1, "type": "driving", "width": 4.0, "direction": "forward", "marking": {"kind": "solid", "color": "white", "width": 0.12}, "speed_limit": 2.7777777777777777, "tags": {}}, {"id": -2, "type": "shoulder", "width": 2.0, "direction": "forward", "marking": null, "speed_limit": null, "tags": {}}, {"id": -3, "type": "sidewalk", "width": 2.0, "direction": "forward", "marking": null, "speed_limit": null, "tags": {}}]}}, {"type": "Feature", "geometry": {"type": "LineString", "coordinates": [[119.00854272486036, 5.720712807228844, 26.92128852720974], [127.95980524308176, -3.619149898857881, 26.679582527417335], [130.35919362799498, -6.041748955632592, 26.618388660241763], [135.94227358045094, -11.3077283672562, 26.47576790843555]]}, "properties": {"id": "r41", "name": "Carrer de Pau Claris", "highway": "secondary", "osm_way_ids": [1112878647, 1112878648], "junction_id": null, "predecessor": {"element": "junction", "id": "j9", "contact": null}, "successor": {"element": "junction", "id": "j11", "contact": null}, "center_marking": {"kind": "solid", "color": "white", "width": 0.12}, "tags": {"lanes": "3", "lit": "yes", "maxspeed": "50", "oneway": "yes", "surface": "asphalt", "width": "6", "oneway_road": true, "reversed": false, "canyon_fraction": [0.3, 0.2], "cross_section_source": "tags"}, "lanes": [{"id": 1, "type": "sidewalk", "width": 2.0, "direction": "forward", "marking": null, "speed_limit": null, "tags": {}}, {"id": -1, "type": "driving", "width": 3.3, "direction": "forward", "marking": {"kind": "broken", "color": "white", "width": 0.12}, "speed_limit": 13.88888888888889, "tags": {}}, {"id": -2, "type": "driving", "width": 3.3, "direction": "forward", "marking": {"kind": "broken", "color": "white", "width": 0.12}, "speed_limit": 13.88888888888889, "tags": {}}, {"id": -3, "type": "driving", "width": 3.3, "direction": "forward", "marking": {"kind": "solid", "color": "white", "width": 0.12}, "speed_limit": 13.88888888888889, "tags": {}}, {"id": -4, "type": "sidewalk", "width": 2.0, "direction": "forward", "marking": null, "speed_limit": null, "tags": {}}]}}, {"type": "Feature", "geometry": {"type": "LineString", "coordinates": [[28.012351007786187, -100.75214122029054, 26.959843170404937], [79.51426355043577, -49.35014554362131, 26.67690430939868]]}, "properties": {"id": "r42", "name": "Carrer del Consell de Cent", "highway": "living_street", "osm_way_ids": [1112878650, 1225011407, 1240777477], "junction_id": null, "predecessor": {"element": "junction", "id": "j6", "contact": null}, "successor": {"element": "road", "id": "r52", "contact": "start"}, "center_marking": {"kind": "solid", "color": "white", "width": 0.12}, "tags": {"cycleway:both": "no", "lit": "yes", "maxspeed": "10", "oneway": "yes", "surface": "asphalt", "oneway_road": true, "reversed": false, "canyon_fraction": [0.85, 0.85], "cross_section_source": "buildings", "street_width_m": 19.11, "face_left_m": 7.65, "face_right_m": 11.45, "carriageway_m": 3.8, "width_source": "buildings", "trim_source": "chamfer"}, "lanes": [{"id": 1, "type": "sidewalk", "width": 6.0, "direction": "forward", "marking": null, "speed_limit": null, "tags": {"width_source": "fraction"}}, {"id": -1, "type": "driving", "width": 3.8, "direction": "forward", "marking": {"kind": "solid", "color": "white", "width": 0.12}, "speed_limit": 2.7777777777777777, "tags": {}}, {"id": -2, "type": "sidewalk", "width": 6.0, "direction": "forward", "marking": null, "speed_limit": null, "tags": {"width_source": "fraction"}}]}}, {"type": "Feature", "geometry": {"type": "LineString", "coordinates": [[118.61862525168294, 12.472907488281276, 26.914260059371696], [119.82727435579112, 12.701755589371123, 26.899725216946287], [131.2712664846579, 12.946905639192249, 26.705626123158233]]}, "properties": {"id": "r44", "name": "Carrer del Consell de Cent", "highway": "living_street", "osm_way_ids": [1112878652, 1112878653], "junction_id": null, "predecessor": {"element": "junction", "id": "j9", "contact": null}, "successor": {"element": "road", "id": "r60", "contact": "start"}, "center_marking": {"kind": "solid", "color": "white", "width": 0.12}, "tags": {"cycleway": "shared_lane", "lit": "yes", "maxspeed": "10", "oneway": "yes", "surface": "paving_stones", "width": "6", "oneway_road": true, "reversed": false, "canyon_fraction": [1.0, 0.0], "cross_section_source": "tags"}, "lanes": [{"id": 1, "type": "sidewalk", "width": 2.0, "direction": "forward", "marking": null, "speed_limit": null, "tags": {}}, {"id": -1, "type": "driving", "width": 4.0, "direction": "forward", "marking": {"kind": "solid", "color": "white", "width": 0.12}, "speed_limit": 2.7777777777777777, "tags": {}}, {"id": -2, "type": "shoulder", "width": 2.0, "direction": "forward", "marking": null, "speed_limit": null, "tags": {}}, {"id": -3, "type": "sidewalk", "width": 2.0, "direction": "forward", "marking": null, "speed_limit": null, "tags": {}}]}}, {"type": "Feature", "geometry": {"type": "LineString", "coordinates": [[118.60944652278152, -19.884554603902345, 26.605569312522768], [129.83393340365305, -19.877506037501004, 26.47022599460176]]}, "properties": {"id": "r46", "name": "Carrer del Consell de Cent", "highway": "living_street", "osm_way_ids": [1112878654], "junction_id": null, "predecessor": {"element": "road", "id": "r68", "contact": "end"}, "successor": {"element": "junction", "id": "j11", "contact": null}, "center_marking": {"kind": "solid", "color": "white", "width": 0.12}, "tags": {"lit": "yes", "maxspeed": "10", "oneway": "yes", "surface": "paving_stones", "width": "6", "oneway_road": true, "reversed": false, "canyon_fraction": [0.0, 0.71], "cross_section_source": "tags"}, "lanes": [{"id": 1, "type": "sidewalk", "width": 2.0, "direction": "forward", "marking": null, "speed_limit": null, "tags": {}}, {"id": -1, "type": "driving", "width": 4.0, "direction": "forward", "marking": {"kind": "solid", "color": "white", "width": 0.12}, "speed_limit": 2.7777777777777777, "tags": {}}, {"id": -2, "type": "shoulder", "width": 2.0, "direction": "forward", "marking": null, "speed_limit": null, "tags": {}}, {"id": -3, "type": "sidewalk", "width": 2.0, "direction": "forward", "marking": null, "speed_limit": null, "tags": {}}]}}, {"type": "Feature", "geometry": {"type": "LineString", "coordinates": [[-91.33086196399563, -220.54564409322833, 26.59063648477562], [-35.285295391182046, -163.71404052186142, 27.1352279047309]]}, "properties": {"id": "r47", "name": "Carrer del Consell de Cent", "highway": "living_street", "osm_way_ids": [1190420705], "junction_id": null, "predecessor": null, "successor": {"element": "junction", "id": "j6", "contact": null}, "center_marking": {"kind": "solid", "color": "white", "width": 0.12}, "tags": {"cycleway:both": "no", "lit": "yes", "maxspeed": "10", "oneway": "yes", "surface": "paving_stones", "oneway_road": true, "reversed": false, "canyon_fraction": [0.86, 0.79], "cross_section_source": "buildings", "street_width_m": 19.06, "face_left_m": 7.63, "face_right_m": 11.43, "carriageway_m": 3.8, "width_source": "buildings", "trim_source": "chamfer"}, "lanes": [{"id": 1, "type": "sidewalk", "width": 6.0, "direction": "forward", "marking": null, "speed_limit": null, "tags": {"width_source": "fraction"}}, {"id": -1, "type": "driving", "width": 3.8, "direction": "forward", "marking": {"kind": "solid", "color": "white", "width": 0.12}, "speed_limit": 2.7777777777777777, "tags": {}}, {"id": -2, "type": "sidewalk", "width": 6.0, "direction": "forward", "marking": null, "speed_limit": null, "tags": {"width_source": "fraction"}}]}}, {"type": "Feature", "geometry": {"type": "LineString", "coordinates": [[170.29868089111844, 42.39546062165444, 26.6525122451238], [175.80582791965344, 47.76541538884658, 26.62243831251515]]}, "properties": {"id": "r49", "name": "Carrer del Consell de Cent", "highway": "living_street", "osm_way_ids": [1240777463], "junction_id": null, "predecessor": {"element": "road", "id": "r63", "contact": "end"}, "successor": {"element": "road", "id": "r50", "contact": "start"}, "center_marking": {"kind": "solid", "color": "white", "width": 0.12}, "tags": {"cycleway:both": "no", "lit": "yes", "maxspeed": "10", "oneway": "yes", "surface": "paving_stones", "width": "5.2", "oneway_road": true, "reversed": false, "canyon_fraction": [0.2, 0.6], "cross_section_source": "tags"}, "lanes": [{"id": 1, "type": "sidewalk", "width": 2.0, "direction": "forward", "marking": null, "speed_limit": null, "tags": {}}, {"id": -1, "type": "driving", "width": 4.0, "direction": "forward", "marking": {"kind": "solid", "color": "white", "width": 0.12}, "speed_limit": 2.7777777777777777, "tags": {}}, {"id": -2, "type": "shoulder", "width": 1.2000000000000002, "direction": "forward", "marking": null, "speed_limit": null, "tags": {}}, {"id": -3, "type": "sidewalk", "width": 2.0, "direction": "forward", "marking": null, "speed_limit": null, "tags": {}}]}}, {"type": "Feature", "geometry": {"type": "LineString", "coordinates": [[175.7837234768597, 47.74360256738877, 26.626537774017294], [181.55010771417528, 53.50228784655507, 26.696453417432693]]}, "properties": {"id": "r50", "name": "Carrer del Consell de Cent", "highway": "living_street", "osm_way_ids": [1240777463], "junction_id": null, "predecessor": {"element": "road", "id": "r49", "contact": "end"}, "successor": {"element": "road", "id": "r71", "contact": "start"}, "center_marking": {"kind": "solid", "color": "white", "width": 0.12}, "tags": {"cycleway:both": "no", "lit": "yes", "maxspeed": "10", "oneway": "yes", "surface": "paving_stones", "width": "5.2", "oneway_road": true, "reversed": false, "canyon_fraction": [0.5, 0.83], "cross_section_source": "tags"}, "lanes": [{"id": 1, "type": "sidewalk", "width": 2.0, "direction": "forward", "marking": null, "speed_limit": null, "tags": {}}, {"id": -1, "type": "driving", "width": 4.0, "direction": "forward", "marking": {"kind": "solid", "color": "white", "width": 0.12}, "speed_limit": 2.7777777777777777, "tags": {}}, {"id": -2, "type": "shoulder", "width": 1.2000000000000002, "direction": "forward", "marking": null, "speed_limit": null, "tags": {}}, {"id": -3, "type": "sidewalk", "width": 2.0, "direction": "forward", "marking": null, "speed_limit": null, "tags": {}}]}}, {"type": "Feature", "geometry": {"type": "LineString", "coordinates": [[187.66366853475878, 59.1298802886154, 26.617779805585997], [202.74240637114957, 72.27997273690032, 26.73045792185886]]}, "properties": {"id": "r51", "name": "Carrer del Consell de Cent", "highway": "living_street", "osm_way_ids": [1240777464], "junction_id": null, "predecessor": {"element": "road", "id": "r72", "contact": "end"}, "successor": {"element": "road", "id": "r67", "contact": "start"}, "center_marking": {"kind": "solid", "color": "white", "width": 0.12}, "tags": {"cycleway:both": "no", "lit": "yes", "maxspeed": "10", "oneway": "yes", "surface": "paving_stones", "oneway_road": true, "reversed": false, "canyon_fraction": [1.0, 0.86], "cross_section_source": "buildings", "street_width_m": 18.86, "face_left_m": 7.53, "face_right_m": 11.33, "carriageway_m": 3.8, "width_source": "buildings"}, "lanes": [{"id": 1, "type": "sidewalk", "width": 6.0, "direction": "forward", "marking": null, "speed_limit": null, "tags": {"width_source": "fraction"}}, {"id": -1, "type": "driving", "width": 3.8, "direction": "forward", "marking": {"kind": "solid", "color": "white", "width": 0.12}, "speed_limit": 2.7777777777777777, "tags": {}}, {"id": -2, "type": "sidewalk", "width": 6.0, "direction": "forward", "marking": null, "speed_limit": null, "tags": {"width_source": "fraction"}}]}}, {"type": "Feature", "geometry": {"type": "LineString", "coordinates": [[79.86469746632767, -49.72447552759399, 26.678570133442072], [106.63575314123491, -22.358574874120702, 26.646928773607343]]}, "properties": {"id": "r52", "name": "Carrer del Consell de Cent", "highway": "living_street", "osm_way_ids": [1240777478], "junction_id": null, "predecessor": {"element": "road", "id": "r42", "contact": "end"}, "successor": {"element": "road", "id": "r70", "contact": "start"}, "center_marking": {"kind": "solid", "color": "white", "width": 0.12}, "tags": {"cycleway:both": "no", "lit": "yes", "maxspeed": "10", "oneway": "yes", "surface": "paving_stones", "width": "3", "oneway_road": true, "reversed": false, "canyon_fraction": [1.0, 0.91], "cross_section_source": "buildings", "street_width_m": 19.19, "face_left_m": 7.95, "face_right_m": 11.25, "carriageway_m": 3.3, "width_source": "buildings"}, "lanes": [{"id": 1, "type": "sidewalk", "width": 6.0, "direction": "forward", "marking": null, "speed_limit": null, "tags": {"width_source": "fraction"}}, {"id": -1, "type": "driving", "width": 3.3, "direction": "forward", "marking": {"kind": "solid", "color": "white", "width": 0.12}, "speed_limit": 2.7777777777777777, "tags": {}}, {"id": -2, "type": "sidewalk", "width": 6.0, "direction": "forward", "marking": null, "speed_limit": null, "tags": {"width_source": "fraction"}}]}}, {"type": "Feature", "geometry": {"type": "LineString", "coordinates": [[-213.04416850052536, -167.65672527602925, 29.156414051120343], [-157.8637508164391, -220.67907482837313, 27.54841764209741]]}, "properties": {"id": "r53", "name": "Rambla de Catalunya", "highway": "residential", "osm_way_ids": [1387061745], "junction_id": null, "predecessor": {"element": "junction", "id": "j1", "contact": null}, "successor": null, "center_marking": {"kind": "solid", "color": "white", "width": 0.12}, "tags": {"cycleway": "shared_lane", "lanes": "1", "lit": "yes", "maxspeed": "30", "oneway": "yes", "sidewalk:left": "yes", "sidewalk:right": "separate", "surface": "asphalt", "width": "4", "oneway_road": true, "reversed": false, "canyon_fraction": [0.0, 0.78], "cross_section_source": "tags"}, "lanes": [{"id": 1, "type": "sidewalk", "width": 2.0, "direction": "forward", "marking": null, "speed_limit": null, "tags": {}}, {"id": -1, "type": "driving", "width": 4.0, "direction": "forward", "marking": {"kind": "solid", "color": "white", "width": 0.12}, "speed_limit": 8.333333333333334, "tags": {}}, {"id": -2, "type": "sidewalk", "width": 2.0, "direction": "forward", "marking": null, "speed_limit": null, "tags": {}}]}}, {"type": "Feature", "geometry": {"type": "LineString", "coordinates": [[169.83259780519583, 216.19475024819957, 29.11109680540506], [137.13660493954958, 183.6019085407289, 29.32491925296557]]}, "properties": {"id": "r54", "name": "Carrer d'Arag\u00f3", "highway": "primary", "osm_way_ids": [1408524847], "junction_id": null, "predecessor": null, "successor": {"element": "junction", "id": "j10", "contact": null}, "center_marking": {"kind": "solid", "color": "white", "width": 0.12}, "tags": {"access": "yes", "cycleway": "no", "lanes": "5", "lit": "yes", "maxspeed": "50", "oneway": "yes", "sidewalk:both": "separate", "surface": "asphalt", "turn:lanes": "through|through|through|through|through;right", "width": "15", "oneway_road": true, "reversed": false, "canyon_fraction": [0.8, 0.8], "cross_section_source": "buildings", "street_width_m": 29.44, "face_left_m": 5.72, "face_right_m": 23.72, "carriageway_m": 18.0, "width_source": "buildings", "street_width_guarded": true}, "lanes": [{"id": 1, "type": "sidewalk", "width": 5.72, "direction": "forward", "marking": null, "speed_limit": null, "tags": {"width_source": "footway"}}, {"id": -1, "type": "driving", "width": 3.6, "direction": "forward", "marking": {"kind": "broken", "color": "white", "width": 0.12}, "speed_limit": 13.88888888888889, "tags": {"turn": ["through"]}}, {"id": -2, "type": "driving", "width": 3.6, "direction": "forward", "marking": {"kind": "broken", "color": "white", "width": 0.12}, "speed_limit": 13.88888888888889, "tags": {"turn": ["through"]}}, {"id": -3, "type": "driving", "width": 3.6, "direction": "forward", "marking": {"kind": "broken", "color": "white", "width": 0.12}, "speed_limit": 13.88888888888889, "tags": {"turn": ["through"]}}, {"id": -4, "type": "driving", "width": 3.6, "direction": "forward", "marking": {"kind": "broken", "color": "white", "width": 0.12}, "speed_limit": 13.88888888888889, "tags": {"turn": ["through"]}}, {"id": -5, "type": "driving", "width": 3.6, "direction": "forward", "marking": {"kind": "solid", "color": "white", "width": 0.12}, "speed_limit": 13.88888888888889, "tags": {"turn": ["through", "right"]}}, {"id": -6, "type": "sidewalk", "width": 5.72, "direction": "forward", "marking": null, "speed_limit": null, "tags": {"width_source": "footway"}}]}}, {"type": "Feature", "geometry": {"type": "LineString", "coordinates": [[-118.78985763117768, -75.49086958887085, 29.452967934711644], [-187.4739237706294, -144.5228284202308, 29.01274453662941]]}, "properties": {"id": "r55", "name": "Carrer d'Arag\u00f3", "highway": "primary", "osm_way_ids": [1408524849, 1408525895], "junction_id": null, "predecessor": {"element": "junction", "id": "j4", "contact": null}, "successor": {"element": "junction", "id": "j1", "contact": null}, "center_marking": {"kind": "solid", "color": "white", "width": 0.12}, "tags": {"access": "yes", "cycleway:left": "separate", "cycleway:right": "no", "lanes": "5", "lit": "yes", "maxspeed": "50", "oneway": "yes", "sidewalk:both": "separate", "surface": "asphalt", "width": "15", "oneway_road": true, "reversed": false, "canyon_fraction": [0.82, 0.85], "cross_section_source": "buildings", "street_width_m": 29.06, "face_left_m": 5.23, "face_right_m": 23.83, "carriageway_m": 18.61, "width_source": "buildings", "trim_source": "chamfer"}, "lanes": [{"id": 1, "type": "sidewalk", "width": 5.23, "direction": "forward", "marking": null, "speed_limit": null, "tags": {"width_source": "footway"}}, {"id": -1, "type": "driving", "width": 3.7211281907316414, "direction": "forward", "marking": {"kind": "broken", "color": "white", "width": 0.12}, "speed_limit": 13.88888888888889, "tags": {"turn": ["left", "through"]}}, {"id": -2, "type": "driving", "width": 3.7211281907316414, "direction": "forward", "marking": {"kind": "broken", "color": "white", "width": 0.12}, "speed_limit": 13.88888888888889, "tags": {"turn": ["through"]}}, {"id": -3, "type": "driving", "width": 3.7211281907316414, "direction": "forward", "marking": {"kind": "broken", "color": "white", "width": 0.12}, "speed_limit": 13.88888888888889, "tags": {"turn": ["through"]}}, {"id": -4, "type": "driving", "width": 3.7211281907316414, "direction": "forward", "marking": {"kind": "broken", "color": "white", "width": 0.12}, "speed_limit": 13.88888888888889, "tags": {"turn": ["through"]}}, {"id": -5, "type": "driving", "width": 3.7211281907316414, "direction": "forward", "marking": {"kind": "solid", "color": "white", "width": 0.12}, "speed_limit": 13.88888888888889, "tags": {"turn": ["through", "right"]}}, {"id": -6, "type": "sidewalk", "width": 5.23, "direction": "forward", "marking": null, "speed_limit": null, "tags": {"width_source": "footway"}}]}}, {"type": "Feature", "geometry": {"type": "LineString", "coordinates": [[-249.52106293267929, -132.596682238783, 30.286298599478116], [-239.02822198309445, -142.68662323163673, 30.00081822286529], [-227.83788974087886, -153.31063507580032, 29.66821991378214]]}, "properties": {"id": "r56", "name": "Rambla de Catalunya", "highway": "residential", "osm_way_ids": [1408525896], "junction_id": null, "predecessor": null, "successor": {"element": "junction", "id": "j1", "contact": null}, "center_marking": {"kind": "solid", "color": "white", "width": 0.12}, "tags": {"cycleway": "shared_lane", "lanes": "1", "lit": "yes", "maxspeed": "30", "oneway": "yes", "sidewalk:left": "yes", "sidewalk:right": "separate", "surface": "asphalt", "width": "4", "oneway_road": true, "reversed": false, "canyon_fraction": [0.0, 0.67], "cross_section_source": "tags"}, "lanes": [{"id": 1, "type": "sidewalk", "width": 2.0, "direction": "forward", "marking": null, "speed_limit": null, "tags": {}}, {"id": -1, "type": "driving", "width": 4.0, "direction": "forward", "marking": {"kind": "solid", "color": "white", "width": 0.12}, "speed_limit": 8.333333333333334, "tags": {}}, {"id": -2, "type": "sidewalk", "width": 1.5, "direction": "forward", "marking": null, "speed_limit": null, "tags": {"width_source": "footway"}}]}}, {"type": "Feature", "geometry": {"type": "LineString", "coordinates": [[-220.70742421006008, -173.79942681072714, 29.21168979214722], [-231.73989891167614, -184.75483772078786, 29.19329171946143], [-245.06493941339082, -198.12743311799488, 29.15720471274497]]}, "properties": {"id": "r57", "name": "Carrer d'Arag\u00f3", "highway": "primary", "osm_way_ids": [1408525897], "junction_id": null, "predecessor": {"element": "junction", "id": "j1", "contact": null}, "successor": null, "center_marking": {"kind": "solid", "color": "white", "width": 0.12}, "tags": {"access": "yes", "cycleway:left": "separate", "cycleway:right": "no", "lanes": "5", "lit": "yes", "maxspeed": "50", "oneway": "yes", "sidewalk:both": "separate", "surface": "asphalt", "width": "15", "oneway_road": true, "reversed": false, "canyon_fraction": [0.92, 0.58], "cross_section_source": "tags"}, "lanes": [{"id": 1, "type": "sidewalk", "width": 6.0, "direction": "forward", "marking": null, "speed_limit": null, "tags": {"width_source": "footway"}}, {"id": -1, "type": "driving", "width": 3.3, "direction": "forward", "marking": {"kind": "broken", "color": "white", "width": 0.12}, "speed_limit": 13.88888888888889, "tags": {}}, {"id": -2, "type": "driving", "width": 3.3, "direction": "forward", "marking": {"kind": "broken", "color": "white", "width": 0.12}, "speed_limit": 13.88888888888889, "tags": {}}, {"id": -3, "type": "driving", "width": 3.3, "direction": "forward", "marking": {"kind": "broken", "color": "white", "width": 0.12}, "speed_limit": 13.88888888888889, "tags": {}}, {"id": -4, "type": "driving", "width": 3.3, "direction": "forward", "marking": {"kind": "broken", "color": "white", "width": 0.12}, "speed_limit": 13.88888888888889, "tags": {}}, {"id": -5, "type": "driving", "width": 3.3, "direction": "forward", "marking": {"kind": "solid", "color": "white", "width": 0.12}, "speed_limit": 13.88888888888889, "tags": {}}, {"id": -6, "type": "sidewalk", "width": 3.63, "direction": "forward", "marking": null, "speed_limit": null, "tags": {"width_source": "footway"}}]}}, {"type": "Feature", "geometry": {"type": "LineString", "coordinates": [[246.28883827356486, 53.860933027922776, 25.668654295463945], [236.20550103364602, 64.0121340687733, 26.059660867436506], [233.52701678724347, 66.77631392573002, 26.162492171397176], [231.7347986132273, 68.51927150665708, 26.215961075238585]]}, "properties": {"id": "r58", "name": "Carrer de Roger de Ll\u00faria", "highway": "secondary", "osm_way_ids": [1409644588], "junction_id": null, "predecessor": null, "successor": {"element": "junction", "id": "j16", "contact": null}, "center_marking": {"kind": "solid", "color": "white", "width": 0.12}, "tags": {"cycleway:right": "separate", "lanes": "3", "lit": "yes", "maxspeed": "50", "oneway": "yes", "placement": "left_of:1", "surface": "asphalt", "turn:lanes": "through|through|through;right", "width": "7", "oneway_road": true, "reversed": false, "canyon_fraction": [1.0, 0.88], "cross_section_source": "buildings", "street_width_m": 19.47, "face_left_m": 4.28, "face_right_m": 15.18, "carriageway_m": 10.9, "width_source": "buildings", "trim_source": "chamfer"}, "lanes": [{"id": 1, "type": "sidewalk", "width": 4.28, "direction": "forward", "marking": null, "speed_limit": null, "tags": {"width_source": "fraction"}}, {"id": -1, "type": "driving", "width": 3.6339635259949787, "direction": "forward", "marking": {"kind": "broken", "color": "white", "width": 0.12}, "speed_limit": 13.88888888888889, "tags": {"turn": ["through"]}}, {"id": -2, "type": "driving", "width": 3.6339635259949787, "direction": "forward", "marking": {"kind": "broken", "color": "white", "width": 0.12}, "speed_limit": 13.88888888888889, "tags": {"turn": ["through"]}}, {"id": -3, "type": "driving", "width": 3.6339635259949787, "direction": "forward", "marking": {"kind": "solid", "color": "white", "width": 0.12}, "speed_limit": 13.88888888888889, "tags": {"turn": ["through", "right"]}}, {"id": -4, "type": "sidewalk", "width": 4.28, "direction": "forward", "marking": null, "speed_limit": null, "tags": {"width_source": "fraction"}}]}}, {"type": "Feature", "geometry": {"type": "LineString", "coordinates": [[-253.45308384144388, 132.35106752240446, 34.091204668748766], [-226.67448451715092, 103.73755811817344, 33.37956419933447], [-224.68804723865077, 101.55585339438878, 33.281325109324634], [-197.56645694939488, 72.79214845766504, 32.44653738588845], [-194.24588178384136, 69.19709681516348, 32.2949139165488]]}, "properties": {"id": "r59", "name": "Passeig de Gr\u00e0cia", "highway": "tertiary", "osm_way_ids": [1540857445], "junction_id": null, "predecessor": null, "successor": {"element": "junction", "id": "j2", "contact": null}, "center_marking": {"kind": "solid", "color": "white", "width": 0.12}, "tags": {"cycleway:both": "no", "lanes": "6", "lanes:backward": "4", "lit": "yes", "maxspeed": "50", "sidewalk:both": "separate", "surface": "asphalt", "oneway_road": false, "reversed": false, "canyon_fraction": [0.0, 0.0], "cross_section_source": "tags"}, "lanes": [{"id": 5, "type": "sidewalk", "width": 2.0, "direction": "backward", "marking": null, "speed_limit": null, "tags": {}}, {"id": 4, "type": "driving", "width": 3.5, "direction": "backward", "marking": {"kind": "solid", "color": "white", "width": 0.12}, "speed_limit": 13.88888888888889, "tags": {}}, {"id": 3, "type": "driving", "width": 3.5, "direction": "backward", "marking": {"kind": "broken", "color": "white", "width": 0.12}, "speed_limit": 13.88888888888889, "tags": {}}, {"id": 2, "type": "driving", "width": 3.5, "direction": "backward", "marking": {"kind": "broken", "color": "white", "width": 0.12}, "speed_limit": 13.88888888888889, "tags": {}}, {"id": 1, "type": "driving", "width": 3.5, "direction": "backward", "marking": {"kind": "broken", "color": "white", "width": 0.12}, "speed_limit": 13.88888888888889, "tags": {}}, {"id": -1, "type": "driving", "width": 3.5, "direction": "forward", "marking": {"kind": "broken", "color": "white", "width": 0.12}, "speed_limit": 13.88888888888889, "tags": {}}, {"id": -2, "type": "driving", "width": 3.5, "direction": "forward", "marking": {"kind": "solid", "color": "white", "width": 0.12}, "speed_limit": 13.88888888888889, "tags": {}}, {"id": -3, "type": "sidewalk", "width": 2.0, "direction": "forward", "marking": null, "speed_limit": null, "tags": {}}]}}, {"type": "Feature", "geometry": {"type": "LineString", "coordinates": [[131.2784946584935, 12.609483050287768, 26.70491271467148], [135.50310585713052, 12.699981508706692, 26.608727283182578]]}, "properties": {"id": "r60", "name": "Carrer del Consell de Cent", "highway": "living_street", "osm_way_ids": [1112878652, 1112878653], "junction_id": null, "predecessor": {"element": "road", "id": "r44", "contact": "end"}, "successor": {"element": "road", "id": "r61", "contact": "start"}, "center_marking": {"kind": "solid", "color": "white", "width": 0.12}, "tags": {"cycleway": "shared_lane", "lit": "yes", "maxspeed": "10", "oneway": "yes", "surface": "paving_stones", "width": "6", "oneway_road": true, "reversed": false, "canyon_fraction": [1.0, 0.0], "cross_section_source": "tags", "taper": true, "width_source": "taper"}, "lanes": [{"id": 1, "type": "sidewalk", "width": 2.0, "direction": "forward", "marking": null, "speed_limit": null, "tags": {}}, {"id": -1, "type": "driving", "width": 4.0, "direction": "forward", "marking": {"kind": "solid", "color": "white", "width": 0.12}, "speed_limit": 2.7777777777777777, "tags": {}}, {"id": -2, "type": "shoulder", "width": 1.3250000000000002, "direction": "forward", "marking": null, "speed_limit": null, "tags": {}}, {"id": -3, "type": "sidewalk", "width": 2.0, "direction": "forward", "marking": null, "speed_limit": null, "tags": {}}]}}, {"type": "Feature", "geometry": {"type": "LineString", "coordinates": [[135.5103340309661, 12.362558919802211, 26.609006390456457], [139.73494522960314, 12.453057378221136, 26.5820613756608]]}, "properties": {"id": "r61", "name": "Carrer del Consell de Cent", "highway": "living_street", "osm_way_ids": [1112878652, 1112878653], "junction_id": null, "predecessor": {"element": "road", "id": "r60", "contact": "end"}, "successor": {"element": "road", "id": "r62", "contact": "start"}, "center_marking": {"kind": "solid", "color": "white", "width": 0.12}, "tags": {"cycleway": "shared_lane", "lit": "yes", "maxspeed": "10", "oneway": "yes", "surface": "paving_stones", "width": "6", "oneway_road": true, "reversed": false, "canyon_fraction": [1.0, 0.0], "cross_section_source": "tags", "taper": true, "width_source": "taper"}, "lanes": [{"id": 1, "type": "sidewalk", "width": 2.0, "direction": "forward", "marking": null, "speed_limit": null, "tags": {}}, {"id": -1, "type": "driving", "width": 4.0, "direction": "forward", "marking": {"kind": "solid", "color": "white", "width": 0.12}, "speed_limit": 2.7777777777777777, "tags": {}}, {"id": -2, "type": "shoulder", "width": 0.6500000000000004, "direction": "forward", "marking": null, "speed_limit": null, "tags": {}}, {"id": -3, "type": "sidewalk", "width": 2.0, "direction": "forward", "marking": null, "speed_limit": null, "tags": {}}]}}, {"type": "Feature", "geometry": {"type": "LineString", "coordinates": [[139.74217340343876, 12.115634789316655, 26.580570882679865], [143.96678460207576, 12.206133247735579, 26.601190016145278]]}, "properties": {"id": "r62", "name": "Carrer del Consell de Cent", "highway": "living_street", "osm_way_ids": [1112878652, 1112878653], "junction_id": null, "predecessor": {"element": "road", "id": "r61", "contact": "end"}, "successor": {"element": "road", "id": "r36", "contact": "start"}, "center_marking": {"kind": "solid", "color": "white", "width": 0.12}, "tags": {"cycleway": "shared_lane", "lit": "yes", "maxspeed": "10", "oneway": "yes", "surface": "paving_stones", "width": "6", "oneway_road": true, "reversed": false, "canyon_fraction": [1.0, 0.0], "cross_section_source": "tags", "taper": true, "width_source": "taper"}, "lanes": [{"id": 1, "type": "sidewalk", "width": 2.0, "direction": "forward", "marking": null, "speed_limit": null, "tags": {}}, {"id": -1, "type": "driving", "width": 3.9749999999999996, "direction": "forward", "marking": {"kind": "solid", "color": "white", "width": 0.12}, "speed_limit": 2.7777777777777777, "tags": {}}, {"id": -2, "type": "sidewalk", "width": 2.0, "direction": "forward", "marking": null, "speed_limit": null, "tags": {}}]}}, {"type": "Feature", "geometry": {"type": "LineString", "coordinates": [[167.7661826857548, 39.483759870116664, 26.71302318252272], [170.51975620002233, 42.168737253712735, 26.648831321629288]]}, "properties": {"id": "r63", "name": "Carrer del Consell de Cent", "highway": "living_street", "osm_way_ids": [1240777463], "junction_id": null, "predecessor": {"element": "road", "id": "r64", "contact": "end"}, "successor": {"element": "road", "id": "r49", "contact": "start"}, "center_marking": {"kind": "solid", "color": "white", "width": 0.12}, "tags": {"cycleway:both": "no", "lit": "yes", "maxspeed": "10", "oneway": "yes", "surface": "paving_stones", "width": "5.2", "oneway_road": true, "reversed": false, "canyon_fraction": [0.2, 0.6], "cross_section_source": "tags", "taper": true, "width_source": "taper"}, "lanes": [{"id": 1, "type": "sidewalk", "width": 2.0, "direction": "forward", "marking": null, "speed_limit": null, "tags": {}}, {"id": -1, "type": "driving", "width": 4.0, "direction": "forward", "marking": {"kind": "solid", "color": "white", "width": 0.12}, "speed_limit": 2.7777777777777777, "tags": {}}, {"id": -2, "type": "shoulder", "width": 0.5666666666666664, "direction": "forward", "marking": null, "speed_limit": null, "tags": {}}, {"id": -3, "type": "sidewalk", "width": 2.0, "direction": "forward", "marking": null, "speed_limit": null, "tags": {}}]}}, {"type": "Feature", "geometry": {"type": "LineString", "coordinates": [[165.2336844803912, 36.572059118578885, 26.721716977335436], [167.98725799465868, 39.25703650217495, 26.709204370023244]]}, "properties": {"id": "r64", "name": "Carrer del Consell de Cent", "highway": "living_street", "osm_way_ids": [1240777463], "junction_id": null, "predecessor": {"element": "road", "id": "r36", "contact": "end"}, "successor": {"element": "road", "id": "r63", "contact": "start"}, "center_marking": {"kind": "solid", "color": "white", "width": 0.12}, "tags": {"cycleway:both": "no", "lit": "yes", "maxspeed": "10", "oneway": "yes", "surface": "paving_stones", "width": "5.2", "oneway_road": true, "reversed": false, "canyon_fraction": [0.2, 0.6], "cross_section_source": "tags", "taper": true, "width_source": "taper"}, "lanes": [{"id": 1, "type": "sidewalk", "width": 2.0, "direction": "forward", "marking": null, "speed_limit": null, "tags": {}}, {"id": -1, "type": "driving", "width": 3.9333333333333336, "direction": "forward", "marking": {"kind": "solid", "color": "white", "width": 0.12}, "speed_limit": 2.7777777777777777, "tags": {}}, {"id": -2, "type": "sidewalk", "width": 2.0, "direction": "forward", "marking": null, "speed_limit": null, "tags": {}}]}}, {"type": "Feature", "geometry": {"type": "LineString", "coordinates": [[201.60395803902867, 77.45076528509107, 26.745185692689077], [201.62157705997902, 78.70358469524113, 26.754654555609022], [201.59469131580735, 80.87815799385244, 26.779762552875344]]}, "properties": {"id": "r65", "name": "Carrer del Consell de Cent", "highway": "living_street", "osm_way_ids": [1112878646], "junction_id": null, "predecessor": {"element": "road", "id": "r66", "contact": "end"}, "successor": {"element": "road", "id": "r40", "contact": "start"}, "center_marking": {"kind": "solid", "color": "white", "width": 0.12}, "tags": {"lanes": "1", "lit": "yes", "maxspeed": "10", "oneway": "yes", "surface": "paving_stones", "width": "6", "oneway_road": true, "reversed": false, "canyon_fraction": [1.0, 0.0], "cross_section_source": "tags", "taper": true, "width_source": "taper"}, "lanes": [{"id": 1, "type": "sidewalk", "width": 2.0, "direction": "forward", "marking": null, "speed_limit": null, "tags": {}}, {"id": -1, "type": "driving", "width": 4.0, "direction": "forward", "marking": {"kind": "solid", "color": "white", "width": 0.12}, "speed_limit": 2.7777777777777777, "tags": {}}, {"id": -2, "type": "shoulder", "width": 1.4500000000000002, "direction": "forward", "marking": null, "speed_limit": null, "tags": {}}, {"id": -3, "type": "sidewalk", "width": 2.0, "direction": "forward", "marking": null, "speed_limit": null, "tags": {}}]}}, {"type": "Feature", "geometry": {"type": "LineString", "coordinates": [[201.8308326065827, 74.02682108196446, 26.72851324746203], [201.87893084804747, 77.44689820605028, 26.741659012413976]]}, "properties": {"id": "r66", "name": "Carrer del Consell de Cent", "highway": "living_street", "osm_way_ids": [1112878646], "junction_id": null, "predecessor": {"element": "road", "id": "r67", "contact": "end"}, "successor": {"element": "road", "id": "r65", "contact": "start"}, "center_marking": {"kind": "solid", "color": "white", "width": 0.12}, "tags": {"lanes": "1", "lit": "yes", "maxspeed": "10", "oneway": "yes", "surface": "paving_stones", "width": "6", "oneway_road": true, "reversed": false, "canyon_fraction": [1.0, 0.0], "cross_section_source": "tags", "taper": true, "width_source": "taper"}, "lanes": [{"id": 1, "type": "sidewalk", "width": 2.0, "direction": "forward", "marking": null, "speed_limit": null, "tags": {}}, {"id": -1, "type": "driving", "width": 4.0, "direction": "forward", "marking": {"kind": "solid", "color": "white", "width": 0.12}, "speed_limit": 2.7777777777777777, "tags": {}}, {"id": -2, "type": "shoulder", "width": 0.9000000000000004, "direction": "forward", "marking": null, "speed_limit": null, "tags": {}}, {"id": -3, "type": "sidewalk", "width": 2.0, "direction": "forward", "marking": null, "speed_limit": null, "tags": {}}]}}, {"type": "Feature", "geometry": {"type": "LineString", "coordinates": [[202.23268987078507, 70.60041601035735, 26.68809357088128], [202.28078811224984, 74.02049313444317, 26.722166917051375]]}, "properties": {"id": "r67", "name": "Carrer del Consell de Cent", "highway": "living_street", "osm_way_ids": [1112878646], "junction_id": null, "predecessor": {"element": "road", "id": "r51", "contact": "end"}, "successor": {"element": "road", "id": "r66", "contact": "start"}, "center_marking": {"kind": "solid", "color": "white", "width": 0.12}, "tags": {"lanes": "1", "lit": "yes", "maxspeed": "10", "oneway": "yes", "surface": "paving_stones", "width": "6", "oneway_road": true, "reversed": false, "canyon_fraction": [1.0, 0.0], "cross_section_source": "tags", "taper": true, "width_source": "taper"}, "lanes": [{"id": 1, "type": "sidewalk", "width": 2.0, "direction": "forward", "marking": null, "speed_limit": null, "tags": {}}, {"id": -1, "type": "driving", "width": 4.0, "direction": "forward", "marking": {"kind": "solid", "color": "white", "width": 0.12}, "speed_limit": 2.7777777777777777, "tags": {}}, {"id": -2, "type": "sidewalk", "width": 2.0, "direction": "forward", "marking": null, "speed_limit": null, "tags": {}}]}}, {"type": "Feature", "geometry": {"type": "LineString", "coordinates": [[114.86816283341372, -20.22440405949161, 26.628369284796342], [118.6096584603709, -20.22205453735783, 26.599893727028856]]}, "properties": {"id": "r68", "name": "Carrer del Consell de Cent", "highway": "living_street", "osm_way_ids": [1112878654], "junction_id": null, "predecessor": {"element": "road", "id": "r69", "contact": "end"}, "successor": {"element": "road", "id": "r46", "contact": "start"}, "center_marking": {"kind": "solid", "color": "white", "width": 0.12}, "tags": {"lit": "yes", "maxspeed": "10", "oneway": "yes", "surface": "paving_stones", "width": "6", "oneway_road": true, "reversed": false, "canyon_fraction": [0.0, 0.71], "cross_section_source": "tags", "taper": true, "width_source": "taper"}, "lanes": [{"id": 1, "type": "sidewalk", "width": 2.0, "direction": "forward", "marking": null, "speed_limit": null, "tags": {}}, {"id": -1, "type": "driving", "width": 4.0, "direction": "forward", "marking": {"kind": "solid", "color": "white", "width": 0.12}, "speed_limit": 2.7777777777777777, "tags": {}}, {"id": -2, "type": "shoulder", "width": 1.3250000000000002, "direction": "forward", "marking": null, "speed_limit": null, "tags": {}}, {"id": -3, "type": "sidewalk", "width": 2.0, "direction": "forward", "marking": null, "speed_limit": null, "tags": {}}]}}, {"type": "Feature", "geometry": {"type": "LineString", "coordinates": [[111.1784901639801, -20.750889038665065, 26.635573429193364], [113.96049766517434, -20.562474106497287, 26.626633671682832], [114.86837477100309, -20.561903992947098, 26.62253172105669]]}, "properties": {"id": "r69", "name": "Carrer del Consell de Cent", "highway": "living_street", "osm_way_ids": [1112878654], "junction_id": null, "predecessor": {"element": "road", "id": "r70", "contact": "end"}, "successor": {"element": "road", "id": "r68", "contact": "start"}, "center_marking": {"kind": "solid", "color": "white", "width": 0.12}, "tags": {"lit": "yes", "maxspeed": "10", "oneway": "yes", "surface": "paving_stones", "width": "6", "oneway_road": true, "reversed": false, "canyon_fraction": [0.0, 0.71], "cross_section_source": "tags", "taper": true, "width_source": "taper"}, "lanes": [{"id": 1, "type": "sidewalk", "width": 2.0, "direction": "forward", "marking": null, "speed_limit": null, "tags": {}}, {"id": -1, "type": "driving", "width": 4.0, "direction": "forward", "marking": {"kind": "solid", "color": "white", "width": 0.12}, "speed_limit": 2.7777777777777777, "tags": {}}, {"id": -2, "type": "shoulder", "width": 0.6500000000000004, "direction": "forward", "marking": null, "speed_limit": null, "tags": {}}, {"id": -3, "type": "sidewalk", "width": 2.0, "direction": "forward", "marking": null, "speed_limit": null, "tags": {}}]}}, {"type": "Feature", "geometry": {"type": "LineString", "coordinates": [[107.46835059048601, -21.34043601897022, 26.63928777167532], [111.201295530448, -21.087617661238593, 26.634007696814678]]}, "properties": {"id": "r70", "name": "Carrer del Consell de Cent", "highway": "living_street", "osm_way_ids": [1112878654], "junction_id": null, "predecessor": {"element": "road", "id": "r52", "contact": "end"}, "successor": {"element": "road", "id": "r69", "contact": "start"}, "center_marking": {"kind": "solid", "color": "white", "width": 0.12}, "tags": {"lit": "yes", "maxspeed": "10", "oneway": "yes", "surface": "paving_stones", "width": "6", "oneway_road": true, "reversed": false, "canyon_fraction": [0.0, 0.71], "cross_section_source": "tags", "taper": true, "width_source": "taper"}, "lanes": [{"id": 1, "type": "sidewalk", "width": 2.0, "direction": "forward", "marking": null, "speed_limit": null, "tags": {}}, {"id": -1, "type": "driving", "width": 3.9749999999999996, "direction": "forward", "marking": {"kind": "solid", "color": "white", "width": 0.12}, "speed_limit": 2.7777777777777777, "tags": {}}, {"id": -2, "type": "sidewalk", "width": 2.0, "direction": "forward", "marking": null, "speed_limit": null, "tags": {}}]}}, {"type": "Feature", "geometry": {"type": "LineString", "coordinates": [[181.71498904225533, 53.33718608370861, 26.706713448634492], [184.59818116091313, 56.21652872329176, 26.659895448352714]]}, "properties": {"id": "r71", "name": "Carrer del Consell de Cent", "highway": "living_street", "osm_way_ids": [1240777463], "junction_id": null, "predecessor": {"element": "road", "id": "r50", "contact": "end"}, "successor": {"element": "road", "id": "r72", "contact": "start"}, "center_marking": {"kind": "solid", "color": "white", "width": 0.12}, "tags": {"cycleway:both": "no", "lit": "yes", "maxspeed": "10", "oneway": "yes", "surface": "paving_stones", "width": "5.2", "oneway_road": true, "reversed": false, "canyon_fraction": [0.5, 0.83], "cross_section_source": "tags", "taper": true, "width_source": "taper"}, "lanes": [{"id": 1, "type": "sidewalk", "width": 2.0, "direction": "forward", "marking": null, "speed_limit": null, "tags": {}}, {"id": -1, "type": "driving", "width": 4.0, "direction": "forward", "marking": {"kind": "solid", "color": "white", "width": 0.12}, "speed_limit": 2.7777777777777777, "tags": {}}, {"id": -2, "type": "shoulder", "width": 0.7333333333333334, "direction": "forward", "marking": null, "speed_limit": null, "tags": {}}, {"id": -3, "type": "sidewalk", "width": 2.0, "direction": "forward", "marking": null, "speed_limit": null, "tags": {}}]}}, {"type": "Feature", "geometry": {"type": "LineString", "coordinates": [[184.85728039075315, 55.9570830959616, 26.666334177238532], [187.74047250941095, 58.83642573554475, 26.626283312884333]]}, "properties": {"id": "r72", "name": "Carrer del Consell de Cent", "highway": "living_street", "osm_way_ids": [1240777463], "junction_id": null, "predecessor": {"element": "road", "id": "r71", "contact": "end"}, "successor": {"element": "road", "id": "r51", "contact": "start"}, "center_marking": {"kind": "solid", "color": "white", "width": 0.12}, "tags": {"cycleway:both": "no", "lit": "yes", "maxspeed": "10", "oneway": "yes", "surface": "paving_stones", "width": "5.2", "oneway_road": true, "reversed": false, "canyon_fraction": [0.5, 0.83], "cross_section_source": "tags", "taper": true, "width_source": "taper"}, "lanes": [{"id": 1, "type": "sidewalk", "width": 2.0, "direction": "forward", "marking": null, "speed_limit": null, "tags": {}}, {"id": -1, "type": "driving", "width": 4.0, "direction": "forward", "marking": {"kind": "solid", "color": "white", "width": 0.12}, "speed_limit": 2.7777777777777777, "tags": {}}, {"id": -2, "type": "sidewalk", "width": 2.0, "direction": "forward", "marking": null, "speed_limit": null, "tags": {}}]}}, {"type": "Feature", "geometry": {"type": "LineString", "coordinates": [[-202.0236718249971, -159.41971338574962, 29.06769650500334], [-202.74303572427473, -158.72507997153153, 29.09253791100933], [-203.46243744076722, -158.0304857230081, 29.11737945294656], [-204.18187349331131, -157.33592703858082, 29.142221118245114], [-204.90134040127765, -156.6414003161349, 29.167062894353514], [-205.62083468451675, -155.94690195309195, 29.191904768736872], [-206.34035286330513, -155.25242834646207, 29.216746728875002], [-207.05989145829122, -154.5579758928965, 29.241588762260562], [-207.77944699044124, -153.86354098873977, 29.266430856397186], [-208.4990159809853, -153.16912003008207, 29.291272998797602], [-209.218594951363, -152.47470941281142, 29.31611517698178], [-209.93818042316957, -151.78030553266606, 29.34095737847505], [-210.6577689181015, -151.08590478528654, 29.365799590806247], [-211.37735695326185, -150.391503561459, 29.390641801489185], [-212.09694104569974, -149.69709825192808, 29.41548399803727], [-212.8165177171578, -149.00268525242518, 29.440326167978835], [-213.53608348919548, -148.30826095872317, 29.465168298837973], [-214.25563488320228, -147.61382176675838, 29.49001037813292], [-214.97516842034383, -146.91936407268332, 29.514852393374184], [-215.69468062150773, -146.22488427291853, 29.53969433206268], [-216.41416800724932, -145.53037876420518, 29.564536181687853], [-217.1336270977379, -144.83584394365724, 29.589377929725803], [-217.85305441270236, -144.1412762088138, 29.614219563637445], [-218.29067337253724, -143.71874503212103, 29.629330955575774]]}, "properties": {"id": "j1c1", "name": "Rambla de Catalunya", "highway": "residential", "osm_way_ids": [], "junction_id": "j1", "predecessor": {"element": "road", "id": "r18", "contact": "end"}, "successor": {"element": "road", "id": "r19", "contact": "start"}, "center_marking": null, "tags": {"turn": "through", "from_lane": -1, "to_lane": -1, "to_road": "r19"}, "lanes": [{"id": -1, "type": "driving", "width": 4.0, "direction": "forward", "marking": null, "speed_limit": 8.333333333333334, "tags": {"turn": "through"}}]}}, {"type": "Feature", "geometry": {"type": "LineString", "coordinates": [[-202.0236718249971, -159.41971338574962, 29.06769650500334], [-202.80369077555184, -158.79658352062887, 29.092621658318507], [-203.70353850100673, -158.3668980847554, 29.11690554805228], [-204.686145300503, -158.2005502481161, 29.138740943046404], [-205.67815498223857, -158.3039912506705, 29.156589979822293], [-206.62546485569584, -158.61973991894368, 29.170280595068412], [-207.51236392746287, -159.0801091086749, 29.180551162134858], [-208.3427721877781, -159.63659253853933, 29.188228396354265], [-209.12582795261144, -160.25822051902816, 29.193970216864074], [-209.87034046825949, -160.92566020546818, 29.198248196003277], [-210.58361183385628, -161.62645299324308, 29.201398089056763], [-211.2717141019354, -162.35200894173857, 29.203671730334662], [-211.93944794980922, -163.09637403720845, 29.205255279972533], [-212.5907785090218, -163.855147171321, 29.20629451084308], [-213.22898461811695, -164.62500051154538, 29.206905149280587], [-213.85695314252973, -165.40323230348017, 29.207185558446792], [-214.47725635518023, -166.18759081890383, 29.207220976970717], [-215.09224881293804, -166.97612233535787, 29.207087768294553], [-215.70418863300668, -167.76702634667453, 29.206858036590795], [-216.3153312827886, -168.55854680303534, 29.206603146826826], [-216.92802739679536, -169.34886471508918, 29.206397302691666], [-217.54483170103038, -170.1359785707796, 29.206321530687347], [-218.16863165869663, -170.91755592757755, 29.206468496455788], [-218.8029408587069, -171.69062085502716, 29.20695308846496], [-219.452053907801, -172.45128314767848, 29.20791964076828], [-220.1217035442548, -173.1938998216817, 29.209567778112923], [-220.70742421006008, -173.79942681072714, 29.21168979214722]]}, "properties": {"id": "j1c2", "name": "Rambla de Catalunya", "highway": "residential", "osm_way_ids": [], "junction_id": "j1", "predecessor": {"element": "road", "id": "r18", "contact": "end"}, "successor": {"element": "road", "id": "r57", "contact": "start"}, "center_marking": null, "tags": {"turn": "left", "from_lane": -1, "to_lane": -1, "to_road": "r57"}, "lanes": [{"id": -1, "type": "driving", "width": 4.0, "direction": "forward", "marking": null, "speed_limit": 8.333333333333334, "tags": {"turn": "left"}}]}}, {"type": "Feature", "geometry": {"type": "LineString", "coordinates": [[-198.025417693454, -134.02450968881863, 29.01274453662941], [-198.73132204052774, -134.7328165649134, 29.0457770562955], [-199.4397550187096, -135.4385932337503, 29.078898240124538], [-200.15239193957652, -136.14012336504447, 29.112167457719206], [-200.87057647383673, -136.8359712588413, 29.145633238524468], [-201.595461004275, -137.52483469459963, 29.179338301264497], [-202.3281872485762, -138.20534866499074, 29.213326123338103], [-203.0697978206249, -138.87616678113957, 29.247637952567068], [-203.82151018560745, -139.53564121449648, 29.28232311074478], [-204.58445846735702, -140.18207804374424, 29.31742998588925], [-205.35993712121126, -140.81342216515912, 29.35301571418977], [-206.1494814821037, -141.42707542159806, 29.389150503344496], [-206.9546278152773, -142.02009550685776, 29.4259098778341], [-207.77722381649963, -142.58864207407257, 29.44068735943228], [-208.61924746299084, -143.1279698499833, 29.448857522315116], [-209.4830414172023, -143.63164483901323, 29.4580056485113], [-210.37083842527116, -144.09160759901636, 29.46830010248149], [-211.28496376406454, -144.49656716983483, 29.479961019177665], [-212.2267473290201, -144.8319100145103, 29.49324038343994], [-213.19577036589985, -145.07700048707633, 29.508448994738355], [-214.18672801322873, -145.2054969028519, 29.525890071796685], [-215.18540009364898, -145.1864006564817, 29.54576404234317], [-216.16454467272845, -144.99100652064303, 29.567980591635113], [-217.08622851108152, -144.607532077785, 29.59197819225499], [-217.91567826168784, -144.05164222920934, 29.61683295424799], [-218.29067337253724, -143.71874503212103, 29.629330955575774]]}, "properties": {"id": "j1c3", "name": "Carrer d'Arag\u00f3", "highway": "primary", "osm_way_ids": [], "junction_id": "j1", "predecessor": {"element": "road", "id": "r55", "contact": "end"}, "successor": {"element": "road", "id": "r19", "contact": "start"}, "center_marking": null, "tags": {"turn": "right", "from_lane": -5, "to_lane": -1, "to_road": "r19"}, "lanes": [{"id": -1, "type": "driving", "width": 3.7211281907316414, "direction": "forward", "marking": null, "speed_limit": 13.88888888888889, "tags": {"turn": "right"}}]}}, {"type": "Feature", "geometry": {"type": "LineString", "coordinates": [[-187.4739237706294, -144.5228284202308, 29.01274453662941], [-188.20075584499787, -145.20943045652905, 29.016379661190562], [-188.96265291603785, -145.85698681619462, 29.02130583979959], [-189.7509980756898, -146.47212605719903, 29.02725166804322], [-190.55962697259156, -147.06037989149536, 29.034010779655446], [-191.38412263843207, -147.62620134913675, 29.0414277409329], [-192.22119174182538, -148.1732651930912, 29.049381178170623], [-193.06835210731043, -148.70457927113625, 29.05777593013379], [-193.92367259612712, -149.2226626529977, 29.06653519462965], [-194.7855894503246, -149.72970131204463, 29.07559452126882], [-195.65281342885726, -150.22761193420615, 29.084899004457533], [-196.52426020104627, -150.71809688710002, 29.09440106900122], [-197.39899726677262, -151.2026915388289, 29.10405869797858], [-198.2762025370011, -151.68280536403228, 29.113833985257717], [-199.1551373907157, -152.15974648430574, 29.123692227909473], [-200.0350913049878, -152.6348053519225, 29.133599547014168], [-200.91538761490574, -153.1092296380082, 29.143523388790694], [-201.79535312989165, -153.58426702690278, 29.153431267367264], [-202.67428752645523, -154.06120894556383, 29.163289488714295], [-203.55145765643894, -154.54138681249003, 29.17306309704712], [-204.4260547813873, -155.02623368568595, 29.18271408339097], [-205.29716196021013, -155.517320815651, 29.192200181145573], [-206.16371093097678, -156.0164036663127, 29.201473309318267], [-207.0244260792334, -156.52547635803802, 29.210477632393047], [-207.87774977040397, -157.04683683742465, 29.219147089019707], [-208.7216695156375, -157.5832751664466, 29.22739909285039], [-209.55362018148497, -158.1380798758918, 29.23513251716196], [-210.3700308759851, -158.7154852348591, 29.24221189725586], [-211.16597128989798, -159.3207554350865, 29.248459195635096], [-211.93443756282042, -159.96048074963022, 29.25363522320289], [-212.66439430770302, -160.64370144370434, 29.25738387887916], [-213.33878576946503, -161.3816016993227, 29.259197890434837], [-213.92889055511029, -162.18806850873688, 29.258299500140865], [-214.38683471688603, -163.07542752782132, 29.253559605296164], [-214.64038520290748, -164.03992781333275, 29.243620078187636], [-214.6164307755851, -165.035876351485, 29.227753962224966], [-214.30821753163917, -165.98390556142942, 29.20705580200088], [-213.78400184056406, -166.83341855408693, 29.183645933205494], [-213.04416850052536, -167.65672527602925, 29.156414051120343]]}, "properties": {"id": "j1c4", "name": "Carrer d'Arag\u00f3", "highway": "primary", "osm_way_ids": [], "junction_id": "j1", "predecessor": {"element": "road", "id": "r55", "contact": "end"}, "successor": {"element": "road", "id": "r53", "contact": "start"}, "center_marking": null, "tags": {"turn": "left", "from_lane": -1, "to_lane": -1, "to_road": "r53"}, "lanes": [{"id": -1, "type": "driving", "width": 3.7211281907316414, "direction": "forward", "marking": null, "speed_limit": 13.88888888888889, "tags": {"turn": "left"}}]}}, {"type": "Feature", "geometry": {"type": "LineString", "coordinates": [[-187.4739237706294, -144.5228284202308, 29.01274453662941], [-188.18224831035184, -145.22871119440924, 29.015718761442994], [-188.89637205512736, -145.92872684269537, 29.018897379111323], [-189.6159828074909, -146.6231009990261, 29.02227078096421], [-190.3407730641942, -147.3120673589856, 29.025829325734584], [-191.0704401522763, -147.99586699455597, 29.029563352819494], [-191.80468630171876, -148.6747477008196, 29.033463193803904], [-192.54321865962513, -149.34896337646344, 29.037519182315542], [-193.2857492508166, -150.0187734392366, 29.041721662288897], [-194.0319948896244, -150.68444227687817, 29.046060994724105], [-194.78167704749688, -151.34623873346789, 29.05052756303199], [-195.5345216808387, -152.00443563064985, 29.055111777060347], [-196.290259023272, -152.65930932274273, 29.05980407589886], [-197.0486233462642, -153.31113928437028, 29.064594929561153], [-197.80935269181325, -153.9602077289201, 29.069474839642417], [-198.57218858062765, -154.60679925586285, 29.07443433905049], [-199.3368756989883, -155.25120052473338, 29.079463990906802], [-200.10316156724224, -155.89369995338177, 29.084554386712046], [-200.87079619265486, -156.53458743794525, 29.089696143869407], [-201.6395317091449, -157.1741540918644, 29.094879902656224], [-202.40912200624317, -157.812692001165, 29.100096322732924], [-203.17932234946093, -158.45049399314712, 29.1053360792763], [-203.9498889941221, -159.0878534155634, 29.11058985882247], [-204.7205787946104, -159.72506392332295, 29.115848354903623], [-205.49114881090944, -160.36241926972806, 29.121102263561625], [-206.26135591426674, -161.00021309923434, 29.126342278820886], [-207.0309563938005, -161.63873873871754, 29.13155908820278], [-207.79970556587915, -162.27828898423934, 29.136743368364073], [-208.567357388152, -162.91915588031983, 29.141885780942278], [-209.33366408018026, -163.5616304887569, 29.146976968692087], [-210.09837485819642, -164.20600370269065, 29.15200751809586], [-210.86123782520608, -164.8525633068022, 29.156968041865422], [-211.62199798984204, -165.50159565429337, 29.1618491141775], [-212.38039704398628, -166.15338523101494, 29.1666412730522], [-213.136173219587, -166.80821412837784, 29.17133502569431], [-213.88906099667446, -167.4663616921018, 29.175920848199027], [-214.63879083580116, -168.12810414225422, 29.180389186180367], [-215.38508893832577, -168.79371416260966, 29.18473045641974], [-216.1276770382116, -169.46346045763605, 29.188935049632793], [-216.86627222926523, -170.13760727573563, 29.19299333445275], [-217.60058683198204, -170.81641389774697, 29.196895662727247], [-218.33032830439595, -171.50013409014812, 29.20063237622357], [-219.05519920152904, -172.18901552289955, 29.204193814833314], [-219.77489718820095, -172.88329915242662, 29.20757032636205], [-220.48911511006926, -173.58321857087128, 29.21075227798206], [-220.70742421006008, -173.79942681072714, 29.21168979214722]]}, "properties": {"id": "j1c5", "name": "Carrer d'Arag\u00f3", "highway": "primary", "osm_way_ids": [], "junction_id": "j1", "predecessor": {"element": "road", "id": "r55", "contact": "end"}, "successor": {"element": "road", "id": "r57", "contact": "start"}, "center_marking": null, "tags": {"turn": "through", "from_lane": -1, "to_lane": -1, "to_road": "r57"}, "lanes": [{"id": -1, "type": "driving", "width": 3.7211281907316414, "direction": "forward", "marking": null, "speed_limit": 13.88888888888889, "tags": {"turn": "through"}}]}}, {"type": "Feature", "geometry": {"type": "LineString", "coordinates": [[-190.11179725133553, -141.89824873737777, 29.01274453662941], [-190.81967972618156, -142.60457595787952, 29.021855789151772], [-191.53251128492244, -143.3059084425001, 29.031141282751992], [-192.25003110428293, -144.00244396302486, 29.040592846642912], [-192.97198193976814, -144.69438597058073, 29.05020229239433], [-193.69811017482377, -145.3819431348084, 29.059961422022035], [-194.42816583185675, -146.0653289044731, 29.069862034997406], [-195.16190254803476, -146.7447610901986, 29.079895934224357], [-195.8990775187255, -147.42046146965853, 29.090054931034427], [-196.63945141135758, -148.09265541524147, 29.10033084925453], [-197.38278825238064, -148.76157154392297, 29.110715528403865], [-198.12885528988912, -149.42744138882406, 29.121200826078397], [-198.87742283434366, -150.0904990917141, 29.131778619582143], [-199.62826407969428, -150.75098111552137, 29.142440806864883], [-200.38115490707267, -151.40912597574692, 29.153179306825905], [-201.1358736730883, -152.06517398953224, 29.163986059043012], [-201.8922009846323, -152.71936704100952, 29.168700547735504], [-202.64991946197028, -153.37194836145912, 29.173467124376504], [-203.40881349179034, -154.02316232271286, 29.178277885659092], [-204.16866897176644, -154.67325424217097, 29.18312484175881], [-204.92927304810516, -155.32247019774246, 29.188000015571625], [-205.690413847463, -155.9710568509731, 29.192895440192498], [-206.45188022270844, -156.6192612552548, 29.197803156896036], [-207.21346128985655, -157.2673309104665, 29.20271520521348], [-207.97494625135678, -157.91551348137114, 29.20762362382163], [-208.736124407893, -158.5640562941176, 29.212520458557837], [-209.49678466131076, -159.21320643143267, 29.217397751203393], [-210.25671523905075, -159.86321056714527, 29.222247536639237], [-211.01570342155762, -160.51431479627539, 29.22706184012852], [-211.7735352739259, -161.16676445888913, 29.231832674778634], [-212.52999538309606, -161.8208039559475, 29.232499984836295], [-213.28486660197964, -162.47667655541164, 29.23170749091776], [-214.03792980197088, -163.13462418691316, 29.23084747340289], [-214.78896363539576, -163.79488722335392, 29.229911876910087], [-215.53774430955124, -164.45770424787182, 29.228892625790632], [-216.28404537410262, -165.12331180469195, 29.22778162381208], [-217.02763752372826, -165.79194413248658, 29.226570754410993], [-217.76828841802953, -166.46383287898726, 29.225251881573936], [-218.5057625208583, -167.13920679573624, 29.223816851406156], [-219.2398209613462, -167.81829141202866, 29.2222574944474], [-219.9702214190542, -168.50130868729093, 29.22056562879383], [-220.69671803578646, -169.1884766413592, 29.218733064084308], [-221.41906135673034, -169.8800089623711, 29.216751606407495], [-222.13699829259696, -170.57611460362835, 29.21461306379135], [-222.85026880418428, -171.2770007050864, 29.212309136130504], [-223.03268395358984, -171.45781046189458, 29.21168979214722]]}, "properties": {"id": "j1c6", "name": "Carrer d'Arag\u00f3", "highway": "primary", "osm_way_ids": [], "junction_id": "j1", "predecessor": {"element": "road", "id": "r55", "contact": "end"}, "successor": {"element": "road", "id": "r57", "contact": "start"}, "center_marking": null, "tags": {"turn": "through", "from_lane": -2, "to_lane": -2, "to_road": "r57"}, "lanes": [{"id": -1, "type": "driving", "width": 3.7211281907316414, "direction": "forward", "marking": null, "speed_limit": 13.88888888888889, "tags": {"turn": "through"}}]}}, {"type": "Feature", "geometry": {"type": "LineString", "coordinates": [[-192.7496707320417, -139.27366905452473, 29.01274453662941], [-193.45710780514503, -139.98044333453277, 29.027992719379153], [-194.16863817687985, -140.6830967792731, 29.043384856378538], [-194.88405107507492, -141.3817969653657, 29.058914224855375], [-195.60313828301523, -142.0767152170584, 29.074574094195167], [-196.32569413923076, -142.76802631903485, 29.090357730377796], [-197.05151551659648, -143.455908242125, 29.106258399808993], [-197.78040178227732, -144.14054188205466, 29.122269372574486], [-198.51215474001407, -144.8221108112186, 29.138383925146496], [-199.24657855619742, -145.50080104332358, 29.154595342573273], [-199.98347967112448, -146.1768008106233, 29.170896920183445], [-200.7226666967721, -146.8503003533572, 29.187281964837272], [-201.46395030236124, -147.52149172090475, 29.203743795757404], [-202.20714308892275, -148.19056858408175, 29.22027574497173], [-202.9520594540127, -148.85772605792815, 29.23687115740088], [-203.6985154476637, -149.52316053427134, 29.25352339062285], [-204.44632862059956, -150.18706952329117, 29.257920798450584], [-205.19531786568487, -150.84965150326533, 29.262361638841497], [-205.94530325352895, -151.5111057776313, 29.266839441748424], [-206.69610586311612, -152.17163233846756, 29.271347607759086], [-207.44754760829298, -152.83143173546736, 29.27587954520828], [-208.19945106090626, -153.49070494945565, 29.280428668665824], [-208.95163927135465, -154.14965326948177, 29.284988397318575], [-209.70393558729387, -154.80847817250628, 29.289552153276112], [-210.45616347121734, -155.46738120469072, 29.294113359829595], [-211.2081463176223, -156.1265638632941, 29.298665439693124], [-211.95970726218619, -156.78622748760583, 29.303201812948757], [-212.71066851694903, -157.44657368794694, 29.307715877380925], [-213.4608524583532, -158.10780277952253, 29.312201054018495], [-214.2100803997503, -158.77011485375687, 29.316650746508113], [-214.95817269134045, -159.43370933586053, 29.312456533556336], [-215.70494854988422, -160.0987848497747, 29.30591069132718], [-216.45022589320916, -160.76553907692931, 29.299309520145535], [-217.19382118037117, -161.4341686079121, 29.292646382680797], [-217.93554925837756, -162.1048687861775, 29.28591462927782], [-218.67522321642886, -162.7778335429648, 29.279107597651166], [-219.41265424869178, -163.4532552226423, 29.272218612894605], [-220.14765152667272, -164.13132439774853, 29.26524098783813], [-220.88002208232407, -164.81222967306599, 29.258168023784886], [-221.60957070307532, -165.49615747813627, 29.250993011660572], [-222.33609984004573, -166.18329184771008, 29.243709233607717], [-223.05940953075597, -166.8738141897206, 29.236309965057067], [-223.77929733771524, -167.56790304047738, 29.228788477307674], [-224.4955583043158, -168.2657338068982, 29.221138040646547], [-225.3579436971196, -169.11619411306202, 29.21168979214722]]}, "properties": {"id": "j1c7", "name": "Carrer d'Arag\u00f3", "highway": "primary", "osm_way_ids": [], "junction_id": "j1", "predecessor": {"element": "road", "id": "r55", "contact": "end"}, "successor": {"element": "road", "id": "r57", "contact": "start"}, "center_marking": null, "tags": {"turn": "through", "from_lane": -3, "to_lane": -3, "to_road": "r57"}, "lanes": [{"id": -1, "type": "driving", "width": 3.7211281907316414, "direction": "forward", "marking": null, "speed_limit": 13.88888888888889, "tags": {"turn": "through"}}]}}, {"type": "Feature", "geometry": {"type": "LineString", "coordinates": [[-195.38754421274783, -136.64908937167166, 29.01274453662941], [-196.09453371128305, -137.35631213985474, 29.03412959090344], [-196.8047551518732, -138.0602893052967, 29.055628182292615], [-197.518046432729, -138.76115593834606, 29.077235044711664], [-198.2342471072132, -139.4590493556287, 29.098944909794632], [-198.95319836355253, -140.1541089594213, 29.120752508980924], [-199.6747429948488, -140.84647608370656, 29.142652575307793], [-200.39872536007744, -141.53629384686315, 29.164639844923382], [-201.12499133674027, -142.22370701089125, 29.186709058335136], [-201.85338826581875, -142.90886184702364, 29.208854961408417], [-202.5837648896496, -143.5919060075288, 29.231072306130624], [-203.31597128332172, -144.27298840347103, 29.253355851156147], [-204.04985878016774, -144.95225908815786, 29.27570036214763], [-204.78527989189908, -145.62986914597192, 29.298100611928927], [-205.52208822390998, -146.3059705862565, 29.320551380465222], [-206.26013838625184, -146.9807162418989, 29.343047454685678], [-206.999285900757, -147.65425967223388, 29.34712602480832], [-207.73938710477069, -148.32675506987036, 29.351239364218124], [-208.48029905192948, -148.99835717102852, 29.355382407662546], [-209.22187941040863, -149.6692211689597, 29.359549965603552], [-209.96398635904262, -150.33950263001176, 29.36373685274673], [-210.7064784817124, -151.00935741189016, 29.367937887234383], [-211.44921466037917, -151.67894158366025, 29.37214788978518], [-212.19205396713716, -152.34841134702808, 29.376361682794794], [-212.9348555556496, -153.01792295843447, 29.380574089411905], [-213.67747855232957, -153.68763265149317, 29.384779932603823], [-214.4197819476243, -154.35769655930375, 29.388974034226155], [-215.1616244877622, -155.02827063617, 29.39315121411067], [-215.9028645673261, -155.69951057825637, 29.397306289185803], [-216.64336012302047, -156.37157174271914, 29.401434072644154], [-217.3829685290088, -157.04460906485394, 29.391958325121706], [-218.12154649420816, -157.71877697280732, 29.379658832251764], [-218.8589499619394, -158.39422929941094, 29.36731645809494], [-219.59503329230617, -159.07111997205695, 29.354925967899547], [-220.3296511907495, -159.74960071450295, 29.342482167757595], [-221.0626567342706, -160.4298230034032, 29.32997983564329], [-221.79390186267358, -161.1119373324064, 29.317413742432826], [-222.52323729816024, -161.79609310166666, 29.30477865203603], [-223.25051246826143, -162.4824385040642, 29.29206932164424], [-223.97557543440846, -163.17112040589453, 29.27928050217426], [-224.69827282670414, -163.86228422174122, 29.266406938923755], [-225.41844978547925, -164.55607378328, 29.253443372453518], [-226.13594991024357, -165.25263120180065, 29.240384539711737], [-226.85061521666464, -165.9520967242761, 29.227225175415448], [-227.68320344064935, -166.77457776422946, 29.21168979214722]]}, "properties": {"id": "j1c8", "name": "Carrer d'Arag\u00f3", "highway": "primary", "osm_way_ids": [], "junction_id": "j1", "predecessor": {"element": "road", "id": "r55", "contact": "end"}, "successor": {"element": "road", "id": "r57", "contact": "start"}, "center_marking": null, "tags": {"turn": "through", "from_lane": -4, "to_lane": -4, "to_road": "r57"}, "lanes": [{"id": -1, "type": "driving", "width": 3.7211281907316414, "direction": "forward", "marking": null, "speed_limit": 13.88888888888889, "tags": {"turn": "through"}}]}}, {"type": "Feature", "geometry": {"type": "LineString", "coordinates": [[-198.025417693454, -134.02450968881863, 29.01274453662941], [-198.73195764926868, -134.73218216051455, 29.04026640864369], [-199.4408629757287, -135.43748518358464, 29.067871283848262], [-200.15201877012504, -136.14051905857707, 29.095555359005758], [-200.86531104446516, -136.84138523606006, 29.123314831031447], [-201.58062670456096, -137.54018624119212, 29.151145897749625], [-202.29785352553623, -138.23702560100634, 29.179044758537746], [-203.01688012399202, -138.93200777435166, 29.207007614863954], [-203.7375959270601, -139.62523808441998, 29.23503067072361], [-204.45989113856825, -140.3168226537752, 29.263110132980465], [-205.183656702534, -141.00686834178885, 29.29124221161827], [-205.90878426419656, -141.69548268437572, 29.319423119908514], [-206.63516612878794, -142.38277383591438, 29.34764907450011], [-207.3626952182396, -143.06885051322755, 29.375916295436696], [-208.09126502601228, -143.7538219414906, 29.40422100610734], [-208.82076957023068, -144.43779780192904, 29.432559433136397], [-209.55110334529945, -145.1208881811594, 29.43631758738898], [-210.28216127216947, -145.80320352202344, 29.44010182747975], [-211.01383864741976, -146.4848545757599, 29.44390848102639], [-211.74603109131448, -147.16595235535456, 29.44773378552202], [-212.47863449499084, -147.84660808990543, 29.451573980429263], [-213.21154496692952, -148.52693317983778, 29.45542530682314], [-213.9446587788565, -149.2070391528001, 29.45928400701231], [-214.67787231122264, -149.88703762007145, 29.463146324144105], [-215.41108199840482, -150.56704023330886, 29.467008501798848], [-216.14418427377248, -151.24715864146168, 29.47086678357898], [-216.87707551476115, -151.92750444768117, 29.474717412698364], [-217.60965198809586, -152.60818916605172, 29.478556631577305], [-218.34180979530774, -153.2893241779721, 29.48238068144871], [-219.07344481868745, -153.97102068801502, 29.486185801980913], [-219.80445266782255, -154.65338967909526, 29.471086952957876], [-220.53472862686735, -155.33654186677865, 29.453033439354382], [-221.26416760269717, -156.02058765256604, 29.434949702964488], [-221.99266407410312, -156.70563707598984, 29.416831973992554], [-222.720112042187, -157.3917997653645, 29.398676479634478], [-223.44640498212166, -158.07918488703538, 29.380479443916453], [-224.17143579644681, -158.76790109297653, 29.362237087589392], [-224.89509677007624, -159.45805646659252, 29.34394562808467], [-225.61727952719832, -160.1497584665864, 29.325601279536812], [-226.3378749902591, -160.8431138687613, 29.30720025287904], [-227.05677334122223, -161.53822870563383, 29.28873875601718], [-227.77386397916246, -162.23520821005025, 29.27021299387013], [-228.48903476129595, -162.93415749001653, 29.251619143091], [-229.2021740990938, -163.6351792818682, 29.232953427869973], [-230.0084631841791, -164.4329614153969, 29.21168979214722]]}, "properties": {"id": "j1c9", "name": "Carrer d'Arag\u00f3", "highway": "primary", "osm_way_ids": [], "junction_id": "j1", "predecessor": {"element": "road", "id": "r55", "contact": "end"}, "successor": {"element": "road", "id": "r57", "contact": "start"}, "center_marking": null, "tags": {"turn": "through", "from_lane": -5, "to_lane": -5, "to_road": "r57"}, "lanes": [{"id": -1, "type": "driving", "width": 3.7211281907316414, "direction": "forward", "marking": null, "speed_limit": 13.88888888888889, "tags": {"turn": "through"}}]}}, {"type": "Feature", "geometry": {"type": "LineString", "coordinates": [[-227.83788974087886, -153.31063507580032, 29.66821991378214], [-227.11350834633964, -154.00003417786584, 29.643361058714312], [-226.39070493118388, -154.69108759466639, 29.618507565344757], [-225.6693348356658, -155.38363712929842, 29.593659043235064], [-224.9492524084245, -156.07752547481678, 29.56881506874842], [-224.2303111205794, -156.7725961344954, 29.543975188519155], [-223.5123636761599, -157.4686933380022, 29.51913892291354], [-222.7952621192449, -158.1656619540058, 29.494305769481258], [-222.0788579382051, -158.86334739971454, 29.469475206397497], [-221.36300216745786, -159.56159554783588, 29.444646695896175], [-220.64754548715655, -160.26025263143046, 29.419819687695185], [-219.9323383212477, -160.95916514712613, 29.394993622415026], [-219.2172308656818, -161.6581796869127, 29.370167934732166], [-218.5020729645102, -162.35714261413554, 29.345342055958803], [-217.7867148402576, -163.05590061292497, 29.320515419867974], [-217.0710068568532, -163.7543002484157, 29.295687464844494], [-216.35479960409367, -164.4521878561124, 29.27085763725114], [-215.63794399525324, -165.14940944467915, 29.24602539484507], [-214.92029136617936, -165.84581060022333, 29.22119021020026], [-214.20169357630965, -166.54123639253552, 29.196351574137363], [-213.48200311203618, -167.235531283757, 29.171508999162082], [-213.04416850052536, -167.65672527602925, 29.156414051120343]]}, "properties": {"id": "j1c10", "name": "Rambla de Catalunya", "highway": "residential", "osm_way_ids": [], "junction_id": "j1", "predecessor": {"element": "road", "id": "r56", "contact": "end"}, "successor": {"element": "road", "id": "r53", "contact": "start"}, "center_marking": null, "tags": {"turn": "through", "from_lane": -1, "to_lane": -1, "to_road": "r53"}, "lanes": [{"id": -1, "type": "driving", "width": 4.0, "direction": "forward", "marking": null, "speed_limit": 8.333333333333334, "tags": {"turn": "through"}}]}}, {"type": "Feature", "geometry": {"type": "LineString", "coordinates": [[-227.83788974087886, -153.31063507580032, 29.66821991378214], [-227.21481485810602, -154.0889034970975, 29.64397330984913], [-226.81300152164266, -155.00194076069133, 29.62198108412367], [-226.6191061202602, -155.98135926834905, 29.603038850399674], [-226.59497840904666, -156.98011463289185, 29.587125946158153], [-226.70363951288348, -157.973590698923, 29.573897952471373], [-226.91760887170093, -158.9500181474521, 29.562998062042197], [-227.21831630204574, -159.9034263868151, 29.510928758783137], [-227.593845393271, -160.82997188499078, 29.451000075479566], [-228.03666046747873, -161.72633153692945, 29.392856182219923], [-228.5439341364305, -162.58784867325335, 29.336514818984217], [-229.11619926433525, -163.4075799209096, 29.282096001781657], [-229.7583116600343, -164.17367608530452, 29.229881905481047], [-230.0084631841791, -164.4329614153969, 29.21168979214722]]}, "properties": {"id": "j1c11", "name": "Rambla de Catalunya", "highway": "residential", "osm_way_ids": [], "junction_id": "j1", "predecessor": {"element": "road", "id": "r56", "contact": "end"}, "successor": {"element": "road", "id": "r57", "contact": "start"}, "center_marking": null, "tags": {"turn": "right", "from_lane": -1, "to_lane": -5, "to_road": "r57"}, "lanes": [{"id": -1, "type": "driving", "width": 4.0, "direction": "forward", "marking": null, "speed_limit": 8.333333333333334, "tags": {"turn": "right"}}]}}, {"type": "Feature", "geometry": {"type": "LineString", "coordinates": [[-214.55004602255727, 29.260934065881408, 32.147819909816654], [-213.85947331532307, 29.98418960019419, 32.140192290939204], [-213.1760462864254, 30.714204266603204, 32.132744616250065], [-212.497954199486, 31.44917898648867, 32.125430142603044], [-211.82373512150482, 32.18770926038463, 32.11821176827844], [-211.15219612720782, 32.92867798652019, 32.11105960245276], [-210.48233306203176, 33.67116249459386, 32.10394871865106], [-209.81327225344944, 34.4143701425706, 32.09685756378572], [-209.14424221873344, 35.15760549866432, 32.08976716529199], [-208.47454782268323, 35.900242195670984, 32.08266043126381], [-207.80353878170334, 36.64169108717952, 32.07552133007607], [-207.13061523330865, 37.38140259723044, 32.06833499189546], [-206.45519642579646, 38.11883611287887, 32.06108690687963], [-205.7767153547558, 38.85345277404343, 32.05376276175624], [-205.09461003155363, 39.58470504437089, 32.046348191105466], [-204.40831536385485, 40.312026450285586, 32.03882853857748], [-203.71725542824427, 41.03482108413023, 32.03973133168749], [-203.02083497954936, 41.752451522661914, 32.040498014605525], [-202.31842051764775, 42.46421514339146, 32.041111117239424], [-201.60936489824974, 43.169361823274066, 32.04155250599534], [-200.8929702361073, 43.867049541837574, 32.04180218547152], [-200.16848920592642, 44.556334686126355, 32.04183818590949], [-199.43511715377895, 45.236150255587496, 32.04163617388492], [-198.69194235135996, 45.90523262270846, 32.04116785119912], [-197.93798455193496, 46.562136205455, 32.040401635997455], [-197.17222476318094, 47.20523816494126, 32.03930310051629], [-196.3934083471388, 47.83245816711227, 32.037828762069644], [-195.60026228264337, 48.44144643576227, 32.03593132263693], [-194.79134962423615, 49.02931676727567, 32.03355428346355], [-193.96507959473266, 49.592510832430584, 32.0305671108467], [-193.11977341818553, 50.12668253314322, 32.02694574511023], [-192.25354700715997, 50.626173046361444, 32.022599429370814], [-191.364746507078, 51.084221621326066, 32.01741739949786], [-190.4518036078742, 51.49192231664261, 32.01126143836942], [-189.51391240969565, 51.83821281637955, 32.00397425880008], [-188.55156743520655, 52.108875901225055, 31.995373004747027], [-187.56805690708936, 52.287217860050845, 31.98527709565955], [-186.57091095613868, 52.35395266176427, 31.973524939195215], [-185.57370276818173, 52.29093595582862, 31.96004629400072], [-184.59612792751537, 52.08482618270086, 31.944911961553764], [-183.6608627284192, 51.73363082124228, 31.928381254148785], [-182.78751408890994, 51.24832366810183, 31.910847247630386], [-181.98813150101097, 50.64865744186396, 31.89272452712335], [-181.18217546266763, 49.868193372583384, 31.87210555476188]]}, "properties": {"id": "j2c1", "name": "Carrer de Val\u00e8ncia", "highway": "tertiary", "osm_way_ids": [], "junction_id": "j2", "predecessor": {"element": "road", "id": "r5", "contact": "end"}, "successor": {"element": "road", "id": "r15", "contact": "start"}, "center_marking": null, "tags": {"turn": "right", "from_lane": -3, "to_lane": -2, "to_road": "r15"}, "lanes": [{"id": -1, "type": "driving", "width": 3.5, "direction": "forward", "marking": null, "speed_limit": 13.88888888888889, "tags": {"turn": "right"}}]}}, {"type": "Feature", "geometry": {"type": "LineString", "coordinates": [[-219.58381584919553, 34.12520804381751, 32.147819909816654], [-218.88914457001073, 34.84453535601196, 32.14863120857873], [-218.19491394711616, 35.56428796093725, 32.14945371799031], [-217.5011101344286, 36.28445199876704, 32.15028707919254], [-216.8077192618608, 37.005013634921, 32.151130933359774], [-216.1147274362135, 37.72595905932444, 32.15198492170101], [-215.42212074205713, 38.44727448565793, 32.152848685460974], [-214.729885242604, 39.168946150597826, 32.15372186592104], [-214.03800698057174, 39.89096031304758, 32.154604104399894], [-213.3464719790368, 40.61330325336044, 32.15549504225393], [-212.65526624228016, 41.33596127255385, 32.15639432087749], [-211.96437575662387, 42.05892069151577, 32.15730158170282], [-211.27378649126035, 42.78216785020382, 32.15821646619989], [-210.58348439907326, 43.50568910683668, 32.159138615876], [-209.8934554174513, 44.229470837078914, 32.16006767227517], [-209.20368546909498, 44.95349943321932, 32.161003276977375], [-208.51416046281648, 45.67776130334278, 32.16194507159766], [-207.82486629433313, 46.40224287049656, 32.16289269778499], [-207.13578884705493, 47.126930571850956, 32.16384579722106], [-206.4469139928662, 47.85181085785478, 32.164804011618884], [-205.75822759290196, 48.57687019138601, 32.16576698272131], [-205.06971549831914, 49.3020950468978, 32.16673435229937], [-204.3813635510632, 50.02747190956057, 32.16770576215054], [-203.6931575846303, 50.75298727439994, 32.16868085409684], [-203.00508342482559, 51.47862764543121, 32.16965926998296], [-202.31712689051764, 52.20437953479072, 32.170640651674134], [-201.6292737943898, 52.93022946186409, 32.17162464105407], [-200.94150994368846, 53.65616395241207, 32.17261088002274], [-200.25382114096874, 54.38216953769398, 32.1735990104941], [-199.56619318483806, 55.10823275358924, 32.17458867439382], [-198.87861187069757, 55.8343401397172, 32.175579513656864], [-198.1910629914823, 56.56047823855574, 32.17657117022517], [-197.5035323384002, 57.28663359455868, 32.17756328604517], [-196.81600570166984, 58.01279275327258, 32.178555503065354], [-196.12846887125855, 58.73894226045323, 32.17954746323383], [-195.44090763761946, 59.46506866118173, 32.18053880849587], [-194.75330779242975, 60.191158498981196, 32.18152918079143], [-194.06565512932875, 60.91719831493358, 32.18251822205275], [-193.37793544465765, 61.643174646797725, 32.18350557420192], [-192.69013453819994, 62.369074028128196, 32.184490879148484], [-192.00223821392416, 63.09488298739589, 32.185473778787156], [-191.31423228072822, 63.820588047110164, 32.18645391499547], [-190.6261025531864, 64.54617572294323, 32.18743092963156], [-189.93783485229906, 65.27163252285683, 32.18840446453204], [-189.24941500624547, 65.9969449462318, 32.18937416150985], [-188.56082885113997, 66.72209948300032, 32.1903396623523], [-187.8720622317923, 67.44708261278205, 32.19130060881913], [-187.18310100247157, 68.17188080402332, 32.1922566426407], [-186.49393102767544, 68.8964805131409, 32.193207405516304], [-185.80453818290357, 69.62086818366971, 32.19415253911258], [-185.1149083554366, 70.34503024541532, 32.19509168506205], [-184.42502744512058, 71.0689531136114, 32.19602448496181], [-183.73488136515738, 71.79262318808254, 32.19695058037236], [-183.0444559585697, 72.51602677189328, 32.19786961068269], [-182.3537372412653, 73.23915030168934, 32.19878121923756], [-181.66271117399762, 73.96198012862753, 32.19968504754954], [-180.97136373147927, 74.68450258266158, 32.200580737025135], [-180.27968090583096, 75.40670397424006, 32.20146792903083], [-179.58764870741416, 76.12857059350809, 32.202346264892995], [-178.8952531656719, 76.85008870951656, 32.203215385897956], [-178.20248032997773, 77.57124456943933, 32.204074933292276], [-177.509316270494, 78.29202439779918, 32.204924548283294], [-176.81574707903889, 79.01241439570217, 32.20576387203985], [-176.12175886996337, 79.73240074008159, 32.206592545693304], [-175.4273377810372, 80.45196958295102, 32.207410210338736], [-174.73246997434566, 81.17110705066767, 32.208216507036504], [-174.03714163719633, 81.88979924320569, 32.20901107681395], [-173.34133898303642, 82.60803223344064, 32.20979356066749], [-172.6450482523812, 83.32579206644444, 32.210563599564914], [-171.94825571375344, 84.0430647587924, 32.21132083444803], [-171.25094766463454, 84.75983629788159, 32.212064906235554], [-170.55311043242713, 85.47609264126193, 32.21279545582638], [-169.85473037542994, 86.19181971597972, 32.21351212410313], [-169.15579388382466, 86.90700341793439, 32.21421455193603], [-168.45628738067523, 87.62162961124871, 32.21490238018711], [-167.7561973229405, 88.33568412765307, 32.21557524971482], [-167.05551020249888, 89.049152765884, 32.21623280137892], [-166.35421254718696, 89.76202129109768, 32.21687467604577], [-165.65229092185123, 90.47427543429859, 32.217500514594], [-164.94973192941345, 91.18590089178393, 32.218109957920525], [-164.24652221194987, 91.89688332460412, 32.218702646947015], [-163.5426484517845, 92.60720835804013, 32.21927822262667], [-162.83809737259642, 93.3168615810977, 32.21983632595149], [-162.13285574054183, 94.02582854601903, 32.22037659795991], [-161.42691036539034, 94.73409476781292, 32.22089867974488], [-160.72024810167605, 95.44164572380282, 32.22140221246234], [-160.0128558498635, 96.1484668531943, 32.22188683734017], [-159.30472055752887, 96.85454355666182, 32.222352195687634], [-158.59582922055574, 97.55986119595552, 32.22279792890514], [-157.91502838621074, 98.23578667301882, 32.22320680376732]]}, "properties": {"id": "j2c2", "name": "Carrer de Val\u00e8ncia", "highway": "tertiary", "osm_way_ids": [], "junction_id": "j2", "predecessor": {"element": "road", "id": "r5", "contact": "end"}, "successor": {"element": "road", "id": "r25", "contact": "start"}, "center_marking": null, "tags": {"turn": "through", "from_lane": -1, "to_lane": -1, "to_road": "r25"}, "lanes": [{"id": -1, "type": "driving", "width": 3.5, "direction": "forward", "marking": null, "speed_limit": 13.88888888888889, "tags": {"turn": "through"}}]}}, {"type": "Feature", "geometry": {"type": "LineString", "coordinates": [[-217.0669309358764, 31.693071054849458, 32.147819909816654], [-216.3722600808757, 32.412398776612314, 32.144359784705024], [-215.67803075521337, 33.13215263272315, 32.14091089243666], [-214.9842290782325, 33.8523187280602, 32.13747287324761], [-214.29084114516206, 34.57288319285928, 32.13404536740723], [-213.59785302801365, 35.29383218196976, 32.13062801521963], [-212.9052507764675, 36.01515187410049, 32.12722045702475], [-212.21302041874966, 36.73682847105653, 32.12382233319932], [-211.52114796249916, 37.458848196966656, 32.12043328415748], [-210.8296193956266, 38.1811972975022, 32.11705295035123], [-210.13842068716372, 38.903862039087514, 32.11368097227066], [-209.44753778810463, 39.62682870810249, 32.11031699044388], [-208.75695663223902, 40.35008361007742, 32.10696064543688], [-208.0666631369774, 41.07361306888065, 32.1036115778531], [-207.37664320416917, 41.797403425899134, 32.10026942833284], [-206.68688272091333, 42.52144103921276, 32.09693383755249], [-205.99736756036256, 43.24571228276207, 32.097875880292335], [-205.3080835825207, 43.97020354551033, 32.09882376387908], [-204.6190166350345, 44.694901230600045, 32.09977712844353], [-203.93015255397896, 45.41979175450411, 32.100735614795454], [-203.24147716463784, 46.144861546172265, 32.10169886377457], [-202.55297628227896, 46.87009704617293, 32.10266651624889], [-201.86463571292447, 47.595484705830714, 32.10363821311291], [-201.17644125411712, 48.3210109863603, 32.104613595285834], [-200.48837869568231, 49.0466623579965, 32.105592303709535], [-199.80043382048655, 49.77242529912115, 32.106573979346535], [-199.11259240519237, 50.4982862953871, 32.10755826317787], [-198.42484022101075, 51.2242318388397, 32.10854479620089], [-197.73716303445045, 51.95024842703571, 32.10953321942696], [-197.04954660806533, 52.67632256216053, 32.11052317387917], [-196.3619767011997, 53.402440750143626, 32.11151430058996], [-195.67443907073232, 54.12858949977264, 32.11250624059869], [-194.98691947181902, 54.85475532180648, 32.11349863494924], [-194.29940365863442, 55.580924728087616, 32.11449112468751], [-193.61187738511362, 56.307084230654155, 32.11548335085901], [-192.9243264056934, 57.033220340851635, 32.116474954506344], [-192.2367364760538, 57.75931956844512, 32.11746557666678], [-191.54909335386046, 58.48536842073172, 32.11845485836977], [-190.86138279950774, 59.21135340165427, 32.119442440634565], [-190.17359057686346, 59.937261010915776, 32.120427964467794], [-189.48570245401498, 60.6630777430955, 32.121411070861136], [-188.79770420401783, 61.38879008676693, 32.122391400789], [-188.1095816056463, 62.11438452361772, 32.1233685952063], [-187.4213204441471, 62.83984752757206, 32.12434229504628], [-186.73290651199616, 63.56516556391582, 32.1253121412184], [-186.0443256096587, 64.29032508842478, 32.12627777460635], [-185.3555635463534, 65.01531254649608, 32.12723883606609], [-184.66660614082073, 65.74011437228367, 32.12819496642409], [-183.97743922209568, 66.46471698783743, 32.12914580647556], [-183.28804863028557, 67.18910680224693, 32.13009099698293], [-182.59842021735307, 67.91327021078965, 32.13103017867431], [-181.90853984790462, 68.63719359408442, 32.13196299224225], [-181.2183933999852, 69.3608633172501, 32.13288907834252], [-180.52796676587894, 70.08426572906984, 32.13380807759311], [-179.83724585291662, 70.80738716116163, 32.13471963057333], [-179.1462165842901, 71.53021392715497, 32.1356233778232], [-178.45486489987383, 72.25273232187443, 32.13651895984287], [-177.76317675705428, 72.97492862053008, 32.13740601709236], [-177.07113813156707, 73.69678907791558, 32.138284189991424], [-176.3787350183425, 74.41829992761387, 32.13915311891965], [-175.68595343235958, 75.13944738121103, 32.14001244421676], [-174.99277940950896, 75.86021762751861, 32.14086180618314], [-174.29919900746523, 76.58059683180508, 32.141700845080635], [-173.60519830656847, 77.30057113503604, 32.14252920113354], [-172.91076341071587, 78.02012665312448, 32.14334651452986], [-172.21588044826333, 78.73924947619086, 32.144152425422845], [-171.52053557293746, 79.45792566783359, 32.144946573932785], [-170.82471496475847, 80.17614126441022, 32.14572860014906], [-170.12840483097372, 80.89388227432993, 32.146498144132536], [-169.4315914070029, 81.61113467735747, 32.14725484591817], [-168.73426095739467, 82.32788442392922, 32.14799834551801], [-168.03639977679458, 83.04411743448132, 32.14872828292446], [-167.3379941909261, 83.75981959879103, 32.14944429811385], [-166.63903055758294, 84.4749767753309, 32.15014603105039], [-165.93949526763456, 85.18957479063688, 32.151324693013756], [-165.23937474604423, 85.90359943869016, 32.1562712452769], [-164.5386554529004, 86.61703648031397, 32.161202435145825], [-163.8373238844609, 87.32987164258475, 32.16611790258226], [-163.13536657421113, 88.04209061825928, 32.17101728756076], [-162.4327700939358, 88.75367906521724, 32.1759002300747], [-161.72952105480422, 89.46462260592006, 32.18076637014286], [-161.02560610847027, 90.17490682688678, 32.18561534781621], [-160.32101194524776, 90.88451727526639, 32.19044680310941], [-159.61572518096463, 91.5934393445182, 32.19526037305377], [-158.90973271330728, 92.30165862720644, 32.200055700881386], [-158.2030213670418, 93.00916056102868, 32.2048324268458], [-157.4955780131231, 93.71593054537168, 32.209590191273215], [-156.78738956988215, 94.42195394089651, 32.214328634571906], [-156.07844300422883, 95.12721606914424, 32.21904739724214], [-155.4503838877726, 95.75072580931374, 32.22320680376732]]}, "properties": {"id": "j2c3", "name": "Carrer de Val\u00e8ncia", "highway": "tertiary", "osm_way_ids": [], "junction_id": "j2", "predecessor": {"element": "road", "id": "r5", "contact": "end"}, "successor": {"element": "road", "id": "r25", "contact": "start"}, "center_marking": null, "tags": {"turn": "through", "from_lane": -2, "to_lane": -2, "to_road": "r25"}, "lanes": [{"id": -1, "type": "driving", "width": 3.5, "direction": "forward", "marking": null, "speed_limit": 13.88888888888889, "tags": {"turn": "through"}}]}}, {"type": "Feature", "geometry": {"type": "LineString", "coordinates": [[-214.55004602255727, 29.260934065881408, 32.147819909816654], [-213.85537563088852, 29.980262234997763, 32.14008836182788], [-213.16114763925202, 30.700017377716495, 32.13236806881512], [-212.46734813250612, 31.420185563717514, 32.12465867011169], [-211.77396317128657, 32.14075288815028, 32.1169598050844], [-211.08097879290762, 32.861705470886356, 32.109271113134874], [-210.38838101225312, 33.5830294557618, 32.101592233700785], [-209.69615582265786, 34.30471100981008, 32.09392280625671], [-209.0042891967797, 35.026736322486094, 32.08626247031482], [-208.31276708746213, 35.74909160488102, 32.07861086542533], [-207.62157542858859, 36.47176308892902, 32.07096763117667], [-206.9307001359278, 37.19473702660586, 32.0633324071955], [-206.2401271079712, 37.917999689119675, 32.05570483314654], [-205.5498422267626, 38.64153736609471, 32.04808454873213], [-204.8598313587201, 39.36533636474781, 32.04047119369162], [-204.17008035545103, 40.08938300905846, 32.032864407800666], [-203.48057505456, 40.81366363893241, 32.033806698997395], [-202.7913012804505, 41.53816460935963, 32.03475484030928], [-202.1022448451202, 42.262872289566346, 32.035708470309324], [-201.4133915489506, 42.98777306216201, 32.036667228907014], [-200.7247271814913, 43.712853322281454, 32.037630756041914], [-200.03623752223874, 44.43809947672217, 32.038598691682], [-199.3479083414108, 45.163497943077694, 32.03957067582186], [-198.65972540071638, 45.8890351488668, 32.04054634848086], [-197.97167445412143, 46.6146975306592, 32.04152534970114], [-197.28374124861094, 47.340471533198084, 32.04250731954557], [-196.59591152494767, 48.06634360851945, 32.04349189809558], [-195.90817101842805, 48.792300215069076, 32.04447872544895], [-195.22050545963535, 49.518327816817084, 32.04546744171752], [-194.53290057519052, 50.244412882370504, 32.04645768702489], [-193.84534208850127, 50.97054188408416, 32.04744910150398], [-193.1578157205094, 51.69670129717031, 32.048441325294625], [-192.47030719043732, 52.422877598807105, 32.04943399854116], [-191.7828022165334, 53.14905726724644, 32.05042676138992], [-191.09528651681714, 53.87522678092145, 32.051419253986744], [-190.40774580982384, 54.60137261755363, 32.05241111647453], [-189.72016581535027, 55.32748125326065, 32.05340198899073], [-189.03253225520024, 56.0535391616643, 32.05439151166491], [-188.34483085393157, 56.779532812999406, 32.0553793246163], [-187.65704733960456, 57.50544867322415, 32.056365067951376], [-186.96916744453168, 58.23127320313153, 32.057348381761535], [-186.2811769060299, 58.956992857462886, 32.05832890612077], [-185.5930614671752, 59.682594084023364, 32.05930628108339], [-184.90480687755988, 60.40806332280006, 32.060280146681855], [-184.21639889405324, 61.133387005082696, 32.061250142924685], [-183.52782328156565, 61.85855155258754, 32.062215909794425], [-182.83906581381638, 62.58354337658457, 32.06317708724569], [-182.1501122741061, 63.308348877028685, 32.06413331520341], [-181.46094845609352, 64.03295444169463, 32.06508423356102], [-180.77156016457724, 64.7573464453165, 32.066029482178976], [-180.08193321628292, 65.48151124873209, 32.066968700883216], [-179.39205344065587, 66.20543519803195, 32.06790152946385], [-178.70190668066004, 66.9291046237143, 32.068827607674024], [-178.01147879358288, 67.65250583984525, 32.06974657522887], [-177.3207556518472, 68.37562514322545, 32.07065807180464], [-176.62972314383006, 69.098448812563, 32.07156173703806], [-175.9383671746887, 69.82096310765309, 32.072457210525805], [-175.24667366719459, 70.54315426856493, 32.07334413182423], [-174.5546285625752, 71.26500851483614, 32.0742221404492], [-173.86221778271397, 71.98651200756375, 32.07509087489553], [-173.16942728267904, 72.70765089808067, 32.07594997394643], [-172.47624312160346, 73.42841139460113, 32.0767990784533], [-171.78265132317665, 74.14877962665301, 32.07763782777427], [-171.08863793388312, 74.86874169932638, 32.078465861229745], [-170.39418902389872, 75.58828369251992, 32.079282818103714], [-169.69929068799726, 76.30739166019787, 32.08008833764526], [-169.00392904646742, 77.02605162965706, 32.080882059070376], [-168.30809024604054, 77.74424960080502, 32.08166362156409], [-167.6117604608297, 78.46197154544934, 32.082432664282805], [-166.91492589327956, 79.17920340659859, 32.083188826356995], [-166.21757277512876, 79.89593109777543, 32.08393174689421], [-165.51968736838325, 80.61214050234203, 32.08466106498234], [-164.82125596630246, 81.3278174728387, 32.08537641969329], [-164.1222648943977, 82.04294783033554, 32.086077450086904], [-163.422700511443, 82.75751736379789, 32.088382618292314], [-162.72254921049944, 83.47151182946614, 32.09760284513088], [-162.02179741995184, 84.18491695025003, 32.1068076647918], [-161.32043160455967, 84.89771841513799, 32.11599671633305], [-160.61843826652097, 85.60990187862207, 32.125169638825696], [-159.91580394655028, 86.32145296013876, 32.13432607136004], [-159.21251522497067, 87.0323572435263, 32.14346565305217], [-158.50855872281997, 87.74260027649896, 32.15258802305088], [-157.80392110297123, 88.45216757013833, 32.161692820545085], [-157.0985890712681, 89.16104459840291, 32.17077968477156], [-156.39254937767467, 89.86921679765568, 32.17984825502316], [-155.68578881744034, 90.57666956621064, 32.18889817065748], [-154.97829423227978, 91.28338826389847, 32.197929071105975], [-154.27005251156825, 91.98935821165222, 32.20694059588344], [-153.56105059355178, 92.69456469111289, 32.21593238459812], [-152.98573938933447, 93.26566494560865, 32.22320680376732]]}, "properties": {"id": "j2c4", "name": "Carrer de Val\u00e8ncia", "highway": "tertiary", "osm_way_ids": [], "junction_id": "j2", "predecessor": {"element": "road", "id": "r5", "contact": "end"}, "successor": {"element": "road", "id": "r25", "contact": "start"}, "center_marking": null, "tags": {"turn": "through", "from_lane": -3, "to_lane": -3, "to_road": "r25"}, "lanes": [{"id": -1, "type": "driving", "width": 3.5, "direction": "forward", "marking": null, "speed_limit": 13.88888888888889, "tags": {"turn": "through"}}]}}, {"type": "Feature", "geometry": {"type": "LineString", "coordinates": [[-219.58381584919553, 34.12520804381751, 32.147819909816654], [-218.8811351398359, 34.83668707566857, 32.14842587149529], [-218.16447860385557, 35.53409251282444, 32.14866849583258], [-217.4358998812238, 36.21903849258369, 32.14859513591564], [-216.69698275405526, 36.89282228668051, 32.14824300821521], [-215.94916304371048, 37.55671403424845, 32.147647103385424], [-215.19359601445956, 38.21177733347948, 32.14683612881242], [-214.43127231840054, 38.858966926310636, 32.145835269247016], [-213.6630491995917, 39.49914421478612, 32.14466678648264], [-212.88964650645482, 40.133055410994714, 32.143349678484725], [-212.1117361990377, 40.76142764994717, 32.141902085888745], [-211.3298915185916, 41.384898522423505, 32.140339714090906], [-210.54461699569168, 42.004044433004495, 32.13867658864749], [-209.75637987515003, 42.61941466620187, 32.136925904450656], [-208.9656063726858, 43.231522512129786, 32.135099860516085], [-208.17266848079547, 43.84082425653003, 32.13320921424342], [-207.37792867257195, 44.44777402075821, 32.13126457425979], [-206.58172059903154, 45.052796576657585, 32.12927579555536], [-205.78435494731121, 45.656292867938916, 32.127252126757476], [-204.9861272271935, 46.258648563022724, 32.1252024220289], [-204.18732081563004, 46.86023668690672, 32.123135214446336], [-203.38820974841332, 47.46142009918863, 32.12105878414576], [-202.58906131534613, 48.062553844410566, 32.11898122229277], [-201.79013850920958, 48.66398739932189, 32.116910491839256], [-200.99170265182798, 49.26606720787036, 32.114854494339006], [-200.19401525125878, 49.869138212630354, 32.11282111372465], [-199.3973402682303, 50.473545918853624, 32.1108182723268], [-198.60194683528488, 51.079639007858916, 32.10885399990566], [-197.80811148457735, 51.687771215901115, 32.1069364867202], [-197.0161206161975, 52.29830341350736, 32.10507414229527], [-196.22627311481617, 52.91160572308325, 32.10327565656726], [-195.43888316067574, 53.52805969089207, 32.10155006420246], [-194.65428328527912, 54.148060528408834, 32.09990681292243], [-193.87282772768685, 54.77201943663435, 32.098355836721666], [-193.094896154233, 55.40036602504684, 32.09690763492468], [-192.3209024813111, 56.033556502490846, 32.09557349233165], [-191.5513157750741, 56.67209534372934, 32.09436603081427], [-190.7866019540651, 57.31646111963873, 32.09329748804458], [-190.02730113109442, 57.967195877003746, 32.0923818811051], [-189.27405469202427, 58.62492825144762, 32.09163565520516], [-188.5274771727686, 59.29021949906148, 32.09107402096882], [-187.78838445335313, 59.96381466126641, 32.09071717120691], [-187.0575867113236, 60.646398248297146, 32.09058442177922], [-186.3360546053803, 61.3387668065313, 32.09069860140507], [-185.6249090105254, 62.04179693619342, 32.0910854969117], [-184.92543576153466, 62.756438148733764, 32.09177394406793], [-184.23911506821398, 63.483715664164144, 32.09279623554929], [-183.5676561435848, 64.2247310159194, 32.094188565448356], [-182.9130657932512, 64.98068296835963, 32.095992172005154], [-182.27781930160177, 65.75295350996825, 32.09825663523996], [-181.6647098642427, 66.5429025069552, 32.10103524800581], [-181.07715065717645, 67.35202255319679, 32.10439088290311], [-180.51922403698558, 68.18183706595524, 32.10839525707158], [-179.9959423681705, 69.03390115824304, 32.11313223135062], [-179.51314264371828, 69.90951113189656, 32.11869261824915], [-179.07806054401252, 70.8097490101011, 32.12518200987239], [-178.69912903517329, 71.73497674866373, 32.132711512309946], [-178.38596538678294, 72.68442719226772, 32.14139214165142], [-178.14956955121897, 73.65577699771329, 32.151331644234666], [-178.00117249954383, 74.6443295873366, 32.16260911381557], [-177.9512127381743, 75.6426342418761, 32.17525702510131], [-178.00737113320753, 76.64055214507833, 32.1892373424023], [-178.17311747527862, 77.62619353152621, 32.204435664259144], [-178.4467022325595, 78.58752619300869, 32.22066990855714], [-178.8211979985681, 79.51427290594049, 32.237716071055566], [-179.28589966178922, 80.39930833956736, 32.2553444527251], [-179.82868860444879, 81.23880855255844, 32.27335144725535], [-180.4374483463685, 82.03185673226736, 32.29157214058392], [-181.01947990795003, 82.69284314812231, 32.30769949882515]]}, "properties": {"id": "j2c5", "name": "Carrer de Val\u00e8ncia", "highway": "tertiary", "osm_way_ids": [], "junction_id": "j2", "predecessor": {"element": "road", "id": "r5", "contact": "end"}, "successor": {"element": "road", "id": "r27", "contact": "start"}, "center_marking": null, "tags": {"turn": "left", "from_lane": -1, "to_lane": -1, "to_road": "r27"}, "lanes": [{"id": -1, "type": "driving", "width": 3.5, "direction": "forward", "marking": null, "speed_limit": 13.88888888888889, "tags": {"turn": "left"}}]}}, {"type": "Feature", "geometry": {"type": "LineString", "coordinates": [[-214.55004602255727, 29.260934065881408, 32.147819909816654], [-213.8552687192536, 29.980158990606935, 32.140085640999516], [-213.15977687328734, 30.6986927675484, 32.13233317472629], [-212.46239455533876, 31.415391419068005, 32.124532475554005], [-211.76218842851128, 32.12933093934103, 32.11665949060526], [-211.0583477355917, 32.839686915010425, 32.10869303653247], [-210.35016771684653, 33.54571614444577, 32.1006143464298], [-209.63698909375225, 34.246694953656416, 32.092405485753886], [-208.91816936318781, 34.941886975443815, 32.08404856285537], [-208.19305043527243, 35.630504909474396, 32.07552481319344], [-207.46101228536966, 36.311761286366, 32.06681594991542], [-206.721377962951, 36.98476137889733, 32.05790154062365], [-205.97341483303228, 37.64849082185375, 32.04875886136918], [-205.2163415776249, 38.301807077603954, 32.03936287305327], [-204.44936028072132, 38.943458868473826, 32.02968688113317], [-203.67157340833967, 39.57196487873941, 32.01969987270972], [-202.88193662538788, 40.18551127643959, 32.01790672054777], [-202.07936324990823, 40.78202768255508, 32.015724578144486], [-201.26265830936927, 41.359034079505015, 32.01310483018355], [-200.4304446259569, 41.913423986369885, 32.00998880151686], [-199.5812256020623, 42.44137341458646, 32.00630676881457], [-198.71346002514005, 42.93821527366318, 32.00197723300599], [-197.82551791314765, 43.397978011695955, 31.996900226580834], [-196.91576920960628, 43.81283706054836, 31.990951135660183], [-195.9831259102961, 44.17314459896758, 31.983987929002936], [-195.0272111044218, 44.465912860887826, 31.97583311640204], [-194.04969066822443, 44.67492496570813, 31.966292007871928], [-193.05584277841578, 44.78044358401709, 31.955168621542324], [-192.05684862259838, 44.76009943259243, 31.9423063736974], [-191.07186274366873, 44.593600086154, 31.927676802106898], [-190.12695933445843, 44.26986575411022, 31.911461191802076], [-189.2491584927875, 43.79320205986969, 31.89405737894498], [-188.45771814180046, 43.183516366294185, 31.875972868351724], [-187.9844915655515, 42.72036441042419, 31.86384815760283]]}, "properties": {"id": "j2c6", "name": "Carrer de Val\u00e8ncia", "highway": "tertiary", "osm_way_ids": [], "junction_id": "j2", "predecessor": {"element": "road", "id": "r5", "contact": "end"}, "successor": {"element": "road", "id": "r28", "contact": "start"}, "center_marking": null, "tags": {"turn": "right", "from_lane": -3, "to_lane": -1, "to_road": "r28"}, "lanes": [{"id": -1, "type": "driving", "width": 3.5, "direction": "forward", "marking": null, "speed_limit": 13.88888888888889, "tags": {"turn": "right"}}]}}, {"type": "Feature", "geometry": {"type": "LineString", "coordinates": [[-219.58381584919553, 34.12520804381751, 32.147819909816654], [-218.88009643689634, 34.83565283031274, 32.1483990236861], [-218.1612211820582, 35.53076868081411, 32.14858323063389], [-217.43016983841324, 36.213074978133115, 32.14844359672366], [-216.68924956839209, 36.884656776638465, 32.148036933804114], [-215.94028884644322, 37.54726342046139, 32.14740955517226], [-215.18478690549557, 38.20240448344685, 32.146600435265825], [-214.42399003654123, 38.851391058122104, 32.145642720519845], [-213.65891464956638, 39.49532951872572, 32.1445639370818], [-212.89050270815613, 40.135283653447665, 32.14339010634938], [-212.11951716939163, 40.772135525853436, 32.142142576492134], [-211.34669100342737, 41.406752908779225, 32.14084212764493], [-210.57266947519793, 42.03991205333901, 32.139507217221315], [-209.79805527794093, 42.6723461013217, 32.13815519268513], [-209.0234236804141, 43.304758840149184, 32.13680266541457], [-208.24932979607448, 43.9378295437806, 32.1354656667102], [-207.47631794436856, 44.57222081027792, 32.13415987002894], [-206.70493336306473, 45.2085894480768, 32.13290088339948], [-205.9357313923121, 45.84759415946038, 32.131704467372955], [-205.16928679886433, 46.4899030508164, 32.130586752436294], [-204.40620354782584, 47.136201096146536, 32.129564461444645], [-203.64712534214755, 47.78719766500259, 32.12865514258764], [-202.89276467505266, 48.44365404849335, 32.12787790167679], [-202.14388535302942, 49.106355345026024, 32.1272528079348], [-201.4013243031909, 49.77612707771306, 32.126801389877436], [-200.6660246628694, 50.453861012641745, 32.126547395773514], [-199.9391435071678, 51.14061377014798, 32.12651946302686], [-199.22184093783594, 51.8373622679704, 32.12674520713214], [-198.51566647802204, 52.5453831974075, 32.12726113902496], [-197.82225688973844, 53.265904963877595, 32.12810422701929], [-197.14367291849794, 54.00040035866072, 32.12932003383695], [-196.48238529970445, 54.75049783846656, 32.13096136023047], [-195.84137443688988, 55.51798400583068, 32.13308953435177], [-195.22425324013037, 56.304792880399255, 32.13577581735614], [-194.63566368888254, 57.11314662241887, 32.139108273463485], [-194.08124958624512, 57.94528286496401, 32.14318780001594], [-193.56830057938458, 58.8035609973883, 32.148137658521556], [-193.10588271535383, 59.69003449422976, 32.15409943212678], [-192.70584174278247, 60.60627398802658, 32.16124331841568], [-192.3822901511194, 61.552130567435896, 32.169745215530554], [-192.15259675172302, 62.52491054439591, 32.179788219456746], [-192.03496651561233, 63.517329618123135, 32.19150490949616], [-192.04656160496629, 64.51647836528458, 32.204939905943384], [-192.19810964832507, 65.5040436003414, 32.21998485505528], [-192.48974119463875, 66.45968267238213, 32.23637084160569], [-192.91081255793742, 67.36588778915646, 32.253730852293806], [-193.44242597970225, 68.21216777236435, 32.27168715879581], [-194.0639500603824, 68.99499889132316, 32.28993284961388], [-194.24588178384136, 69.19709681516348, 32.2949139165488]]}, "properties": {"id": "j2c7", "name": "Carrer de Val\u00e8ncia", "highway": "tertiary", "osm_way_ids": [], "junction_id": "j2", "predecessor": {"element": "road", "id": "r5", "contact": "end"}, "successor": {"element": "road", "id": "r59", "contact": "end"}, "center_marking": null, "tags": {"turn": "left", "from_lane": -1, "to_lane": 1, "to_road": "r59"}, "lanes": [{"id": -1, "type": "driving", "width": 3.5, "direction": "forward", "marking": null, "speed_limit": 13.88888888888889, "tags": {"turn": "left"}}]}}, {"type": "Feature", "geometry": {"type": "LineString", "coordinates": [[-170.86100320247363, 59.32723154648888, 31.87210555476188], [-171.49568166563947, 60.09935080441101, 31.890160446925872], [-172.0344928772868, 60.940975405776754, 31.907931463976116], [-172.4551955846807, 61.84725658926847, 31.925073777755813], [-172.74028533800603, 62.804791711562835, 31.941188485151198], [-172.88158208898983, 63.79385239241719, 31.95591006517254], [-172.88329375454077, 64.79309389425823, 31.969007643147478], [-172.75898929622676, 65.78474999564898, 31.980415946098493], [-172.52740587814088, 66.75712516890628, 31.990215595068157], [-172.20722015085838, 67.70416487415515, 31.998561476196432], [-171.81456237299793, 68.62362208120015, 32.00562702354017], [-171.36326109856412, 69.5158251720376, 32.01159091104852], [-170.86404725268866, 70.3821809832213, 32.016607109369524], [-170.32533778045274, 71.22458167199167, 32.02080687756464], [-169.75397257292434, 72.04520985774197, 32.02430545911417], [-169.15511365408776, 72.84601366707209, 32.02719382965862], [-168.5331306864486, 73.62900528879365, 32.02976666106037], [-167.8913935858896, 74.39589938139362, 32.03187780673559], [-167.2327652694901, 75.14834304807377, 32.03358385657812], [-166.55961873965776, 75.88783301057363, 32.03493462738264], [-165.87378205958038, 76.61557342129665, 32.03596917611996], [-165.17702887387327, 77.33287220627889, 32.03672725405733], [-164.470716973119, 78.04076351267156, 32.037239729588606], [-163.75607920743178, 78.74025072335428, 32.037535487144794], [-163.03422451722287, 79.43228942405479, 32.037641213646026], [-162.3061115433412, 80.11774203618043, 32.037580462483575], [-161.57260966973462, 80.79742615283386, 32.03872851690155], [-160.83450436871598, 81.47210928815723, 32.05122195467606], [-160.09255815274207, 82.1425669761529, 32.063610787030804], [-159.34748244001378, 82.80954573321765, 32.07591390876564], [-158.59996301826266, 83.4737850245606, 32.08814979790552], [-157.8506774667097, 84.13603178043823, 32.10033692816227], [-157.10030659581457, 84.79704876445832, 32.112494024387516], [-156.34956879719243, 85.45764906393168, 32.124640954400725], [-155.59921598896946, 86.1186865377052, 32.136798550692646], [-154.85007565949704, 86.7810974635348, 32.14898969399784], [-154.1030687408074, 87.44591269943909, 32.16123969993732], [-153.35925575829864, 88.11429842473702, 32.173577442465636], [-152.6199045801378, 88.78761467638381, 32.186036985261985], [-151.88655925692268, 89.46746450534306, 32.19865910133743], [-151.16114522616755, 90.15576661244832, 32.2114935654096], [-150.52109489089634, 90.78060408190358, 32.22320680376732]]}, "properties": {"id": "j2c8", "name": "Passeig de Gr\u00e0cia", "highway": "tertiary", "osm_way_ids": [], "junction_id": "j2", "predecessor": {"element": "road", "id": "r15", "contact": "start"}, "successor": {"element": "road", "id": "r25", "contact": "start"}, "center_marking": null, "tags": {"turn": "right", "from_lane": 4, "to_lane": -4, "to_road": "r25"}, "lanes": [{"id": -1, "type": "driving", "width": 3.5, "direction": "forward", "marking": null, "speed_limit": 13.88888888888889, "tags": {"turn": "right"}}]}}, {"type": "Feature", "geometry": {"type": "LineString", "coordinates": [[-178.60188239761914, 52.23295291605976, 31.87210555476188], [-179.27769731847107, 52.970024266543476, 31.89042693338162], [-179.95383770651426, 53.706797067558306, 31.908748443543566], [-180.63028434407858, 54.44328870556388, 31.927070074264446], [-181.307018035111, 55.17951659104178, 31.94539181515293], [-181.98401960389126, 55.91549815694101, 31.96371365637281], [-182.66126989373467, 56.65125085713479, 31.982035588606095], [-183.33874976568345, 57.386792164887915, 32.00035760301614], [-184.01644009718729, 58.12213957133372, 32.018679691210764], [-184.69432178077415, 58.85731058396007, 32.037001845205346], [-185.37237572271164, 59.592322725103884, 32.05532405738596], [-186.0505828416606, 60.32719353045284, 32.07364632047244], [-186.7289240673209, 61.06194054755427, 32.09196862748149], [-187.40738033907095, 61.79658133432984, 32.110290971689814], [-188.08593260460142, 62.53113345759575, 32.12861334659714], [-188.76456186169992, 63.26561445170951, 32.14693574590298], [-189.44324901272017, 64.00004195029511, 32.165258163424184], [-190.12197499409723, 64.73443356385619, 32.18358059309969], [-190.80072077302478, 65.4688068800724, 32.201903028952565], [-191.47946731811436, 66.2031794881644, 32.22022546504423], [-192.15819559801164, 66.93756897743016, 32.23854789543759], [-192.83688658001296, 67.67199293578116, 32.25687031416008], [-193.51552122868247, 68.4064689482777, 32.27519271516678], [-194.24588178384136, 69.19709681516348, 32.2949139165488]]}, "properties": {"id": "j2c9", "name": "Passeig de Gr\u00e0cia", "highway": "tertiary", "osm_way_ids": [], "junction_id": "j2", "predecessor": {"element": "road", "id": "r15", "contact": "start"}, "successor": {"element": "road", "id": "r59", "contact": "end"}, "center_marking": null, "tags": {"turn": "through", "from_lane": 1, "to_lane": 1, "to_road": "r59"}, "lanes": [{"id": -1, "type": "driving", "width": 3.5, "direction": "forward", "marking": null, "speed_limit": 13.88888888888889, "tags": {"turn": "through"}}]}}, {"type": "Feature", "geometry": {"type": "LineString", "coordinates": [[-176.02158933257064, 54.59771245953613, 31.87210555476188], [-176.69740410292266, 55.33478394802994, 31.890334148302], [-177.37354403678142, 56.071557165860064, 31.90856287326466], [-178.04998995107096, 56.80804946817477, 31.926791718686175], [-178.72672268427394, 57.54427823407937, 31.94502067419322], [-179.40372309515175, 58.28026086508749, 31.9632497299661], [-180.08097206145246, 59.01601478358335, 31.981478876702027], [-180.75845047860676, 59.751557431294586, 31.99970810557835], [-181.4361392584136, 60.48690626777477, 32.01793740821583], [-182.11401932771562, 61.22207876889485, 32.03616677664186], [-182.7920716270657, 61.95709242534312, 32.054396203253724], [-183.47027710938534, 62.6919647411323, 32.072625680781805], [-184.1486167386155, 63.426713232113926, 32.09092980975615], [-184.82707148836116, 64.16135542449825, 32.10932333358974], [-185.50562239275612, 64.89590880512995, 32.127716888178355], [-186.1842503916913, 65.63039096172557, 32.14611046720142], [-186.86293643080606, 66.36481948782084, 32.16450406448819], [-187.5416615087112, 67.09921193636885, 32.18289767399585], [-188.22040662682815, 67.83358586333912, 32.201291289757144], [-188.89915278801107, 68.56795882625855, 32.21968490584356], [-189.57788099516858, 69.30234838275261, 32.23807851632859], [-190.25657224988512, 70.03677208908715, 32.25647211525097], [-190.93520755104302, 70.77124749870914, 32.274865696577876], [-191.67480624710436, 71.57187482255546, 32.2949139165488]]}, "properties": {"id": "j2c10", "name": "Passeig de Gr\u00e0cia", "highway": "tertiary", "osm_way_ids": [], "junction_id": "j2", "predecessor": {"element": "road", "id": "r15", "contact": "start"}, "successor": {"element": "road", "id": "r59", "contact": "end"}, "center_marking": null, "tags": {"turn": "through", "from_lane": 2, "to_lane": 2, "to_road": "r59"}, "lanes": [{"id": -1, "type": "driving", "width": 3.5, "direction": "forward", "marking": null, "speed_limit": 13.88888888888889, "tags": {"turn": "through"}}]}}, {"type": "Feature", "geometry": {"type": "LineString", "coordinates": [[-173.44129626752212, 56.96247200301251, 31.87210555476188], [-174.11711088751304, 57.69954362938903, 31.890241472568803], [-174.79325036759622, 58.43631726365894, 31.908377521678705], [-175.4696955592489, 59.172810229696054, 31.92651369114747], [-176.1464273354486, 59.90903987526642, 31.944649970619732], [-176.823426589398, 60.64502357048533, 31.962786350292316], [-177.50067423323722, 61.38077870628514, 31.98092282087761], [-178.17815119674512, 62.11632269289358, 31.99905937356694], [-178.85583842602935, 62.85167295832174, 32.01719599999401], [-179.533716882207, 63.586846946861115, 32.03533269219819], [-180.21176754007587, 64.32186211758867, 32.053469442587975], [-180.88997138677783, 65.05673594287973, 32.0716062439043], [-181.56830942045477, 65.79148590692736, 32.08988998541204], [-182.2467626930927, 66.52612946344773, 32.10835460500004], [-182.92531222065983, 67.26068411592942, 32.126819255379615], [-183.60393893373373, 67.99516746059282, 32.1452839302259], [-184.2826238609109, 68.72959701422484, 32.163748623393026], [-184.96134803497927, 69.46399029809511, 32.18221332884754], [-185.64009249154756, 70.19836483650053, 32.20067804063183], [-186.31883826767228, 70.93273815531131, 32.219142752827445], [-186.9975664004845, 71.66712778051779, 32.23760745951848], [-187.67625792581603, 72.40155123677732, 32.25607215475493], [-188.35489387682694, 73.13602604596046, 32.27453683251604], [-189.1037307103674, 73.94665282994744, 32.2949139165488]]}, "properties": {"id": "j2c11", "name": "Passeig de Gr\u00e0cia", "highway": "tertiary", "osm_way_ids": [], "junction_id": "j2", "predecessor": {"element": "road", "id": "r15", "contact": "start"}, "successor": {"element": "road", "id": "r59", "contact": "end"}, "center_marking": null, "tags": {"turn": "through", "from_lane": 3, "to_lane": 3, "to_road": "r59"}, "lanes": [{"id": -1, "type": "driving", "width": 3.5, "direction": "forward", "marking": null, "speed_limit": 13.88888888888889, "tags": {"turn": "through"}}]}}, {"type": "Feature", "geometry": {"type": "LineString", "coordinates": [[-170.86100320247363, 59.32723154648888, 31.87210555476188], [-171.53681767224217, 60.06430331062089, 31.89014890598885], [-172.2129566989577, 60.80107736095584, 31.908192388399343], [-172.88940116861025, 61.53757099012969, 31.926235991068776], [-173.56613198863153, 62.2738015146062, 31.944279703659745], [-174.24313008662477, 63.009786273139355, 31.96232351638555], [-174.92037640908185, 63.745542625246756, 31.98036741997375], [-175.59785192008934, 64.48108794969335, 31.998411405629646], [-176.2755376000233, 65.2164396429851, 32.01645546499983], [-176.953414444235, 65.95161511787117, 32.03449959013568], [-177.63146346172687, 66.68663180185472, 32.05254377345689], [-178.3096656738211, 67.4215071357109, 32.07058800771493], [-178.98800212323974, 68.15625856239066, 32.08884915623093], [-179.66645395786747, 68.8909034469281, 32.10738478784876], [-180.34500206033346, 69.6254594158433, 32.12592045026683], [-181.02362748780595, 70.35994394833106, 32.144456137199434], [-181.70231130301343, 71.0943745295268, 32.16299184250988], [-182.38103457288085, 71.82876864905413, 32.18152756017413], [-183.0597783671638, 72.5631437995745, 32.2000632842442], [-183.7385237570808, 73.29751747533874, 32.21859900881169], [-184.41725181394486, 74.03190717073912, 32.23713472797127], [-185.095943607795, 74.76633037886158, 32.25567043578416], [-185.77458020602813, 75.50080459003735, 32.27420612624168], [-186.5326551736304, 76.32143083733942, 32.2949139165488]]}, "properties": {"id": "j2c12", "name": "Passeig de Gr\u00e0cia", "highway": "tertiary", "osm_way_ids": [], "junction_id": "j2", "predecessor": {"element": "road", "id": "r15", "contact": "start"}, "successor": {"element": "road", "id": "r59", "contact": "end"}, "center_marking": null, "tags": {"turn": "through", "from_lane": 4, "to_lane": 4, "to_road": "r59"}, "lanes": [{"id": -1, "type": "driving", "width": 3.5, "direction": "forward", "marking": null, "speed_limit": 13.88888888888889, "tags": {"turn": "through"}}]}}, {"type": "Feature", "geometry": {"type": "LineString", "coordinates": [[-203.65041329094703, 59.601049999773295, 32.28582282643352], [-202.94195378153978, 58.89560703848762, 32.26751064709633], [-202.1806965728473, 58.24761688819986, 32.249297119471024], [-201.36357432849246, 57.67185232445245, 32.23134006221344], [-200.49071352179877, 57.184959119091104, 32.2138624610281], [-199.56647105798413, 56.80485112050418, 32.19715748907667], [-198.60122619658452, 56.54632030495603, 32.18155270592431], [-197.61019306136035, 56.418399000270625, 32.167360007131826], [-196.61088075864447, 56.4206455396974, 32.154794209276574], [-195.61911551083384, 56.54423732996282, 32.14393744954047], [-194.64662482452462, 56.7753009972715, 32.1347530272384], [-193.7002949222174, 57.09748855131833, 32.127110307649716], [-192.78321527609177, 57.495597187372184, 32.12084603166466], [-191.89586706739655, 57.95632731494484, 32.11578937744677], [-191.03724087232527, 58.46868921157766, 32.111781456695766], [-190.2055516677481, 59.02376514931367, 32.1086811630684], [-189.39864001159984, 59.614320409403696, 32.10636505522404], [-188.61441464128765, 60.23471299460211, 32.10473173464602], [-187.850820761665, 60.88034832067776, 32.103694193236855], [-187.1059019535728, 61.547458321511094, 32.10317765569513], [-186.37802683286418, 62.23313394719959, 32.103122868634415], [-185.6655244068308, 62.93477670814851, 32.103474209933125], [-184.96700702590667, 63.6503488124268, 32.10418708619855], [-184.28120469718553, 64.37812013012586, 32.105222478980245], [-183.60696076257634, 65.11661578805587, 32.106546193296595], [-182.94324788130695, 65.86459303507132, 32.1081287513887], [-182.28915954015898, 66.6210029235773, 32.109944776069966], [-181.64378873674954, 67.38486568663352, 32.111969804102664], [-181.00641776969297, 68.15541741095294, 32.1141846291544], [-180.37630861696937, 68.93191953889405, 32.116570125998884], [-179.75280413872434, 69.71373571534681, 32.11910954818757], [-179.13531096754562, 70.5003091181287, 32.12178801088323], [-178.52328237307344, 71.29114250316228, 32.124592009477055], [-177.9161897910848, 72.08577179072066, 32.12750870942397], [-177.31353865927844, 72.88377509385951, 32.13052626592206], [-176.71486864651152, 73.68476970008047, 32.133633786657484], [-176.1197426601238, 74.48840122143618, 32.136821048943645], [-175.52774363030485, 75.29433922566132, 32.14007840108345], [-174.93847713724784, 76.10227746260229, 32.143396798494486], [-174.35155121620778, 76.91191773355129, 32.14676733462438], [-173.76658980515606, 77.7229786011207, 32.15018152629247], [-173.1832264964541, 78.5351897696466, 32.1536311601922], [-172.60110122046353, 79.34828878754335, 32.15710820723091], [-172.01985771486937, 80.16201842403237, 32.160604755742405], [-171.43914101466868, 80.97612412847694, 32.16411294605856], [-170.858594933615, 81.79035152146487, 32.16762490539563], [-170.27785875759838, 82.60444333228773, 32.17113266544435], [-169.69656502614134, 83.41813708806144, 32.17462810367212], [-169.11433932725316, 84.23116419336591, 32.17810292849629], [-168.53079519392867, 85.0432454374169, 32.18154855520248], [-167.94553135998532, 85.8540880626804, 32.18495603236835], [-167.3581285275811, 86.66338231967424, 32.188315955298435], [-166.76814588121255, 87.470797621791, 32.191618370944006], [-166.17510607999395, 88.27596990149388, 32.19485242057571], [-165.5785122136745, 89.07851200391657, 32.19800669173978], [-164.97783443719158, 89.87800159816321, 32.201068889013555], [-164.37250068705765, 90.6739712933754, 32.20402558553362], [-163.7618336634247, 91.46585606090342, 32.20686072940194], [-163.14519722291513, 92.25310060578398, 32.20955891693052], [-162.5217589667504, 93.03496862716929, 32.21209986335157], [-161.89071150389194, 93.8107067724449, 32.21446337231209], [-161.25108281119208, 94.57938293960935, 32.21662479498195], [-160.60178114344444, 95.33990363492352, 32.21855582697539], [-159.94157817348182, 96.09097725795351, 32.22022380752776], [-159.2690907701262, 96.83106797668725, 32.2215908763498], [-158.58262009910786, 97.55820122129354, 32.22260935863404], [-157.91502838621074, 98.23578667301882, 32.22320680376732]]}, "properties": {"id": "j2c13", "name": "Passeig de Gr\u00e0cia (lateral Llobregat)", "highway": "living_street", "osm_way_ids": [], "junction_id": "j2", "predecessor": {"element": "road", "id": "r24", "contact": "end"}, "successor": {"element": "road", "id": "r25", "contact": "start"}, "center_marking": null, "tags": {"turn": "left", "from_lane": -1, "to_lane": -1, "to_road": "r25"}, "lanes": [{"id": -1, "type": "driving", "width": 3.3, "direction": "forward", "marking": null, "speed_limit": 2.7777777777777777, "tags": {"turn": "left"}}]}}, {"type": "Feature", "geometry": {"type": "LineString", "coordinates": [[-203.65041329094703, 59.601049999773295, 32.28582282643352], [-202.96750472306184, 58.87054620251647, 32.26749938661069], [-202.28532562758494, 58.13936113255158, 32.249176080267226], [-201.60380703244286, 57.40756037885316, 32.23085291039982], [-200.9228797874986, 56.675209343978395, 32.212529875281376], [-200.242474584339, 55.94237326275875, 32.194206968959065], [-199.56252197572468, 55.20911722131443, 32.175884181752366], [-198.8829523947406, 54.47550617635158, 32.157561500751065], [-198.20369617368576, 53.74160497470356, 32.13923891031332], [-197.5246835627416, 53.00747837307712, 32.12091639256352], [-196.8458447484588, 52.27319105796603, 32.10259392789022], [-196.1671098721027, 51.53880766569377, 32.08427149544386], [-195.48840904789742, 50.804392802548605, 32.06594907363461], [-194.8096723812099, 50.07001106497321, 32.04762664063006], [-194.13082998671388, 49.33572705977248, 32.02930417485287], [-193.45181200657518, 48.60160542430201, 32.010981655478616], [-192.7725486286988, 47.867710846600524, 31.99265906293343], [-192.09297010507828, 47.13410808542895, 31.974336379391886], [-191.4130067702882, 46.40086199017893, 31.956013589274832], [-190.73258886865295, 45.66803769854673, 31.93769067970007], [-190.05164680751216, 44.935700439345744, 31.91936764105197], [-189.3701115037525, 44.20391524662974, 31.901044467547084], [-188.68791381186662, 43.47274752799609, 31.88272115758372], [-187.9844915655515, 42.72036441042419, 31.86384815760283]]}, "properties": {"id": "j2c14", "name": "Passeig de Gr\u00e0cia (lateral Llobregat)", "highway": "living_street", "osm_way_ids": [], "junction_id": "j2", "predecessor": {"element": "road", "id": "r24", "contact": "end"}, "successor": {"element": "road", "id": "r28", "contact": "start"}, "center_marking": null, "tags": {"turn": "through", "from_lane": -1, "to_lane": -1, "to_road": "r28"}, "lanes": [{"id": -1, "type": "driving", "width": 3.3, "direction": "forward", "marking": null, "speed_limit": 2.7777777777777777, "tags": {"turn": "through"}}]}}, {"type": "Feature", "geometry": {"type": "LineString", "coordinates": [[-165.27108808295878, 65.8913314951089, 31.88573837518443], [-165.8995281916622, 66.6680957256099, 31.90399054736071], [-166.40101718874894, 67.53192129478562, 31.92180051448723], [-166.7456832374121, 68.46920434728624, 31.93861082803622], [-166.9184569835907, 69.45283788287165, 31.953871020962897], [-166.92425328990072, 70.4517697266876, 31.96723004269566], [-166.78468904183194, 71.4412248159062, 31.978630847379982], [-166.52683773580063, 72.40689478915904, 31.988224375075063], [-166.17559802169342, 73.34283484846154, 31.99624539013642], [-165.75144726237164, 74.24819301721541, 32.002940664880654], [-165.26980650021187, 75.12439968763978, 32.00852359590831], [-164.7426712460427, 75.97406668217472, 32.01318011646033], [-164.17868582616424, 76.7997713540139, 32.017053461844284], [-163.58465382013856, 77.60415410737447, 32.020264504549736], [-162.9658075247746, 78.38962148009898, 32.02291120161358], [-162.32632963792338, 79.15839706874995, 32.02507584741507], [-161.66940458993722, 79.91232749326299, 32.02682313997217], [-160.99780211093145, 80.65322004675693, 32.03366883645297], [-160.31361822705267, 81.3825152205651, 32.047568154077624], [-159.6188081377614, 82.10169726112484, 32.061199059922096], [-158.91496595137139, 82.81204526901928, 32.07459865520019], [-158.20349281029388, 83.51475262783501, 32.08780046810366], [-157.48562534136215, 84.21092828443746, 32.10083482851896], [-156.76255360099285, 84.90169840855332, 32.11373170991584], [-156.03538498488768, 85.58815558834334, 32.126519599922254], [-155.30519296491292, 86.27139674860578, 32.13922661607558], [-154.57306945175273, 86.95256840285658, 32.15188176731868], [-153.84018807613688, 87.6329248382856, 32.16451652576173], [-153.10783372295174, 88.31384834448482, 32.17716546738356], [-152.37750949326434, 88.99694791295106, 32.1898689315643], [-151.6510411694745, 89.68414475198699, 32.20267547348441], [-150.9308431292407, 90.37790581169547, 32.2156483143867], [-150.52109489089634, 90.78060408190358, 32.22320680376732]]}, "properties": {"id": "j2c15", "name": "Passeig de Gr\u00e0cia (lateral Bes\u00f2s)", "highway": "living_street", "osm_way_ids": [], "junction_id": "j2", "predecessor": {"element": "road", "id": "r29", "contact": "end"}, "successor": {"element": "road", "id": "r25", "contact": "start"}, "center_marking": null, "tags": {"turn": "right", "from_lane": -1, "to_lane": -4, "to_road": "r25"}, "lanes": [{"id": -1, "type": "driving", "width": 3.5, "direction": "forward", "marking": null, "speed_limit": 2.7777777777777777, "tags": {"turn": "right"}}]}}, {"type": "Feature", "geometry": {"type": "LineString", "coordinates": [[-165.27108808295878, 65.8913314951089, 31.88573837518443], [-165.9527135806423, 66.62303268837154, 31.904061568317676], [-166.63485548850926, 67.35425247720295, 31.92238486770248], [-167.31746895754873, 68.08503207476348, 31.940708256188454], [-168.00050921820952, 68.81541278126329, 31.959031718784527], [-168.68393157324113, 69.54543597542558, 31.977355242455168], [-169.3676913904325, 70.27514310604306, 31.99567881591656], [-170.05174409525952, 71.0045756836183, 32.01400242943274], [-170.73604516345256, 71.73377527207838, 32.032326074611746], [-171.4205501134942, 72.46278348055436, 32.05064974420168], [-172.10521449905843, 73.1916419552161, 32.06897343188682], [-172.78999390140174, 73.92039237115206, 32.08729713208375], [-173.47484392171648, 74.64907642428516, 32.10562083973742], [-174.15972017345743, 75.37773582331386, 32.12394455011727], [-174.8445782746515, 76.10641228166936, 32.14226825861331], [-175.5293738402017, 76.83514750947846, 32.160591960532216], [-176.21406247419523, 77.56398320552229, 32.178915650893444], [-176.89859976222624, 78.29296104918113, 32.19723932422533], [-177.5829412637443, 79.02212269235507, 32.21556297436117], [-178.26704245021085, 79.75150980219249, 32.233886594228046], [-178.95085862778086, 80.48116411805569, 32.25221017562991], [-179.63434538862978, 81.21112701327554, 32.27053370910753], [-180.3174581118175, 81.94143994803916, 32.288857183670714], [-181.01947990795003, 82.69284314812231, 32.30769949882515]]}, "properties": {"id": "j2c16", "name": "Passeig de Gr\u00e0cia (lateral Bes\u00f2s)", "highway": "living_street", "osm_way_ids": [], "junction_id": "j2", "predecessor": {"element": "road", "id": "r29", "contact": "end"}, "successor": {"element": "road", "id": "r27", "contact": "start"}, "center_marking": null, "tags": {"turn": "through", "from_lane": -1, "to_lane": -1, "to_road": "r27"}, "lanes": [{"id": -1, "type": "driving", "width": 3.5, "direction": "forward", "marking": null, "speed_limit": 2.7777777777777777, "tags": {"turn": "through"}}]}}, {"type": "Feature", "geometry": {"type": "LineString", "coordinates": [[-194.24588178384136, 69.19709681516348, 32.2949139165488], [-193.5673289750726, 68.46254519371546, 32.27659154146857], [-192.88869935624493, 67.72806453382829, 32.25826914204865], [-192.21001196727184, 66.99363725513831, 32.23994672445285], [-191.53128584385004, 66.2592457728557, 32.22162429473299], [-190.85254001884076, 65.52487249923054, 32.20330185886576], [-190.1737935236523, 64.79049984501751, 32.18497942278964], [-189.49506538962365, 64.05611022093974, 32.16665699244183], [-188.81637464940812, 63.32168603915258, 32.148334573795154], [-188.137740338356, 62.587209714708166, 32.130012172894936], [-187.45918149589576, 61.85266366702146, 32.11168979589595], [-186.780717166913, 61.11803032133847, 32.09336744909928], [-186.10236640312579, 60.3832921102076, 32.07504513898929], [-185.4241482644563, 59.64843147495467, 32.056722872270456], [-184.74608182039734, 58.91343086716257, 32.03840065590432], [-184.0681862936905, 58.17827261895746, 32.020078497195236], [-183.39048073913895, 57.44293924203979, 32.00175640371918], [-182.71298420150558, 56.70741328459648, 31.983434383410817], [-182.0357158021615, 55.97167725421357, 31.96511244463045], [-181.35869467878697, 55.235713676231974, 31.946790596180072], [-180.68193998669187, 54.49950509526966, 31.928468847340273], [-180.00547090012526, 53.763034076753435, 31.91014720790713], [-179.32930661357364, 53.02628320846114, 31.891825688229066], [-178.60188239761914, 52.23295291605976, 31.87210555476188]]}, "properties": {"id": "j2c17", "name": "Passeig de Gr\u00e0cia", "highway": "tertiary", "osm_way_ids": [], "junction_id": "j2", "predecessor": {"element": "road", "id": "r59", "contact": "end"}, "successor": {"element": "road", "id": "r15", "contact": "start"}, "center_marking": null, "tags": {"turn": "through", "from_lane": -1, "to_lane": -1, "to_road": "r15"}, "lanes": [{"id": -1, "type": "driving", "width": 3.5, "direction": "forward", "marking": null, "speed_limit": 13.88888888888889, "tags": {"turn": "through"}}]}}, {"type": "Feature", "geometry": {"type": "LineString", "coordinates": [[-196.81695732057835, 66.8223188077715, 32.2949139165488], [-196.1384044267196, 66.08776726492943, 32.276662805589595], [-195.45977456839725, 65.35328682632691, 32.25841167024218], [-194.7810868198538, 64.61885987991828, 32.24016051668172], [-194.10236025109882, 63.88446880921406, 32.221909350970876], [-193.42361392929485, 63.15009599475263, 32.20365817909692], [-192.74486692014528, 62.41572381557029, 32.185407007008735], [-192.0661382892828, 61.68133465067034, 32.1671558406539], [-191.38744710365813, 60.946910880492375, 32.14890468601568], [-190.7088124329277, 60.21243488838213, 32.130653549150125], [-190.03025335083996, 59.47788906206289, 32.11240243622306], [-189.3517889366191, 58.743255795109164, 32.09415135354717], [-188.67343827634573, 58.00851748842332, 32.07582337722282], [-187.9952204643332, 57.273656551716115, 32.057408216053005], [-187.3171546044992, 56.538655404991665, 32.03899310532391], [-186.63925981173176, 55.803496480037815, 32.020578052305986], [-185.9615553529774, 55.06816209318059, 32.00216306465061], [-185.28406033916374, 54.33263473210211, 31.983748150321727], [-184.60679385644806, 53.59689693736716, 31.965333317674407], [-183.92977507717214, 52.86093120299571, 31.946918575530958], [-183.25302319136975, 52.12472004235374, 31.92850393319399], [-182.57655740808127, 51.38824598969063, 31.91008940048345], [-181.9003969566563, 50.65149160168718, 31.891674987773587], [-181.18217546266763, 49.868193372583384, 31.87210555476188]]}, "properties": {"id": "j2c18", "name": "Passeig de Gr\u00e0cia", "highway": "tertiary", "osm_way_ids": [], "junction_id": "j2", "predecessor": {"element": "road", "id": "r59", "contact": "end"}, "successor": {"element": "road", "id": "r15", "contact": "start"}, "center_marking": null, "tags": {"turn": "through", "from_lane": -2, "to_lane": -2, "to_road": "r15"}, "lanes": [{"id": -1, "type": "driving", "width": 3.5, "direction": "forward", "marking": null, "speed_limit": 13.88888888888889, "tags": {"turn": "through"}}]}}, {"type": "Feature", "geometry": {"type": "LineString", "coordinates": [[-121.32473191303922, 137.9329736745265, 32.25149960510629], [-120.43299277678234, 137.5321612012381, 32.218521337782406], [-119.45658222018172, 137.7082022139576, 32.19379818858448], [-118.56705722854952, 138.16160451893253, 32.176701047997966], [-117.75077888378165, 138.73844295364654, 32.16398877440505], [-116.98556310349322, 139.38191537945332, 32.15397377754587], [-116.10792442028753, 140.21304741385956, 32.14421178598097]]}, "properties": {"id": "j3c1", "name": "Passatge dels Camps Elisis", "highway": "residential", "osm_way_ids": [], "junction_id": "j3", "predecessor": {"element": "road", "id": "r8", "contact": "start"}, "successor": {"element": "road", "id": "r26", "contact": "start"}, "center_marking": null, "tags": {"turn": "left", "from_lane": 1, "to_lane": -1, "to_road": "r26"}, "lanes": [{"id": -1, "type": "driving", "width": 3.3, "direction": "forward", "marking": null, "speed_limit": null, "tags": {"turn": "left"}}]}}, {"type": "Feature", "geometry": {"type": "LineString", "coordinates": [[-123.38991090189305, 132.47725822345254, 32.209660931399654], [-122.707820112146, 133.20820808770924, 32.203648050334245], [-122.08314607129157, 133.98875168139708, 32.20019901244121], [-121.53124145063822, 134.82209159076308, 32.1998131126726], [-121.09308733493314, 135.71968803314, 32.203877038598144], [-120.87140077308861, 136.69046475533605, 32.21549979960562], [-121.09753198274728, 137.6486138999814, 32.23972273664255], [-121.32473191303922, 137.9329736745265, 32.25149960510629]]}, "properties": {"id": "j3c2", "name": "Carrer de Val\u00e8ncia", "highway": "tertiary", "osm_way_ids": [], "junction_id": "j3", "predecessor": {"element": "road", "id": "r25", "contact": "end"}, "successor": {"element": "road", "id": "r8", "contact": "start"}, "center_marking": null, "tags": {"turn": "left", "from_lane": -1, "to_lane": -1, "to_road": "r8"}, "lanes": [{"id": -1, "type": "driving", "width": 3.5, "direction": "forward", "marking": null, "speed_limit": 13.88888888888889, "tags": {"turn": "left"}}]}}, {"type": "Feature", "geometry": {"type": "LineString", "coordinates": [[-123.38991090189305, 132.47725822345254, 32.209660931399654], [-122.6863434165211, 133.1878686467699, 32.20265592037149], [-121.99403258933131, 133.90945663640548, 32.196176787623166], [-121.31048391839707, 134.6393553597964, 32.19010266096775], [-120.6331104171904, 135.37499207603992, 32.184311760018105], [-119.95926553105734, 136.11386439792034, 32.17868189997872], [-119.28626658107088, 136.8535077957441, 32.1730905617846], [-118.6114151931103, 137.59146036488303, 32.167414825171264], [-117.93204096095782, 138.32524859854598, 32.161532356566354], [-117.24551612619734, 139.05234696926465, 32.15532108136266], [-116.54928406748589, 139.77015000099487, 32.14865948324507], [-116.10792442028753, 140.21304741385956, 32.14421178598097]]}, "properties": {"id": "j3c3", "name": "Carrer de Val\u00e8ncia", "highway": "tertiary", "osm_way_ids": [], "junction_id": "j3", "predecessor": {"element": "road", "id": "r25", "contact": "end"}, "successor": {"element": "road", "id": "r26", "contact": "start"}, "center_marking": null, "tags": {"turn": "through", "from_lane": -1, "to_lane": -1, "to_road": "r26"}, "lanes": [{"id": -1, "type": "driving", "width": 3.5, "direction": "forward", "marking": null, "speed_limit": 13.88888888888889, "tags": {"turn": "through"}}]}}, {"type": "Feature", "geometry": {"type": "LineString", "coordinates": [[-120.92526640345491, 129.99219735974745, 32.209660931399654], [-120.22169884211702, 130.70280770823658, 32.18069902703983], [-119.5293878074067, 131.42439549893402, 32.15226289468097], [-118.84583884747268, 132.15429395175315, 32.124231683252425], [-118.1684650285121, 132.88993037543554, 32.09648363804137], [-117.49461984998658, 133.62880243064737, 32.068896602009616], [-116.82162067824339, 134.36844562670265, 32.071531776389136], [-116.1467691942905, 135.10639810812498, 32.08781328086941], [-115.46739504772772, 135.8401864212484, 32.10388801916225], [-114.78087052974998, 136.56728509170372, 32.119633894271196], [-114.08463906451247, 137.28508870063575, 32.13492937042857], [-113.64323238364531, 137.72803369870377, 32.14421178598097]]}, "properties": {"id": "j3c4", "name": "Carrer de Val\u00e8ncia", "highway": "tertiary", "osm_way_ids": [], "junction_id": "j3", "predecessor": {"element": "road", "id": "r25", "contact": "end"}, "successor": {"element": "road", "id": "r26", "contact": "start"}, "center_marking": null, "tags": {"turn": "through", "from_lane": -2, "to_lane": -2, "to_road": "r26"}, "lanes": [{"id": -1, "type": "driving", "width": 3.5, "direction": "forward", "marking": null, "speed_limit": 13.88888888888889, "tags": {"turn": "through"}}]}}, {"type": "Feature", "geometry": {"type": "LineString", "coordinates": [[-118.46062190501678, 127.50713649604236, 32.209660931399654], [-117.75705426771395, 128.2177467697042, 32.15874241022394], [-117.06474302548573, 128.93933436146594, 32.10834955477848], [-116.38119377655565, 129.66923254371662, 32.05836153510453], [-115.70381963984528, 130.40486867484145, 32.008656622162135], [-115.02997416893103, 131.1437404633879, 31.95911268666961], [-114.35697477543397, 131.88338345767713, 31.969971331828095], [-113.68212319549002, 132.621335851384, 32.008209800872024], [-113.00274913451572, 133.35512424396703, 32.04624146953793], [-112.31622493331658, 134.08222321415533, 32.083944218448686], [-111.61999406154546, 134.80002740028212, 32.121196492400294], [-111.17854034700308, 135.24301998354798, 32.14421178598097]]}, "properties": {"id": "j3c5", "name": "Carrer de Val\u00e8ncia", "highway": "tertiary", "osm_way_ids": [], "junction_id": "j3", "predecessor": {"element": "road", "id": "r25", "contact": "end"}, "successor": {"element": "road", "id": "r26", "contact": "start"}, "center_marking": null, "tags": {"turn": "through", "from_lane": -3, "to_lane": -3, "to_road": "r26"}, "lanes": [{"id": -1, "type": "driving", "width": 3.5, "direction": "forward", "marking": null, "speed_limit": 13.88888888888889, "tags": {"turn": "through"}}]}}, {"type": "Feature", "geometry": {"type": "LineString", "coordinates": [[-115.99597740657866, 125.02207563233729, 32.209660931399654], [-115.29240969331184, 125.73268583117276, 32.13678606991858], [-114.6000982435684, 126.45427322400128, 32.064436767905256], [-113.91654870564598, 127.18417113568678, 31.992492216508428], [-113.23917425118991, 127.91980697425763, 31.92083071235954], [-112.56532848789075, 128.65867849614196, 31.84933015393266], [-111.89232887264268, 129.39832128866763, 31.86840922813274], [-111.21747719670881, 130.13627359466014, 31.928604385215593], [-110.53810322132185, 130.87006206670185, 31.988592707735098], [-109.85157933689719, 131.5971613366196, 32.04825205394207], [-109.1553490585848, 132.3149660999339, 32.107460849212444], [-108.71384831036086, 132.75800626839217, 32.14421178598097]]}, "properties": {"id": "j3c6", "name": "Carrer de Val\u00e8ncia", "highway": "tertiary", "osm_way_ids": [], "junction_id": "j3", "predecessor": {"element": "road", "id": "r25", "contact": "end"}, "successor": {"element": "road", "id": "r26", "contact": "start"}, "center_marking": null, "tags": {"turn": "through", "from_lane": -4, "to_lane": -4, "to_road": "r26"}, "lanes": [{"id": -1, "type": "driving", "width": 3.5, "direction": "forward", "marking": null, "speed_limit": 13.88888888888889, "tags": {"turn": "through"}}]}}, {"type": "Feature", "geometry": {"type": "LineString", "coordinates": [[-59.658536171972514, -76.9335795324699, 28.564268745359865], [-60.340238156564716, -76.20194956874117, 28.58526338320494], [-61.02198758821514, -75.47036381701571, 28.60625805206289], [-61.70378021093253, -74.73881831648468, 28.627252749076725], [-62.38561176945385, -74.0073091056104, 28.648247471411075], [-63.06747800917377, -73.27583222219918, 28.66924221625009], [-63.74937467607394, -72.54438370347407, 28.690236980795284], [-64.43129751665232, -71.81295958614763, 28.71123176226342], [-65.11324227785236, -71.08155590649451, 28.732226557884378], [-65.79520470699227, -70.35016870042412, 28.753221364899016], [-66.47718055169395, -69.61879400355308, 28.77421618055706], [-67.15916555981221, -68.88742785127774, 28.795211002114954], [-67.84115547936383, -68.1560662788468, 28.816205826833738], [-68.5231460584565, -67.4247053214335, 28.837200651976914], [-69.20513304521789, -66.69334101420841, 28.85819547480833], [-69.8871121877247, -65.96196939241155, 28.87919029259003], [-70.56907923393162, -65.23058649142504, 28.900185102580142], [-71.2510299316005, -64.49918834684557, 28.92117990203073], [-71.93296002822923, -63.76777099455679, 28.942174688185688], [-72.61486527098106, -63.036330470801914, 28.963169458278582], [-73.29674140661359, -62.304862812256246, 28.984164209530547], [-73.97858418140807, -61.57336405609985, 29.00515893914814], [-74.66038934109861, -60.841830240090175, 29.026153644321212], [-75.34215263080155, -60.11025740263481, 29.04714832222079], [-76.02386979494487, -59.37864158286433, 29.068142969996924], [-76.70553657719766, -58.646978820705186, 29.089137584776594], [-77.3871487203998, -57.91526515695267, 29.11013216366154], [-78.06870196649157, -57.18349663334406, 29.13112670372616], [-78.75019205644357, -56.45166929263179, 29.152121202015365], [-79.43161473018661, -55.71977917865682, 29.173115655542468], [-80.11296572654183, -54.98782233642205, 29.194110061287027], [-80.79424078315085, -54.255794812165895, 29.215104416192744], [-81.47543563640632, -53.523692653436086, 29.23609871716532], [-82.15654602138224, -52.79151190916351, 29.25709296107032], [-82.83756767176483, -52.05924862973624, 29.278087144731067], [-83.51849631978338, -51.3268988670738, 29.299081264926485], [-84.19932769614131, -50.5944586747015, 29.32007531838899], [-84.88005752994744, -49.86192410782508, 29.34106930180236], [-85.56068154864752, -49.12929122340546, 29.36206321179959], [-86.24119547795587, -48.39655608023368, 29.383057044960783], [-86.92159504178741, -47.66371473900615, 29.404050797811003], [-87.60187596218968, -46.93076326240002, 29.425044466818164], [-88.28203395927535, -46.19769771514883, 29.4460380483909], [-88.96206475115484, -45.46451416411835, 29.467031538876416], [-89.64196405386926, -44.73120867838275, 29.488024934558382], [-90.3217275813236, -43.997777329300945, 29.509018231654807], [-91.00135104522022, -43.26421619059322, 29.530011426315895], [-91.6808301488524, -42.530521332732796, 29.551004514617365], [-92.36016056028029, -41.796688798269145, 29.57199749253814], [-93.03933802650724, -41.062714707660895, 29.59299035604337], [-93.71835824976343, -40.32859514484853, 29.613983100990723], [-94.39721692974807, -39.59432619652114, 29.634975723159442], [-95.07590976356488, -38.859903952194884, 29.6559682182482], [-95.75443244565777, -38.12532450429159, 29.676960581873004], [-96.4327806677468, -37.39058394821776, 29.697952809565038], [-97.11095011876478, -36.65567838244387, 29.71894489676856], [-97.78893648479396, -35.92060390858404, 29.73993683883877], [-98.46673544900334, -35.18535663147605, 29.760928631039686], [-99.14434269158613, -34.449932659261634, 29.781920268542027], [-99.82175388969797, -33.71432810346726, 29.802911746421092], [-100.49896471739513, -32.97853907908518, 29.82390305965462], [-101.17597084557352, -32.242561704654904, 29.844894203120685], [-101.85276794190793, -31.506392102345025, 29.865885171595586], [-102.52935167079183, -30.770026398035455, 29.886875959751695], [-103.20571769327752, -30.033460721400093, 29.90786656215537], [-103.88186166701684, -29.29669120598978, 29.928856973264814], [-104.55777924620224, -28.559713989315853, 29.94984718742798], [-105.01568560619252, -28.060180391301948, 29.964071130753844]]}, "properties": {"id": "j4c1", "name": "Passeig de Gr\u00e0cia", "highway": "tertiary", "osm_way_ids": [], "junction_id": "j4", "predecessor": {"element": "road", "id": "r6", "contact": "start"}, "successor": {"element": "road", "id": "r15", "contact": "end"}, "center_marking": null, "tags": {"turn": "through", "from_lane": 1, "to_lane": 1, "to_road": "r15"}, "lanes": [{"id": -1, "type": "driving", "width": 3.5, "direction": "forward", "marking": null, "speed_limit": 13.88888888888889, "tags": {"turn": "through"}}]}}, {"type": "Feature", "geometry": {"type": "LineString", "coordinates": [[-57.09774927938066, -74.54771061512977, 28.564268745359865], [-57.7794513035633, -73.81608068829051, 28.5851514778144], [-58.46120085308362, -73.08449504640608, 28.606034241332836], [-59.142993666409886, -72.3529497235209, 28.626917033054315], [-59.82482548274072, -71.62144075294829, 28.647799850139677], [-60.50669204193442, -70.88996416734358, 28.668682689769327], [-61.18858908443802, -70.15851599877698, 28.6895655491411], [-61.87051235121648, -69.42709227880655, 28.710448425468122], [-62.552457583681644, -68.69568903855102, 28.731331315976682], [-63.23442052362134, -67.96430230876258, 28.752214217904086], [-63.916396913128104, -67.23292811989955, 28.773097128496524], [-64.59838249452835, -66.50156250219919, 28.79398004500695], [-65.280373010311, -65.77020148575025, 28.814862964692924], [-65.96236420305644, -65.03884110056572, 28.83574588481449], [-66.64435181536537, -64.30747737665541, 28.856628802632027], [-67.32633158978763, -63.576106344098655, 28.877511715404143], [-68.00829926875096, -62.84472403311683, 28.898506525801867], [-68.69025059449007, -62.113326474146206, 28.919501325657542], [-69.37218130897526, -61.38190969791044, 28.940496112211484], [-70.05408715384156, -60.6504697354934, 28.961490882693777], [-70.73596387031765, -59.919002618411945, 28.982485634322032], [-71.41780719915475, -59.18750437868861, 29.00348036429926], [-72.0996128805559, -58.45597104892463, 29.02447506981174], [-72.78137665410497, -57.72439866237278, 29.04546974802686], [-73.46309425869596, -56.992783253010366, 29.06646439609102], [-74.14476143246227, -56.26112085561242, 29.087459011127468], [-74.82637391270625, -55.5294075058248, 29.108453590234166], [-75.5079274358285, -54.79763924023751, 29.129448130481673], [-76.18941773725773, -54.06581209645808, 29.150442628910994], [-76.87084055138045, -53.33392211318514, 29.17143708253145], [-77.55219161147083, -52.60196533028201, 29.19243148831854], [-78.23346664962082, -51.869937788850535, 29.213425843211816], [-78.9146613966703, -51.13783553130493, 29.234420144112732], [-79.59577158213743, -50.40565460144595, 29.255414387882524], [-80.27679293414926, -49.6733910445351, 29.276408571340074], [-80.95772117937234, -48.94104090736902, 29.297402691259762], [-81.6385520429437, -48.20860023835411, 29.31839674436934], [-82.31928124840191, -47.47606508758129, 29.339390727347812], [-82.99990451761842, -46.743431506900976, 29.360384636823262], [-83.68041757072902, -46.01069554999825, 29.38137846937077], [-84.36081612606564, -45.27785327246826, 29.402372221510227], [-85.0410959000884, -44.54490073189182, 29.423365889704243], [-85.72125260731765, -43.81183398791122, 29.444359470355987], [-86.4012819602667, -43.07864910230635, 29.465352959807067], [-87.08117966937436, -42.345342139070986, 29.48634635433539], [-87.76094144293809, -41.61190916448936, 29.50733965015302], [-88.44056298704727, -40.878346247212974, 29.52833284340408], [-89.12004000551681, -40.144649458337746, 29.54932593016257], [-89.799368199821, -39.410814871481335, 29.570318906430277], [-90.4785432690278, -38.67683856286084, 29.59131176813461], [-91.15756090973332, -37.942716611370734, 29.6123045111265], [-91.83641681599673, -37.20844509866112, 29.633297131178242], [-92.51510667927536, -36.47402010921631, 29.65434303519071], [-93.19362618836047, -35.7394377304337, 29.67548752600209], [-93.87197102931292, -35.00469405270298, 29.696631880697133], [-94.55013688539964, -34.269785169485644, 29.71777609471232], [-95.22811943287864, -33.534707173566744, 29.73892016339154], [-95.90591430374538, -32.79945612286963, 29.76006408195379], [-96.58351721972562, -32.06402816411974, 29.781207845598686], [-97.26092385227679, -31.32841940386971, 29.802351449392756], [-97.93812986974932, -30.592625952146776, 29.82349488830472], [-98.61513093732542, -29.85664392253448, 29.844638157203388], [-99.29192271695807, -29.12046943225469, 29.865781250855516], [-99.96850086731077, -28.38409860225011, 29.8869241639237], [-100.64486104369753, -27.647527557267043, 29.908066890964236], [-101.32099889802338, -26.910752425938718, 29.929209426424997], [-101.99691007872538, -26.173769340868994, 29.95035176464332], [-102.43539254114404, -25.695420847825545, 29.964071130753844]]}, "properties": {"id": "j4c2", "name": "Passeig de Gr\u00e0cia", "highway": "tertiary", "osm_way_ids": [], "junction_id": "j4", "predecessor": {"element": "road", "id": "r6", "contact": "start"}, "successor": {"element": "road", "id": "r15", "contact": "end"}, "center_marking": null, "tags": {"turn": "through", "from_lane": 2, "to_lane": 2, "to_road": "r15"}, "lanes": [{"id": -1, "type": "driving", "width": 3.5, "direction": "forward", "marking": null, "speed_limit": 13.88888888888889, "tags": {"turn": "through"}}]}}, {"type": "Feature", "geometry": {"type": "LineString", "coordinates": [[-54.53696238678881, -72.16184169778965, 28.564268745359865], [-55.21866445602667, -71.43021181293203, 28.585039572427437], [-55.900414127560715, -70.69862628475104, 28.605810430609047], [-56.58220713444709, -69.96708114226342, 28.62658131704008], [-57.2640392104745, -69.23557241375278, 28.647352228877654], [-57.94590609009328, -68.50409612684277, 28.668123163298535], [-58.62780350834429, -67.77264830857027, 28.68889411749696], [-59.30972720078794, -67.04122498545844, 28.709665088682502], [-59.99167290343294, -66.30982218358977, 28.730436074077947], [-60.67363635266522, -65.578435928679, 28.751207070917125], [-61.35561328517656, -64.84706224614602, 28.771978076442785], [-62.03759943789337, -64.11569716118883, 28.792749087904465], [-62.71959054790537, -63.384336698856295, 28.81352010255633], [-63.40158235239423, -62.652976884121, 28.834291117655034], [-64.08357058856225, -61.92161374195209, 28.855062130457597], [-64.765550993561, -61.19024329738809, 28.875833138219246], [-65.44751930442003, -60.458861575609696, 28.896827949024008], [-66.12947125797544, -59.72746460201262, 28.917822749284582], [-66.8114025907987, -58.996048402280465, 28.9388175362378], [-67.49330903912539, -58.264609002457625, 28.959812307110337], [-68.17518633878386, -57.533142429022206, 28.980807059116373], [-68.8570302251242, -56.80164470895902, 29.001801789455467], [-69.5388364329471, -56.07011186983262, 29.022796495310395], [-70.2206006964328, -55.33853993986047, 29.043791173845033], [-70.90231874907015, -54.60692494798602, 29.064785822202193], [-71.58398632358578, -53.87526292395212, 29.0857804375015], [-72.26559915187335, -53.14354989837428, 29.106775016837247], [-72.94715296492281, -52.411781902814184, 29.127769557276245], [-73.62864349274999, -51.679954969853284, 29.148764055855697], [-74.3100664643261, -50.9480651331665, 29.169758509581047], [-74.99141760750746, -50.21610842759602, 29.190752915423847], [-75.6726926489655, -49.484080889225325, 29.211747270319613], [-76.35388731411658, -48.75197855545322, 29.232741571165676], [-77.03499732705228, -48.01979746506817, 29.253735814819063], [-77.71601840771261, -47.287533655758736, 29.27472999809246], [-78.39694623750421, -46.555183132292875, 29.295724117728483], [-79.0777765747309, -45.822741973986275, 29.316718170476506], [-79.75850513748922, -45.09020622593533, 29.337712153010816], [-80.43912764220451, -44.35757193500016, 29.358706061954685], [-81.11963980356225, -43.62483514987997, 29.379699893878215], [-81.80003733443968, -42.89199192118862, 29.400693645296222], [-82.48031594583755, -42.15903830153042, 29.421687312666077], [-83.16047134681223, -41.425970345576175, 29.442680892385578], [-83.84049924440804, -40.69278411013945, 29.463674380790803], [-84.52039534358983, -39.95947565425303, 29.484667774153976], [-85.20015534717572, -39.22604103924574, 29.505661068681334], [-85.8797749557705, -38.49247632881946, 29.52665426051098], [-86.55924986769878, -37.75877758912642, 29.547647345710747], [-87.23857577893894, -37.02494088884672, 29.568640320276057], [-87.9177483830571, -36.29096229926632, 29.589633180127795], [-88.59676337114149, -35.556837894355056, 29.61062592111016], [-89.27561643173719, -34.8225637508452, 29.631618538988533], [-89.9543032507812, -34.08813594831017, 29.65272659685468], [-90.63281951153779, -33.35355056924368, 29.674023214791646], [-91.31116089453431, -32.61880369913906, 29.69531969642646], [-91.98932307749736, -31.88389142656911, 29.71661603718786], [-92.66730173528926, -31.14880984326613, 29.737912232415102], [-93.34509253984496, -30.41355504420238, 29.759208277355803], [-94.02269116010939, -29.678123127670855, 29.78050416716382], [-94.70009326197524, -28.94251019536648, 29.801799896897105], [-95.377294508221, -28.206712352467626, 29.823095461515585], [-96.05429055844965, -27.470725707718007, 29.844390855879023], [-96.73107706902765, -26.734546373509026, 29.86568607474489], [-97.40764969302438, -25.998170465962414, 29.886981112766232], [-98.08400408015221, -25.26159410501336, 29.90827596448954], [-98.76013587670673, -24.524813414494, 29.929570624352618], [-99.43604072550792, -23.78782452221737, 29.950865086682473], [-99.85509947609556, -23.33066130434914, 29.964071130753844]]}, "properties": {"id": "j4c3", "name": "Passeig de Gr\u00e0cia", "highway": "tertiary", "osm_way_ids": [], "junction_id": "j4", "predecessor": {"element": "road", "id": "r6", "contact": "start"}, "successor": {"element": "road", "id": "r15", "contact": "end"}, "center_marking": null, "tags": {"turn": "through", "from_lane": 3, "to_lane": 3, "to_road": "r15"}, "lanes": [{"id": -1, "type": "driving", "width": 3.5, "direction": "forward", "marking": null, "speed_limit": 13.88888888888889, "tags": {"turn": "through"}}]}}, {"type": "Feature", "geometry": {"type": "LineString", "coordinates": [[-51.97617549419695, -69.77597278044952, 28.564268745359865], [-52.65787760316409, -69.04434293261075, 28.584927667036993], [-53.33962739297353, -68.31275751464877, 28.605586619879354], [-54.02142059111048, -67.58121255040524, 28.626245601018443], [-54.703252925794786, -66.84970406298646, 28.64690460760757], [-55.38512012590995, -66.11822807483675, 28.667563636819743], [-56.06701792093177, -65.3867806078118, 28.688222685845492], [-56.748942040857166, -64.65535768325189, 28.708881751890736], [-57.430888216132885, -63.92395532205522, 28.729540832174646], [-58.112852177583974, -63.192569544750896, 28.750199923927475], [-58.794829656342486, -62.46119637157215, 28.77085902438844], [-59.47681638377594, -61.72983182252941, 28.791518130803553], [-60.158808091415835, -60.99847191748329, 28.812177240423473], [-60.84080051088614, -60.26711267621764, 28.832836350501392], [-61.52278937383173, -59.535750118512546, 28.85349545829084], [-62.20477041184691, -58.804380264217336, 28.874154561043582], [-62.88673935640385, -58.07299913332362, 28.895149372256533], [-63.5686919387811, -57.34160274603829, 28.916144172922646], [-64.2506238899921, -56.6101871228566, 28.93713896027516], [-64.93253094071375, -55.87874828463523, 28.95813373153724], [-65.61440882121498, -55.14728225266545, 28.979128483919535], [-66.29625326128547, -54.41578504874624, 29.000123214618032], [-66.97805999016428, -53.6842526952576, 29.021117920811907], [-67.65982473646869, -52.952681215233824, 29.042112599661387], [-68.3415432281231, -52.22106663243687, 29.0631072483056], [-69.02321119228789, -51.48940497142987, 29.08410186386042], [-69.70482435528854, -50.757692257650625, 29.105096443416343], [-70.38637844254484, -50.02592451748537, 29.126090984036313], [-71.06786917850008, -49.29409777834245, 29.1470854827536], [-71.7492922865505, -48.562208068726264, 29.168079936569637], [-72.43064348897488, -47.83025141831133, 29.18907434245188], [-73.11191850686413, -47.098223858016375, 29.210068697331675], [-73.79311306005123, -46.36612142007868, 29.231062998102086], [-74.47422286704115, -45.633940138128565, 29.252057241615766], [-75.15524364494114, -44.90167604726398, 29.273051424682816], [-75.83617110939095, -44.16932518412528, 29.294045544068627], [-76.51700097449351, -43.436883586970296, 29.31503959649174], [-77.19772895274562, -42.70434729574941, 29.336033578621702], [-77.8783507549689, -41.97171235218095, 29.357027487076916], [-78.55886206322582, -41.23897477474101, 29.378021318403526], [-79.23925858910611, -40.50613061294942, 29.399015069113915], [-79.9195360571663, -39.77317593209593, 29.420008735673505], [-80.59969017083978, -39.04010678173197, 29.441002314474606], [-81.27971663154304, -38.306919213557094, 29.46199580184767], [-81.95961113860785, -37.573609281495614, 29.482989194059126], [-82.63936938921414, -36.84017304177369, 29.503982487309248], [-83.3189870783228, -36.10660655299643, 29.52497567773001], [-83.99845989860906, -35.372905876225516, 29.545968761382944], [-84.67778354039602, -34.63906707505688, 29.56696173425699], [-85.35695369158853, -33.9050862156988, 29.587954592266357], [-86.03596603760742, -33.17095936705034, 29.60894733124838], [-86.71481626132405, -32.43668260077991, 29.629939946961382], [-87.39350004299511, -31.702251991404307, 29.651118903676412], [-88.07201306019803, -30.96766361636803, 29.672567648744135], [-88.7503509877664, -30.232913556122835, 29.69401625732221], [-89.42850949772607, -29.49799789420776, 29.71546472483149], [-90.10648425923145, -28.76291271732941, 29.73691304660308], [-90.78427093850232, -28.0276541154426, 29.75836121787624], [-91.4618651987609, -27.292218181831384, 29.7798092337962], [-92.13926270016955, -26.556601013190416, 29.801257089412086], [-92.81645909976864, -25.82079870970672, 29.82270477967472], [-93.49345005141507, -25.08480737514182, 29.844152299434512], [-94.17023120572107, -24.348623116914204, 29.86559964343933], [-94.84679820999361, -23.612242046182335, 29.88704680633234], [-95.5231467081741, -22.875660277927903, 29.908493782649884], [-96.19927234077879, -22.138873931039562, 29.929940566819358], [-96.87517074483937, -21.40187912839711, 29.951387153157047], [-97.27480641104708, -20.965901760872736, 29.964071130753844]]}, "properties": {"id": "j4c4", "name": "Passeig de Gr\u00e0cia", "highway": "tertiary", "osm_way_ids": [], "junction_id": "j4", "predecessor": {"element": "road", "id": "r6", "contact": "start"}, "successor": {"element": "road", "id": "r15", "contact": "end"}, "center_marking": null, "tags": {"turn": "through", "from_lane": 4, "to_lane": 4, "to_road": "r15"}, "lanes": [{"id": -1, "type": "driving", "width": 3.5, "direction": "forward", "marking": null, "speed_limit": 13.88888888888889, "tags": {"turn": "through"}}]}}, {"type": "Feature", "geometry": {"type": "LineString", "coordinates": [[-59.658536171972514, -76.9335795324699, 28.564268745359865], [-60.35406313147051, -76.21516258226812, 28.58526744856362], [-61.076001655277416, -75.52328669669379, 28.606254395268085], [-61.82248109495044, -74.8579581319, 28.627202063140977], [-62.591706072277546, -74.21905858709425, 28.64808590606694], [-63.38196835720865, -73.60636629377761, 28.668884211254415], [-64.19165445188405, -73.01957596006201, 28.68957791059603], [-65.01932057760058, -72.45842558347908, 28.71014977367507], [-65.86350475076777, -71.92244224178661, 28.73058547408452], [-66.72288140759825, -71.41116638007304, 28.75087248470254], [-67.59630419603256, -70.92426974901022, 28.7709989320598], [-68.48256149680093, -70.46114139950019, 28.790956235778218], [-69.3806841362513, -70.02146028569933, 28.81073501196078], [-70.28965774931672, -69.60467068417547, 28.83032874220333], [-71.20859200143913, -69.21032247356398, 28.849731139085662], [-72.1367084108468, -68.83809482250702, 28.86893561149526], [-73.07319803970212, -68.48746377286433, 28.88793817553834], [-74.0173599075401, -68.15804651457796, 28.906734308239912], [-74.96854154072787, -67.84947938345762, 28.925319910017443], [-75.92614126135139, -67.5614423978362, 28.943690969360954], [-76.8895881498581, -67.29361042304814, 28.96184400322268], [-77.85834190724195, -67.04565692840181, 28.979775998514548], [-78.83190427318974, -66.81731051109546, 28.997483729753633], [-79.80980590861043, -66.60832453093543, 29.014964023235294], [-80.79160312832367, -66.41847749937187, 29.032213703277687], [-81.7768748168571, -66.2475733378037, 29.0492295431165], [-82.76521951249293, -66.09544153955137, 29.066008219714877], [-83.7562526427596, -65.96193726429107, 29.08254627180925], [-84.74960389323827, -65.84694138879016, 29.09884006056687], [-85.74491469068215, -65.75036053341411, 29.114885732283685], [-86.741835780897, -65.6721270800063, 29.130679182601337], [-87.74002618207143, -65.61222486970269, 29.146215654823145], [-88.73914620222472, -65.57061733037808, 29.16149071805456], [-89.73886030486281, -65.54730908202922, 29.176499383054132], [-90.7388334933294, -65.54233505669875, 29.191236212788773], [-91.73872875935287, -65.55575621734842, 29.20569534938507], [-92.73820480943279, -65.58765967020551, 29.219870479103555], [-93.73691374583582, -65.63815879460871, 29.233754796384346], [-94.73449868171708, -65.70739338338404, 29.24734096676861], [-95.73059126990185, -65.79552978375807, 29.26062108854601], [-96.72480912498169, -65.90276102547564, 29.27358665303019], [-97.71675311866866, -66.0293069190468, 29.286228503425072], [-98.70600452890079, -66.17541410281426, 29.298536792316135], [-99.69212202412085, -66.3413560127259, 29.310500937907037], [-100.67463846560693, -66.52743274323682, 29.322109579225106], [-101.65305751290425, -66.7339707615809, 29.33335053064432], [-102.62685002051852, -66.96132243069657, 29.344210736224248], [-103.595442426628, -67.20989433246619, 29.354675673652682], [-104.55821621574928, -67.48012246476151, 29.364729719251052], [-105.51452960074714, -67.77238611773294, 29.37435776065732], [-106.4636797668218, -68.08713200149323, 29.383542777112595], [-107.40487949834022, -68.42490629703482, 29.392265014904485], [-108.337302972621, -68.78619712281966, 29.400505027150704], [-109.26008904774736, -69.17143422913237, 29.40824372660152], [-110.17218940163833, -69.58132524987454, 29.415455103825806], [-111.07264663015219, -70.01619309452182, 29.422120266363837], [-111.96022218626945, -70.47677764889755, 29.428209930751173], [-112.83377023003484, -70.963435319444, 29.433701938009893], [-113.69193914629481, -71.47672250696617, 29.43856810530798], [-114.53326384068572, -72.01717009659231, 29.442778969529897], [-115.35627578279309, -72.58510839830262, 29.446308032597408], [-116.15934778684553, -73.18090298636199, 29.449125939998737], [-116.94075942135781, -73.80483058213053, 29.451203305813962], [-117.6987059161029, -74.45705821901203, 29.45251115654418], [-118.4313060075515, -75.13762723356838, 29.45302128682013], [-118.78985763117768, -75.49086958887085, 29.452967934711644]]}, "properties": {"id": "j4c5", "name": "Passeig de Gr\u00e0cia", "highway": "tertiary", "osm_way_ids": [], "junction_id": "j4", "predecessor": {"element": "road", "id": "r6", "contact": "start"}, "successor": {"element": "road", "id": "r55", "contact": "start"}, "center_marking": null, "tags": {"turn": "left", "from_lane": 1, "to_lane": -1, "to_road": "r55"}, "lanes": [{"id": -1, "type": "driving", "width": 3.5, "direction": "forward", "marking": null, "speed_limit": 13.88888888888889, "tags": {"turn": "left"}}]}}, {"type": "Feature", "geometry": {"type": "LineString", "coordinates": [[-105.01568560619252, -28.060180391301948, 29.964071130753844], [-104.33992386301779, -28.797300502515238, 29.943081053271328], [-103.66393278005373, -29.534210298835923, 29.922090774951105], [-102.9877167054809, -30.270913640021725, 29.90110030152108], [-102.31127998398111, -31.00741438984768, 29.880109638597467], [-101.63462695679605, -31.743716416022448, 29.859118791686896], [-100.95776196178629, -32.47982359010499, 29.838127766188542], [-100.28068933349061, -33.215739787421654, 29.817136567396233], [-99.6034134031861, -33.95146888698361, 29.796145200500575], [-98.92593849894845, -34.68701477140485, 29.77515367059107], [-98.24826894571284, -35.42238132682032, 29.75416198265824], [-97.57040906533513, -36.157572442804714, 29.73317014159574], [-96.89236317665365, -36.8925920122914, 29.71217815220249], [-96.2141355955513, -37.62744393149189, 29.6911860191848], [-95.53573063501794, -38.36213209981549, 29.670193747158475], [-94.85715260521354, -39.09666041978953, 29.64920134065095], [-94.17840581353124, -39.83103279697973, 29.628208804103423], [-93.4994945646612, -40.565253139911036, 29.60721614187296], [-92.82042316065451, -41.29932535998868, 29.586223358234644], [-92.14119590098771, -42.03325337141965, 29.565230457383674], [-91.4618170826274, -42.767041091134416, 29.544237443437506], [-90.78229100009547, -43.50069243870903, 29.523244320437982], [-90.10262194553435, -44.23421133628742, 29.502251092353447], [-89.42281420877288, -44.967601708504056, 29.481257763080883], [-88.74287207739222, -45.70086748240687, 29.460264336448027], [-88.06279983679224, -46.434012587380444, 29.439270816215505], [-87.38260177025818, -47.16704095506949, 29.418277206078965], [-86.70228215902743, -47.89995651930254, 29.397283509671194], [-86.0218452823568, -48.632763216015924, 29.376289730564245], [-85.34129541758986, -49.365464983177986, 29.35529587227158], [-84.66063684022478, -50.09806576071354, 29.334301938250178], [-83.97987382398202, -50.83056949042849, 29.313307931902678], [-83.29901064087262, -51.56298011593475, 29.292313856579508], [-82.6180515612666, -52.29530158257533, 29.271319715581], [-81.93700085396141, -53.02753783734961, 29.250325512159534], [-81.25586278625089, -53.759692828838865, 29.22933124952166], [-80.5746416239941, -54.49177050713189, 29.208336930830225], [-79.8933416316846, -55.22377482375083, 29.187342559206503], [-79.21196707251977, -55.95570973157726, 29.166348137732335], [-78.53052220847027, -56.687579184778265, 29.145353669452238], [-77.84901130034979, -57.41938713873283, 29.12435915737555], [-77.16743860788479, -58.15113754995823, 29.10336460447856], [-76.48580838978457, -58.88283437603668, 29.082370013706626], [-75.80412490381127, -59.614481575542015, 29.06137538797631], [-75.12239240685014, -60.34608310796653, 29.04038073017751], [-74.4406151549798, -61.07764293364793, 29.019386043175594], [-73.75879740354272, -61.80916501369631, 28.99839132981351], [-73.07694340650835, -62.540653309261884, 28.977396592913486], [-72.3950574101661, -63.27211177551634, 28.956401835275013], [-71.71314367943519, -64.00354438604137, 28.93540705969397], [-71.03120646741917, -64.73495510430925, 28.91441226894497], [-70.34925002683879, -65.46634789420088, 28.893417465790876], [-69.66727861010295, -66.19772671993314, 28.87242265298492], [-68.98529646937956, -66.92909554598654, 28.851427833272847], [-68.30330785666648, -67.6604583370326, 28.830433009395026], [-67.62131702386249, -68.39181905786143, 28.809438184088595], [-66.93932822283821, -69.12318167330926, 28.78844336008959], [-66.25734570550716, -69.85455014818605, 28.767448540135067], [-65.57537372389675, -70.58592844720299, 28.746453726965235], [-64.89341653021904, -71.31732053489998, 28.725458923325586], [-64.21147837694198, -72.0487303755733, 28.704464131969033], [-63.52956351686011, -72.78016193320292, 28.683469355658023], [-62.84767620316546, -73.51161917138008, 28.662474597166682], [-62.165820689518455, -74.24310605323456, 28.64147985928294], [-61.484001230118615, -74.97462654136216, 28.620485144810658], [-60.802222079775234, -75.70618459775184, 28.599490456571765], [-60.1204874939781, -76.43778418371302, 28.57849579740838], [-59.658536171972514, -76.9335795324699, 28.564268745359865]]}, "properties": {"id": "j4c6", "name": "Passeig de Gr\u00e0cia", "highway": "tertiary", "osm_way_ids": [], "junction_id": "j4", "predecessor": {"element": "road", "id": "r15", "contact": "end"}, "successor": {"element": "road", "id": "r6", "contact": "start"}, "center_marking": null, "tags": {"turn": "through", "from_lane": -1, "to_lane": -1, "to_road": "r6"}, "lanes": [{"id": -1, "type": "driving", "width": 3.5, "direction": "forward", "marking": null, "speed_limit": 13.88888888888889, "tags": {"turn": "through"}}]}}, {"type": "Feature", "geometry": {"type": "LineString", "coordinates": [[-107.595978671241, -30.42493993477835, 29.964071130753844], [-106.92021700232614, -31.16206011407614, 29.94323318298452], [-106.24422615101425, -31.898970122901257, 29.922395034514082], [-105.56801045983215, -32.635673815998736, 29.901556691062893], [-104.891574267815, -33.37217505212303, 29.880718158239844], [-104.21492191056461, -34.108477693954526, 29.85987944154448], [-103.53805772030825, -34.84458560801635, 29.83904054636907], [-102.86098602595796, -35.580502664591776, 29.818201478000766], [-102.18371115317036, -36.31623273764183, 29.79736224162368], [-101.50623742440688, -37.05177970472349, 29.776522842321032], [-100.82856915899431, -37.78714744690801, 29.75568328507723], [-100.15071067318608, -38.52233984869996, 29.73484357478001], [-99.47266628022373, -39.257360797956345, 29.714003716222553], [-98.79444029039875, -39.99221418580625, 29.693163714105573], [-98.1160370111151, -40.72690390657077, 29.672323573039485], [-97.43746074695184, -41.46143385768337, 29.651483297546473], [-96.75871579972628, -42.19580793961047, 29.630490762421637], [-96.07980646855752, -42.930030055772505, 29.609498101650864], [-95.4007370499303, -43.66410411246516, 29.588505319511654], [-94.72151183775921, -44.39803401878109, 29.567512420194543], [-94.04213512345328, -45.13182368653181, 29.54651940781246], [-93.36261119598086, -45.86547703016995, 29.525526286402844], [-92.6829443419349, -46.59899796671184, 29.504533059929752], [-92.00313884559843, -47.3323904156603, 29.483539732286005], [-91.32319898901049, -48.065658298927815, 29.462546307295277], [-90.64312905203222, -48.79880554075987, 29.441552788714258], [-89.96293331241334, -49.531836067658645, 29.42055918023473], [-89.28261604585887, -50.26475380830693, 29.399565485485727], [-88.60218152609606, -50.99756269349225, 29.378571708035633], [-87.92163402494168, -51.73026665603128, 29.357577851394318], [-87.24097781236961, -52.46286963069454, 29.336583919015254], [-86.56021715657836, -53.19537555413117, 29.315589914297647], [-85.87935632405926, -53.92778836479405, 29.29459584058854], [-85.1983995796645, -54.660112002865084, 29.273601701184962], [-84.51735118667561, -55.39235041018069, 29.25260749933603], [-83.83621540687211, -56.12450753015745, 29.231613238245085], [-83.15499650060015, -56.85658730771795, 29.210618921071813], [-82.47369872684165, -57.58859368921694, 29.18962455093436], [-81.79232634328345, -58.32053062236732, 29.16863013091147], [-81.1108836063866, -59.05240205616672, 29.147635664044596], [-80.42937477145577, -59.78421194082381, 29.12664115334003], [-79.74780407984214, -60.51596421569957, 29.105646601762558], [-79.06617579065119, -61.24766283870025, 29.084652012258474], [-78.38449416642347, -61.97931177281052, 29.063657387748094], [-77.70276345853583, -62.71091497235281, 29.042662731118277], [-77.02098791755834, -63.442476392494946, 29.021668045231333], [-76.33917179332458, -64.17399998917746, 29.000673332927168], [-75.65731933500196, -64.90548971904079, 28.97967859702539], [-74.97543479116212, -65.63694953935274, 28.958683840327442], [-74.29352240985146, -66.36838340793602, 28.93768906561873], [-73.61158643866173, -67.09979528309559, 28.916694275670732], [-72.92963112480064, -67.83118912354644, 28.895699473243138], [-72.24766071516248, -68.56256888834112, 28.87467180495735], [-71.56567945639893, -69.29393853679741, 28.853565080396613], [-70.88369159498976, -70.0253020284261, 28.832458351585824], [-70.20170137731364, -70.75666332285864, 28.81135162125874], [-69.51971304971889, -71.4880263797749, 28.790244892147935], [-68.8377308585943, -72.21939515883092, 28.769138166986952], [-68.15575905043991, -72.9507736195867, 28.74803144851239], [-67.47380187193782, -73.6821657214338, 28.726924739466064], [-66.79186357002288, -74.4135754235232, 28.705818042597112], [-66.10994839195352, -75.14500668469279, 28.684711360664114], [-65.42806058538235, -75.87646346339523, 28.663604696437222], [-64.74620439842683, -76.6079497176253, 28.642498052700304], [-64.06438407973985, -77.33946940484763, 28.621391432253024], [-63.3826038785803, -78.07102648192406, 28.600284837913005], [-62.700868044883414, -78.80262490504107, 28.579178272517954], [-62.21932306456437, -79.31944844981004, 28.564268745359865]]}, "properties": {"id": "j4c7", "name": "Passeig de Gr\u00e0cia", "highway": "tertiary", "osm_way_ids": [], "junction_id": "j4", "predecessor": {"element": "road", "id": "r15", "contact": "end"}, "successor": {"element": "road", "id": "r6", "contact": "start"}, "center_marking": null, "tags": {"turn": "through", "from_lane": -2, "to_lane": -2, "to_road": "r6"}, "lanes": [{"id": -1, "type": "driving", "width": 3.5, "direction": "forward", "marking": null, "speed_limit": 13.88888888888889, "tags": {"turn": "through"}}]}}, {"type": "Feature", "geometry": {"type": "LineString", "coordinates": [[-107.595978671241, -30.42493993477835, 29.964071130753844], [-106.95738498609043, -31.193944803239944, 29.943298743476827], [-106.40424137919561, -32.02638162199915, 29.922825617153066], [-105.9544332741244, -32.91877606211447, 29.902966230480274], [-105.62361988085358, -33.86169344555633, 29.884092029863425], [-105.42051076410915, -34.84009457561696, 29.86655682781269], [-105.34605613234412, -35.83664859224035, 29.850635117798973], [-105.39179027943497, -36.83504925835031, 29.83644792443331], [-105.54481505738558, -37.82284313511271, 29.82399335452231], [-105.78958128849766, -38.79210052960775, 29.81316262988843], [-106.11152388741058, -39.738615878076075, 29.80380541288792], [-106.49740361585842, -40.66098341817473, 29.79574871482284], [-106.93662757407341, -41.55922741691236, 29.788836850647893], [-107.42022663888595, -42.434415137291296, 29.78292226348376], [-107.94102082663666, -43.28801790751374, 29.777877556040586], [-108.49316908863784, -44.12170223210529, 29.77359202953971], [-109.07201431394459, -44.93709244822328, 29.769821732498976], [-109.67376485203152, -45.73574002579692, 29.766638112225994], [-110.2952616670761, -46.51912747349461, 29.763973439252606], [-110.93386364847808, -47.288640700561466, 29.76176815288024], [-111.58735206129256, -48.045557926159255, 29.75997050446712], [-112.25392749880086, -48.790980121561844, 29.758537558467626], [-112.9319678456118, -49.52599230184988, 29.75742921874344], [-113.6201405602921, -50.251529089580714, 29.756611895997974], [-114.31720955340948, -50.968524994280294, 29.75605341685601], [-115.02217394300042, -51.67776122956782, 29.755727361287505], [-115.73408775923865, -52.38002281515356, 29.75560805718832], [-116.45210046791945, -53.07604858156328, 29.755671926175403], [-117.17545624911946, -53.766520819489344, 29.755897628620353], [-117.90345829556003, -54.452093363063234, 29.756265117976252], [-118.63547098668532, -55.13338257630131, 29.74749152250231], [-119.37085694481868, -55.81102976783072, 29.727250384011374], [-120.10902465926898, -56.48564612712462, 29.70709559189022], [-120.84939650932773, -57.1578431372854, 29.68700948483001], [-121.59140292639418, -57.82823566178331, 29.66697446911528], [-122.33445822464503, -58.49746560386433, 29.64697230824611], [-123.07795782054022, -59.16620198374634, 29.62698408093453], [-123.82126581097688, -59.83515129163074, 29.60698984360725], [-124.56370004037203, -60.50507003761415, 29.586968222850814], [-125.3044900216389, -61.17680615857032, 29.56689517643678], [-126.04278759020256, -61.851280044555466, 29.54674443526277], [-126.7775967631275, -62.52955166960043, 29.526485465648815], [-127.50773624394216, -63.21284594727355, 29.506082539871766], [-128.23177927191435, -63.90259461066626, 29.485493224284518], [-128.9478672283937, -64.60059469205201, 29.464663274042437], [-129.34135155400247, -64.99255085745888, 29.452967934711644]]}, "properties": {"id": "j4c8", "name": "Passeig de Gr\u00e0cia", "highway": "tertiary", "osm_way_ids": [], "junction_id": "j4", "predecessor": {"element": "road", "id": "r15", "contact": "end"}, "successor": {"element": "road", "id": "r55", "contact": "start"}, "center_marking": null, "tags": {"turn": "right", "from_lane": -2, "to_lane": -5, "to_road": "r55"}, "lanes": [{"id": -1, "type": "driving", "width": 3.5, "direction": "forward", "marking": null, "speed_limit": 13.88888888888889, "tags": {"turn": "right"}}]}}, {"type": "Feature", "geometry": {"type": "LineString", "coordinates": [[-54.87569075222572, -11.323209072182388, 29.480517502524965], [-55.57064608847119, -12.042215296113893, 29.479897809154455], [-56.245160267730576, -12.780434340081019, 29.47868955566416], [-56.89945036066957, -13.536638356652038, 29.476914384123912], [-57.533766605348724, -14.309675392593238, 29.47459328193605], [-58.148383680524134, -15.098467649507898, 29.471746480029985], [-58.74354828826793, -15.902041272942911, 29.46839223645014], [-59.319527930490366, -16.719477140445814, 29.464548291384293], [-59.87669291837455, -17.549853073281113, 29.460233938403164], [-60.415212719804266, -18.392441951343677, 29.455462593740176], [-60.93549894758705, -19.246411522266936, 29.45025280460858], [-61.437699016480195, -20.111142092971214, 29.444616048846477], [-61.9221995358676, -20.98591332552652, 29.43856882455013], [-62.389172012798156, -21.870166716195264, 29.432122042897664], [-62.83888472183251, -22.763322342413517, 29.425288355923005], [-63.27159897450933, -23.66483675786895, 29.4180797651864], [-63.68751017213063, -24.574226451928265, 29.410506404778477], [-64.08676594838889, -25.491051202603362, 29.402577057604635], [-64.46960981149822, -26.41484974149927, 29.394302228733768], [-64.83620495471098, -27.34521626505453, 29.38569041177073], [-65.18669955427593, -28.281767530888864, 29.37674954095282], [-65.52122640024979, -29.224140835539302, 29.36748701613899], [-65.83990260341002, -30.171992099124335, 29.357909727307387], [-66.14282936132442, -31.124994050126826, 29.348024078415037], [-66.43009176900044, -32.082834502654244, 29.337836010520952], [-66.70175779330208, -33.045214955519505, 29.32735100780979], [-66.95787677073915, -34.011849305358794, 29.316574094912564], [-67.19849206533698, -34.982459101991104, 29.305510093832222], [-67.42362234881752, -35.95677714241102, 29.29416329543375], [-67.63326954674706, -36.93454373716151, 29.282537632084953], [-67.82741515132766, -37.91550603818831, 29.27063663369789], [-68.00602785857095, -38.89941508217685, 29.258463584158584], [-68.16906098590714, -39.88602522114938, 29.246021492023164], [-68.31644868805643, -40.87509348932744, 29.233313044551785], [-68.44810762401133, -41.866377938417784, 29.220340657177754], [-68.56393676726276, -42.859636345940935, 29.207106490143772], [-68.66381720251998, -43.854624907529534, 29.19361246518116], [-68.74761191107451, -44.85109690384839, 29.179860282404103], [-68.81516554804853, -45.84880133274416, 29.165851437607618], [-68.86630421595157, -46.84748149720135, 29.15158724017584], [-68.9008352402758, -47.846873539678455, 29.137068831826248], [-68.91854305952786, -48.846704949443456, 29.122297148788018], [-68.91918035908671, -49.846692563167146, 29.1072728218615], [-68.90251003958141, -50.84654084516564, 29.091996817631788], [-68.86826152136359, -51.84594080696086, 29.07646981402867], [-68.8161446328649, -52.844567765676004, 29.06069243766386], [-68.7458496151976, -53.842079360198575, 29.044665293723174], [-68.65704722240223, -54.83811345528665, 29.028388998945776], [-68.54938894110569, -55.83228592917817, 29.011864218105657], [-68.42242682833397, -56.824177278994036, 28.995090690010528], [-68.27583160872933, -57.81335641190533, 28.978070067667034], [-68.10920889253299, -58.799358804049966, 28.96080355194295], [-67.92208289291933, -59.78167558213653, 28.943291816969104], [-67.71397823792188, -60.75976174141102, 28.925536086154445], [-67.48452084014143, -61.73305894228488, 28.907539268461218], [-67.23309202385151, -62.70091185253868, 28.889302144762397], [-66.95933175543807, -63.6626853839184, 28.870828983911565], [-66.6626164621647, -64.61762520142888, 28.85212198337319], [-66.34256906697738, -65.56499906997185, 28.833186622594184], [-65.9985048457486, -66.50391552776698, 28.814026263954702], [-65.63007097349544, -67.43353700540244, 28.794648326077365], [-65.23673841541775, -68.35289913690505, 28.775059550159625], [-64.81793691355325, -69.26094008882606, 28.755267538278776], [-64.37331545026764, -70.15661808659229, 28.735282805548877], [-63.9024508315612, -71.03877987967032, 28.715116484715768], [-63.40496975509841, -71.90620822655835, 28.694781402090126], [-62.880560684299546, -72.75762548814204, 28.674292197628667], [-62.32895074062746, -73.59167478682573, 28.653665269369537], [-61.75003243159909, -74.40700263008458, 28.632919389423968], [-61.14375830038622, -75.20219569444596, 28.612075109662577], [-60.51018883152939, -75.97581374371194, 28.591154969242336], [-59.849508185320225, -76.72640780874292, 28.570183451998798], [-59.658536171972514, -76.9335795324699, 28.564268745359865]]}, "properties": {"id": "j4c9", "name": "Carrer d'Arag\u00f3", "highway": "primary", "osm_way_ids": [], "junction_id": "j4", "predecessor": {"element": "road", "id": "r17", "contact": "end"}, "successor": {"element": "road", "id": "r6", "contact": "start"}, "center_marking": null, "tags": {"turn": "left", "from_lane": -1, "to_lane": -1, "to_road": "r6"}, "lanes": [{"id": -1, "type": "driving", "width": 3.6, "direction": "forward", "marking": null, "speed_limit": 13.88888888888889, "tags": {"turn": "left"}}]}}, {"type": "Feature", "geometry": {"type": "LineString", "coordinates": [[-54.87569075222572, -11.323209072182388, 29.480517502524965], [-55.57346197633317, -12.0395048647814, 29.479979845191178], [-56.256384650811704, -12.769972230413163, 29.479011418419294], [-56.92459652322236, -13.51392126796198, 29.477624613800288], [-57.57824196140787, -14.27070141925954, 29.475831328518385], [-58.21746943678064, -15.039699668911345, 29.473642955513462], [-58.842429342059276, -15.82033867615444, 29.471070379569102], [-59.45320577614295, -16.61212505225649, 29.46812225131661], [-60.04999492177689, -17.41450704596163, 29.464809742224283], [-60.63294471127798, -18.227000294889947, 29.461142303176437], [-61.20210915629124, -19.04920983225154, 29.457126663990238], [-61.75771272732339, -19.880643649981497, 29.45277351273108], [-62.299782369410366, -20.72096437117797, 29.448088316555317], [-62.8285243118302, -21.569734765825174, 29.443080672541953], [-63.34394337577204, -22.426661325632164, 29.437755063943232], [-63.8462333659491, -23.291349229367782, 29.432120268096053], [-64.33541793946348, -24.163518663880204, 29.426180838542404], [-64.81160561026692, -25.04285176696875, 29.41994314505707], [-65.2748958804017, -25.92904825609147, 29.41341316098812], [-65.7252924819735, -26.82186711442923, 29.406594564469874], [-66.16289129944859, -27.721027816165837, 29.39949297878809], [-66.58775338897782, -28.626276544439538, 29.392113115021708], [-66.99990542600062, -29.53738269600106, 29.384458831154255], [-67.39933518994933, -30.454137738712266, 29.376533083044787], [-67.78611203018082, -31.376302301919097, 29.368340486188682], [-68.16024508921387, -32.30366869503158, 29.359884297028344], [-68.52173461601681, -33.23603649145398, 29.35116753239914], [-68.87055477183533, -34.173218040383254, 29.342192634557207], [-69.20667856291305, -35.115027745205914, 29.33296199794115], [-69.53010636081187, -36.06127240309332, 29.323478532582772], [-69.84080121855669, -37.011773921005286, 29.3137443741745], [-70.13871667728104, -37.96635806811767, 29.303761460877194], [-70.42379664091759, -38.9248538416085, 29.29353154101746], [-70.69596617355683, -39.88709534021192, 29.283056009987707], [-70.95512883283446, -40.852921160522186, 29.27233588022297], [-71.20122780188002, -41.82215780098767, 29.26137292704666], [-71.43416672284278, -42.79464097365316, 29.250168207498895], [-71.65383891992275, -43.77020645901737, 29.23872262630431], [-71.8601272555891, -44.748689464124816, 29.227036943414213], [-72.05290398574611, -45.72992396868085, 29.215111781713407], [-72.23198605797103, -46.713749861107985, 29.202946864300618], [-72.39726235636701, -47.699988592343445, 29.190543246226394], [-72.5485750218375, -48.68846572154224, 29.17790123540937], [-72.68575198485539, -49.679003329732865, 29.16502098369819], [-72.80860987516006, -50.6714186852738, 29.151902549598127], [-72.91689333977259, -51.66552962750564, 29.13854492758781], [-73.01044551851052, -52.661134435492194, 29.12494885035739], [-73.08905348846038, -53.65803018949346, 29.111114246603023], [-73.15248201831672, -54.656006674829634, 29.097040827596388], [-73.20041074342134, -55.654847207262314, 29.082727153608566], [-73.23266241889537, -56.654316204688435, 29.068174167504207], [-73.24897166231634, -57.654172281433695, 29.053381607086212], [-73.24895352716673, -58.654160962039796, 29.038347653845584], [-73.2324153587509, -59.654012251997386, 29.0230735420526], [-73.19901121524369, -60.65344184847397, 29.00755847352287], [-73.14839164236398, -61.652146990006216, 28.991801876075247], [-73.08029411535604, -62.64981232549432, 28.97580464139868], [-72.9942701476657, -63.64609147916298, 28.9595654009482], [-72.89008289300716, -64.64063459779612, 28.943085941621792], [-72.76725273922294, -65.63304707975622, 28.926365163517815], [-72.62550310363495, -66.62293347547826, 28.90940495639063], [-72.4644015383927, -67.60985454452539, 28.892205582975954], [-72.28355927907526, -68.59334883307407, 28.874768280468246], [-72.08264376942958, -69.57293879753082, 28.85709535210238], [-71.8611829064813, -70.54808865669807, 28.839187930553084], [-71.61882112037372, -71.51825378414645, 28.82104899013335], [-71.35519902700737, -72.48285778985469, 28.802681926759373], [-71.06992889551842, -73.4412821712384, 28.784090353828773], [-70.76258404998227, -74.39285652774609, 28.76527809393603], [-70.43284201912158, -75.3369019872318, 28.74625062493119], [-70.0803805358785, -76.27270090417339, 28.727014010572063], [-69.70488203752416, -77.19949485492833, 28.70757499664587], [-69.30605848259894, -78.11649190457315, 28.68794126559762], [-68.8836567763274, -79.02286843053912, 28.668121488663655], [-68.43746439179743, -79.91777167015339, 28.648125369992535], [-67.967315093911, -80.80032305607354, 28.627963680427666], [-67.4730946526669, -81.66962239053088, 28.60764827852303], [-66.95474641261838, -82.52475289112989, 28.587192116347207], [-66.55889987255411, -83.14294908459377, 28.572094165108286]]}, "properties": {"id": "j4c10", "name": "Carrer d'Arag\u00f3", "highway": "primary", "osm_way_ids": [], "junction_id": "j4", "predecessor": {"element": "road", "id": "r17", "contact": "end"}, "successor": {"element": "road", "id": "r7", "contact": "start"}, "center_marking": null, "tags": {"turn": "left", "from_lane": -1, "to_lane": -1, "to_road": "r7"}, "lanes": [{"id": -1, "type": "driving", "width": 3.6, "direction": "forward", "marking": null, "speed_limit": 13.88888888888889, "tags": {"turn": "left"}}]}}, {"type": "Feature", "geometry": {"type": "LineString", "coordinates": [[-65.0848280683732, -1.1677418126199317, 29.480517502524965], [-65.78499078177157, -1.8817144301464437, 29.50020746609198], [-66.47671810058618, -2.603867163309348, 29.519650833278337], [-67.16207701853892, -3.332069272891618, 29.538909918040453], [-67.84272920117297, -4.064674239119309, 29.558033821533492], [-68.52002510893402, -4.800384132341265, 29.577061848545373], [-69.19509460693213, -5.538137965215858, 29.59602651022436], [-69.86892356399389, -6.277025260987365, 29.6149559457913], [-70.54237591850716, -7.016255890986216, 29.633874698803393], [-71.21622993406658, -7.7551203395889345, 29.652804845355572], [-71.89121222250913, -8.492954043196626, 29.671767028761902], [-72.56799763477582, -9.229133898495588, 29.69078051015662], [-73.24723477512188, -9.963051916522339, 29.70986393873918], [-73.92955900057991, -10.694100308445917, 29.72903576653289], [-74.6156015925853, -11.421659843819754, 29.748314557734254], [-75.3059993686873, -12.145087304301967, 29.76771931817282], [-76.00140388769844, -12.863702519033929, 29.767112530821727], [-76.70249046017969, -13.576774459859342, 29.766671951526234], [-77.40997102612486, -14.28350190820444, 29.766420505998205], [-78.12461922643982, -14.98297902437953, 29.766383155968967], [-78.84722469121719, -15.67423055296474, 29.76658614119661], [-79.5786544425779, -16.35613549353097, 29.7670590273052], [-80.31984634189753, -17.027413896449836, 29.767834808215046], [-81.07192759647742, -17.686465036651686, 29.768954076612758], [-81.83595196295533, -18.331627295993528, 29.770457263676498], [-82.61330189731424, -18.960662312117396, 29.772398290810536], [-83.4053234503664, -19.571109830132936, 29.77483388153108], [-84.21362297076658, -20.159819392118354, 29.77805815995683], [-85.03994560440667, -20.72292985303947, 29.782164713617245], [-85.88613690695892, -21.255686136066718, 29.787018923262707], [-86.75423126929002, -21.751902546241276, 29.792743609030243], [-87.64609344411778, -22.20392639591657, 29.799481156594886], [-88.56336230546904, -22.601735235687308, 29.80740626398514], [-89.50672821836966, -22.93269799120229, 29.81671893627534], [-90.47511381174299, -23.18064640341496, 29.827646432332745], [-91.4639132077198, -23.326198951501535, 29.840412572001732], [-92.46291048351829, -23.348805323713574, 29.855176500738636], [-93.45480479045777, -23.229374454121697, 29.87197156150487], [-94.41628620665219, -22.958391706201006, 29.890599049510218], [-95.32349442418989, -22.540124782800266, 29.91064503096839], [-96.15870055049655, -21.991719809807844, 29.931591841101262], [-96.91443954557897, -21.337819413254962, 29.952959565632035], [-97.27480641104708, -20.965901760872736, 29.964071130753844]]}, "properties": {"id": "j4c11", "name": "Carrer d'Arag\u00f3", "highway": "primary", "osm_way_ids": [], "junction_id": "j4", "predecessor": {"element": "road", "id": "r17", "contact": "end"}, "successor": {"element": "road", "id": "r15", "contact": "end"}, "center_marking": null, "tags": {"turn": "right", "from_lane": -5, "to_lane": 4, "to_road": "r15"}, "lanes": [{"id": -1, "type": "driving", "width": 3.6, "direction": "forward", "marking": null, "speed_limit": 13.88888888888889, "tags": {"turn": "right"}}]}}, {"type": "Feature", "geometry": {"type": "LineString", "coordinates": [[-65.0848280683732, -1.1677418126199317, 29.480517502524965], [-65.78667713367898, -1.8800629055774578, 29.50025710886776], [-66.48341713936641, -2.5973847865355144, 29.519846661745383], [-67.17703988623487, -3.3177226583496733, 29.539345184640126], [-67.8691333596448, -4.039530460856829, 29.558799193127687], [-68.5609913674927, -4.761564029583357, 29.578246355962097], [-69.25372405472545, -5.4827582511138475, 29.597718959374223], [-69.94829797410091, -6.202178989410112, 29.617245216470646], [-70.64561914741782, -6.918936631369631, 29.636851783651657], [-71.3465131310252, -7.632200200163028, 29.656563255867287], [-72.05177906948, -8.341140290108996, 29.676403818099125], [-72.76221988537844, -9.044893511779467, 29.696398221762756], [-73.4786613003991, -9.742535698259488, 29.716572462879455], [-74.20190637838395, -10.433120259461463, 29.736952541038683], [-74.93281774323167, -11.115583611355937, 29.75756709028987], [-75.67230772207245, -11.788739671549944, 29.778447315840616], [-76.42139636127018, -12.451194618600265, 29.77947223197148], [-77.18114646968085, -13.101390081686, 29.780837079497466], [-77.95267566115656, -13.73755847064275, 29.782585518203813], [-78.73737904473401, -14.357395804483131, 29.784772641520597], [-79.53656570082543, -14.958432788537623, 29.78745476679036], [-80.35190283452606, -15.537357378924401, 29.79070613211035], [-81.18508934680182, -16.090261635534976, 29.7946103989357], [-82.03795883163308, -16.61226007583576, 29.799267899883862], [-82.91254323310915, -17.09694336342502, 29.804804785271596], [-83.81059586413873, -17.536536371421782, 29.811363653101], [-84.73375288895218, -17.920476579235206, 29.819127288968097], [-85.68250954659086, -18.23561995126627, 29.828300559845918], [-86.65541325757482, -18.465082245325778, 29.839116002660308], [-87.64713851360325, -18.588795703236045, 29.851797228260633], [-88.64632645358378, -18.584988894901077, 29.866504996559275], [-89.63390243508218, -18.434443825921075, 29.883248547267822], [-90.58479977112805, -18.1285985899403, 29.901789059970724], [-91.47424361660727, -17.673883557854168, 29.921666601607406], [-92.2852601929993, -17.090347654208212, 29.942330882424834], [-92.8001930525532, -16.62215028087761, 29.956919869274245]]}, "properties": {"id": "j4c12", "name": "Carrer d'Arag\u00f3", "highway": "primary", "osm_way_ids": [], "junction_id": "j4", "predecessor": {"element": "road", "id": "r17", "contact": "end"}, "successor": {"element": "road", "id": "r29", "contact": "start"}, "center_marking": null, "tags": {"turn": "right", "from_lane": -5, "to_lane": -1, "to_road": "r29"}, "lanes": [{"id": -1, "type": "driving", "width": 3.6, "direction": "forward", "marking": null, "speed_limit": 13.88888888888889, "tags": {"turn": "right"}}]}}, {"type": "Feature", "geometry": {"type": "LineString", "coordinates": [[-54.87569075222572, -11.323209072182388, 29.480517502524965], [-55.580945990743935, -12.032162560365528, 29.480199962292264], [-56.28622971791599, -12.741087707370573, 29.47988326585009], [-56.99154130864348, -13.449985132856526, 29.47956739471711], [-57.69688013790094, -14.158855456556218, 29.479252330411946], [-58.40224558073427, -14.867699298274609, 29.478938054453177], [-59.1076370122591, -15.576517277887124, 29.478624548359363], [-59.81305380765916, -16.285310015338013, 29.478311793649013], [-60.51849534218467, -16.994078130638627, 29.4779997718406], [-61.22396099115077, -17.702822243865782, 29.47768846445258], [-61.929450129935795, -18.411542975160096, 29.47737785300336], [-62.63496213397976, -19.12024094472433, 29.47706791901133], [-63.34049637878267, -19.82891677282169, 29.47675864399484], [-64.04605223990292, -20.53757107977421, 29.47645000947222], [-64.75162909295567, -21.24620448596104, 29.47614199696177], [-65.4572263136112, -21.95481761181685, 29.475834587981762], [-66.16284327759332, -22.66341107783009, 29.475527764050447], [-66.86847936067774, -23.371985504541403, 29.475221506686054], [-67.57413393869038, -24.080541512541917, 29.474915797406783], [-68.27980638750577, -24.78907972247164, 29.47461061773082], [-68.98549608304549, -25.497600755017753, 29.474305949176326], [-69.69120240127643, -26.20610523091298, 29.474001773261442], [-70.39692471820922, -26.91459377093392, 29.47369807150429], [-71.10266240989658, -27.62306699589944, 29.473394825422982], [-71.80841485243171, -28.33152552666893, 29.473092016535603], [-72.51418142194659, -29.039969984140754, 29.47278962636022], [-73.21996149461042, -29.74840098925054, 29.472487636414904], [-73.92575444662792, -30.45681916296955, 29.472186028217692], [-74.63155965423778, -31.165225126302982, 29.47188478328661], [-75.3373764937109, -31.873619500288417, 29.47158388313968], [-76.04320434134887, -32.58200290599409, 29.471283309294908], [-76.74904257348223, -33.29037596451725, 29.470983043270287], [-77.45489056646892, -33.99873929698256, 29.470683066583796], [-78.16074769669258, -34.70709352454043, 29.470383360753416], [-78.86661334056093, -35.41543926836531, 29.470083907297106], [-79.57248687450411, -36.12377714965413, 29.469784687732826], [-80.27836767497308, -36.83210778962462, 29.46948568357852], [-80.98425511843797, -37.540431809513656, 29.46918687635213], [-81.69014858138638, -38.24874983057562, 29.468888247571595], [-82.3960474403218, -38.95706247408078, 29.46858977875484], [-83.10195107176193, -39.6653703613136, 29.468291451419788], [-83.80785885223712, -40.37367411357113, 29.467993247084358], [-84.51377015828857, -41.08197435216137, 29.46769514726647], [-85.21968436646681, -41.790271698401575, 29.467397133484027], [-85.92560085333005, -42.49856677361669, 29.46709918725495], [-86.63151899544252, -43.20686019913762, 29.466801290097134], [-87.33743816937275, -43.91515259629967, 29.46650342352849], [-88.04335775169203, -44.623444586440854, 29.466205569066922], [-88.74927711897277, -45.33173679090023, 29.465907708230333], [-89.45519564778672, -46.04002983101633, 29.465609822536628], [-90.16111271470353, -46.74832432812544, 29.465311893503713], [-90.8670276962889, -47.45662090356003, 29.465013902649495], [-91.5729399691031, -48.16492017864704, 29.46471583149188], [-92.2788489096992, -48.87322277470629, 29.46441766154878], [-92.98475389462158, -49.581529313048776, 29.46411937433811], [-93.69065430040405, -50.28984041497517, 29.463820951377787], [-94.39654950356851, -50.99815670177394, 29.463522374185736], [-95.102438880623, -51.70647879471995, 29.463223624279884], [-95.80832180806028, -52.41480731507266, 29.462924683178166], [-96.51419766183386, -53.123142884594955, 29.462625532383036], [-97.22006581717999, -53.8314861257272, 29.462326153376253], [-97.92592565194474, -54.53983765826852, 29.462026527717548], [-98.631776542543, -55.248198103400455, 29.461726636924887], [-99.33761786536608, -55.956568082280995, 29.461426462516236], [-100.0434489967801, -56.66494821604289, 29.461125986009584], [-100.74926931312429, -57.37333912579202, 29.460825188922918], [-101.45507819070944, -58.08174143260573, 29.460524052774243], [-102.1608750058162, -58.790155757531195, 29.460222559081572], [-102.86665913469338, -59.498582721583766, 29.45992068936293], [-103.57242995355652, -60.207022945745344, 29.45961842513637], [-104.27818683858604, -60.91547705096272, 29.459315747919934], [-104.98392916592566, -61.62394565814587, 29.459012639231698], [-105.68965631168082, -62.33242938816638, 29.458709080589745], [-106.39536765191703, -63.04092886185575, 29.458405053512184], [-107.10106256265817, -63.749444700003785, 29.45810053951713], [-107.80674041988493, -64.45797752335687, 29.45779552012272], [-108.51240059953315, -65.16652795261642, 29.457489976847114], [-109.2180424774922, -65.87509660843712, 29.457183891208494], [-109.92366542960332, -66.58368411142533, 29.456877244725057], [-110.62926883165795, -67.29229108213738, 29.45657001891502], [-111.33485205939625, -68.00091814107803, 29.456262195296635], [-112.04041448850533, -68.70956590869862, 29.45595375538817], [-112.7459554946177, -69.4182350053956, 29.455644680707913], [-113.45147445330954, -70.12692605150876, 29.455334952774194], [-114.15697074009924, -70.83563966731958, 29.45502455310536], [-114.8624437304456, -71.54437647304964, 29.454713463219786], [-115.56789279974639, -72.25313708885882, 29.45440166463588], [-116.27331732333653, -72.96192213484377, 29.45408913887209], [-116.97871667648661, -73.67073223103623, 29.453775867446875], [-117.68409023440125, -74.37956799740122, 29.453461831878748], [-118.38943737221743, -75.08843005383555, 29.453147013686248], [-118.78985763117768, -75.49086958887085, 29.452967934711644]]}, "properties": {"id": "j4c13", "name": "Carrer d'Arag\u00f3", "highway": "primary", "osm_way_ids": [], "junction_id": "j4", "predecessor": {"element": "road", "id": "r17", "contact": "end"}, "successor": {"element": "road", "id": "r55", "contact": "start"}, "center_marking": null, "tags": {"turn": "through", "from_lane": -1, "to_lane": -1, "to_road": "r55"}, "lanes": [{"id": -1, "type": "driving", "width": 3.6, "direction": "forward", "marking": null, "speed_limit": 13.88888888888889, "tags": {"turn": "through"}}]}}, {"type": "Feature", "geometry": {"type": "LineString", "coordinates": [[-57.427975081262595, -8.784342257291774, 29.480517502524965], [-58.13326150358188, -9.493264722121967, 29.485240331797133], [-58.83863783384955, -10.202097728832278, 29.489965824240333], [-59.54410205017802, -10.91084326725785, 29.49469392029385], [-60.24965213141665, -11.619503327989088, 29.49942456039642], [-60.955286057135666, -12.328079902353704, 29.504157684986264], [-61.661001807609765, -13.036574982398921, 29.508893234501123], [-62.366797363801865, -13.74499056087359, 29.513631149378266], [-63.07267070734672, -14.453328631210482, 29.518371370054542], [-63.77861982053453, -15.16159118750848, 29.523113836966395], [-64.48464268629453, -15.869780224514919, 29.527858490549885], [-65.19073728817847, -16.57789773760796, 29.532605271240723], [-65.89690161034405, -17.285945722778912, 29.537354119474276], [-66.6031336375385, -17.993926176614647, 29.54210497568561], [-67.30943135508193, -18.70184109628009, 29.546857780309505], [-68.0157927488506, -19.409692479500688, 29.55161247378045], [-68.72221580526048, -20.117482324544895, 29.551329550694962], [-69.42869851125036, -20.825212630206753, 29.551048397287143], [-70.13523885426521, -21.532885395788497, 29.55076895402835], [-70.84183482223945, -22.240502621083095, 29.55049116135217], [-71.54848440358018, -22.948066306356907, 29.550214959692024], [-72.25518558715024, -23.655578452332442, 29.549940289481146], [-72.96193636225154, -24.36304106017092, 29.549667091152614], [-73.6687347186081, -25.070456131455064, 29.549395305139363], [-74.37557864634923, -25.777825668171854, 29.549124871874184], [-75.08246613599252, -26.485151672695256, 29.54885573178975], [-75.78939517842696, -27.192436147769058, 29.548587825318624], [-76.49636376489602, -27.899681096489648, 29.548321092893254], [-77.20336988698061, -28.606888522288887, 29.548055474946], [-77.9104115365821, -29.31406042891693, 29.547790911909132], [-78.61748670590529, -30.02119882042514, 29.54752734421485], [-79.32459338744144, -30.728305701148933, 29.547264712295267], [-80.0317295739511, -31.435383075690748, 29.547002956582443], [-80.73889325844715, -32.1424329489029, 29.54674201750838], [-81.44608243417764, -32.84945732587062, 29.54648183550502], [-82.15329509460875, -33.55645821189494, 29.546222351004264], [-82.86052923340763, -34.26343761247564, 29.545963504437974], [-83.56778284442531, -34.97039753329432, 29.54570523623797], [-84.27505392167954, -35.677339980197296, 29.545447486836043], [-84.98234045933768, -36.384266959178696, 29.54519019666395], [-85.6896404516995, -37.0911804763634, 29.544933306153432], [-86.39695189318007, -37.79808253799004, 29.5446767557362], [-87.1042727782926, -38.50497515039414, 29.544420485843965], [-87.81160110163113, -39.211860319991025, 29.544164436908403], [-88.51893485785357, -39.91874005325893, 29.543908549361195], [-89.22627204166433, -40.625616356722, 29.543652763634004], [-89.93361064779728, -41.33249123693337, 29.543397020158494], [-90.64094867099845, -42.03936670045818, 29.543141259366333], [-91.3482841060089, -42.746244753856644, 29.542885421689174], [-92.05561494754753, -43.45312740366705, 29.542629447558692], [-92.76293919029384, -44.16001665638886, 29.542373277406558], [-93.47025482887086, -44.86691451846574, 29.542116851664456], [-94.1775598578279, -45.573822996268554, 29.54186011076408], [-94.88485227162332, -46.28074409607847, 29.54160299513715], [-95.59213006460743, -46.98767982406992, 29.54134544521539], [-96.2993912310054, -47.69463218629364, 29.54108740143057], [-97.00663376489997, -48.40160318865971, 29.540828804214463], [-97.71385566021428, -49.10859483692059, 29.540569593998885], [-98.4210549106949, -49.81560913665396, 29.54030971121569], [-99.12822950852183, -50.522648094618916, 29.540049096256002], [-99.8353774420272, -51.22971372100253, 29.539787689402985], [-100.54249670963391, -51.93680801544578, 29.539525431246304], [-101.24958530421051, -52.64393298265718, 29.539262262218013], [-101.9566412183634, -53.35109062708536, 29.538998122750215], [-102.66366244441969, -54.05828295290203, 29.538732953275087], [-103.37064697441019, -54.76551196398481, 29.538466694224883], [-104.07759280005241, -55.47277966390015, 29.538199286031944], [-104.78449791273353, -56.18008805588613, 29.537930669128695], [-105.49136030349335, -56.88743914283539, 29.537660783947672], [-106.19817796300745, -57.59483492727799, 29.537389570921516], [-106.90494888157015, -58.302277411364024, 29.537116970482984], [-107.61167104907759, -59.00976859684664, 29.536842923064977], [-108.31834245501088, -59.717310485064566, 29.53656736910053], [-109.02496108841918, -60.42490507692506, 29.536290249022837], [-109.7315249379029, -61.132554372886425, 29.536011503265254], [-110.43803199159684, -61.840260372940875, 29.535731072261328], [-111.14448023715339, -62.54802507659699, 29.533195965853952], [-111.8508676617258, -63.25585048286248, 29.527702970370726], [-112.55719225195145, -63.96373859022674, 29.522208110943133], [-113.26345199393506, -64.67169139664341, 29.5167113280056], [-113.96964487323213, -65.37971089951286, 29.51121256199282], [-114.67576887483222, -66.08779909566478, 29.505711753339767], [-115.38182198314242, -66.79595798134056, 29.50020884248171], [-116.08780218197072, -67.50418955217575, 29.49470376985426], [-116.7937074545095, -68.2124958031825, 29.489196475893362], [-117.49953578331905, -68.92087872873186, 29.483686901035323], [-118.20528515031108, -69.62934032253604, 29.47817498571686], [-118.91095353673234, -70.33788257763086, 29.472660670375102], [-119.61653892314817, -71.04650748635788, 29.46714389544763], [-120.3220392894263, -71.75521704034657, 29.461624601372492], [-121.0274526147204, -72.46401323049653, 29.456102728588245], [-121.42773111188387, -72.86628990601785, 29.452967934711644]]}, "properties": {"id": "j4c14", "name": "Carrer d'Arag\u00f3", "highway": "primary", "osm_way_ids": [], "junction_id": "j4", "predecessor": {"element": "road", "id": "r17", "contact": "end"}, "successor": {"element": "road", "id": "r55", "contact": "start"}, "center_marking": null, "tags": {"turn": "through", "from_lane": -2, "to_lane": -2, "to_road": "r55"}, "lanes": [{"id": -1, "type": "driving", "width": 3.6, "direction": "forward", "marking": null, "speed_limit": 13.88888888888889, "tags": {"turn": "through"}}]}}, {"type": "Feature", "geometry": {"type": "LineString", "coordinates": [[-59.98025941029946, -6.24547544240116, 29.480517502524965], [-60.6855770146837, -6.954366881986572, 29.490280701292505], [-61.39104593586525, -7.6631077355961885, 29.50004838262301], [-62.09666274523612, -8.371701353134375, 29.509820445882717], [-62.80242401627057, -9.080151086666802, 29.519596790435894], [-63.50832632448048, -9.788460290367786, 29.52937731564498], [-64.21436624737017, -10.496632320467933, 29.539161920870722], [-64.92054036439129, -11.20467053520188, 29.54895050547228], [-65.62684525689738, -11.91257829475628, 29.558742968807366], [-66.33327750809825, -12.620358961218018, 29.568539210232334], [-67.0398337030141, -13.328015898522503, 29.578339129102293], [-67.74651042842969, -14.035552472402244, 29.588142624771205], [-68.45330427284793, -14.742972050335599, 29.597949596591985], [-69.16021182644374, -15.450278001495606, 29.607759943916577], [-69.86722968101738, -16.15747369669906, 29.617573566096045], [-70.57435442994779, -16.864562508355778, 29.627390362480657], [-71.28158266814573, -17.57154781041793, 29.6271313408876], [-71.9889109920068, -18.278432978329576, 29.626875291985037], [-72.6963359993642, -18.985221388976377, 29.626622115333763], [-73.40385428944147, -19.69191642063545, 29.62637171028155], [-74.11146246280501, -20.398521452925245, 29.626123976175684], [-74.81915712131652, -21.10503986675572, 29.62587881236304], [-75.52693486808522, -21.811475044278595, 29.62563611819011], [-76.23479230742008, -22.51783036883764, 29.62539579300305], [-76.94272604478175, -23.2241092249192, 29.625157736147738], [-77.65073268673457, -23.930314998102798, 29.624921846969787], [-78.35880884089832, -24.636451075011827, 29.624688024814606], [-79.06695111589993, -25.34252084326436, 29.6244561690274], [-79.77515612132508, -26.048527691424077, 29.624226178953236], [-80.48342046766972, -26.754475008951275, 29.623997953937028], [-81.1917407662914, -27.46036618615398, 29.623771393323594], [-81.90011362936072, -28.1662046141391, 29.623546396457655], [-82.60853566981244, -28.87199368476376, 29.623322862683857], [-83.31700350129677, -29.57773679058659, 29.623100691346796], [-84.02551373813037, -30.283437324819175, 29.622879781791017], [-84.73406299524741, -30.989098681277543, 29.622660033361036], [-85.44264788815057, -31.694724254333725, 29.62244134540135], [-86.15126503286194, -32.40031743886734, 29.622223617256427], [-86.85991104587382, -33.10588163021726, 29.62200674827074], [-87.5685825440996, -33.81142022413335, 29.621790637788745], [-88.27727614482453, -34.51693661672813, 29.621575185154914], [-88.9859884656564, -35.2224342044287, 29.621360289713703], [-89.69471612447633, -35.927916383928434, 29.621145850809576], [-90.40345573938936, -36.633386552138866, 29.620931767787013], [-91.11220392867516, -37.33884810614161, 29.620717939990477], [-91.82095731073865, -38.04430444314019, 29.620504266764453], [-92.5297125040606, -38.74975896041194, 29.62029064745342], [-93.23846612714831, -39.45521505525995, 29.620076981401855], [-93.94721479848619, -40.160676124964915, 29.619863167954247], [-94.6559551364863, -40.86614556673714, 29.619649106455075], [-95.36468375943916, -41.571626777668314, 29.619434696248817], [-96.0733972854642, -42.27712315468354, 29.619219836679953], [-96.78209233246052, -42.982638094493026, 29.61900442709296], [-97.49076551805751, -43.68817499354416, 29.618788366832312], [-98.1994134595656, -44.39373724797312, 29.61857155524249], [-98.90803277392699, -45.099328253556784, 29.61835389166796], [-99.61662007766634, -45.80495140566444, 29.618135275453216], [-100.32517198684168, -46.51061009920953, 29.617915605942756], [-101.03368511699526, -47.21630772860124, 29.61769478248108], [-101.74215608071667, -47.922047690092995, 29.617472704341697], [-102.45058148389943, -48.62783338544038, 29.617249270617194], [-103.15895794929044, -49.3336681981663, 29.617024380921382], [-103.86728208987802, -50.03955552017778, 29.616797934598953], [-104.57555051788981, -50.74549874263494, 29.616569830994663], [-105.28375984474403, -51.4515012559024, 29.61633996945336], [-105.99190668100067, -52.1575664495004, 29.61610824932001], [-106.699987636313, -52.86369771205594, 29.615874569939702], [-107.4079993193791, -53.56989843125379, 29.615638830657698], [-108.11593833789331, -54.27617199378747, 29.615400930819433], [-108.82380129849807, -54.982521785309935, 29.61516076977057], [-109.53158480673554, -55.688951190384465, 29.614918246857016], [-110.23928546699968, -56.395463592435114, 29.614673261424976], [-110.94689988248811, -57.10206237369734, 29.614425712820978], [-111.65442465515446, -57.8087509151683, 29.614175500391923], [-112.36185638566037, -58.515532596557044, 29.613922523485147], [-113.06919167332815, -59.222410796234776, 29.613666681448443], [-113.77642711609312, -59.9293888911847, 29.608901793183158], [-114.48355931045631, -60.63647025695194, 29.598221888362534], [-115.19058485143744, -61.343658267593206, 29.587538816459475], [-115.89750033252768, -62.05095629562636, 29.576852476824303], [-116.60430234564289, -62.75836771197979, 29.56616276880814], [-117.31098748107692, -63.465895885941634, 29.555469591762986], [-118.01755232745495, -64.17354418510892, 29.544772845041795], [-118.7239934716873, -64.8813159753364, 29.534072427998556], [-119.43030749892303, -65.58921462068533, 29.52336823998843], [-120.13649099250408, -66.29724348337197, 29.51266018036779], [-120.84254053391939, -67.00540592371607, 29.501948148494357], [-121.54845270275922, -67.7137053000889, 29.49123204372731], [-122.2542240766698, -68.42214496886136, 29.4805117654274], [-122.95985123130802, -69.1307282843518, 29.469787212957065], [-123.66533074029643, -69.83945859877355, 29.45905828568055], [-124.06560459259008, -70.24171022316487, 29.452967934711644]]}, "properties": {"id": "j4c15", "name": "Carrer d'Arag\u00f3", "highway": "primary", "osm_way_ids": [], "junction_id": "j4", "predecessor": {"element": "road", "id": "r17", "contact": "end"}, "successor": {"element": "road", "id": "r55", "contact": "start"}, "center_marking": null, "tags": {"turn": "through", "from_lane": -3, "to_lane": -3, "to_road": "r55"}, "lanes": [{"id": -1, "type": "driving", "width": 3.6, "direction": "forward", "marking": null, "speed_limit": 13.88888888888889, "tags": {"turn": "through"}}]}}, {"type": "Feature", "geometry": {"type": "LineString", "coordinates": [[-62.53254373933633, -3.706608627510546, 29.480517502524965], [-63.23789252374592, -4.415469040261339, 29.49532107075985], [-63.943454022758864, -5.124117728860897, 29.510130940943778], [-64.64922339118247, -5.832559393109631, 29.524946971378206], [-65.35519578791924, -6.540798737113327, 29.539769020359934], [-66.0613663758812, -7.248840469175781, 29.554596946181416], [-66.76773032190346, -7.956689301692093, 29.569430607131125], [-67.4742827966573, -8.664349951042475, 29.58426986149387], [-68.18101897456276, -9.371827137486578, 29.599114567551105], [-68.88793403370043, -10.079125585058383, 29.613964583581215], [-69.59502315572296, -10.786250021461568, 29.628819767859774], [-70.30228152576585, -11.493205177965487, 29.643679978659836], [-71.00970433235786, -12.19999578930148, 29.65854507425214], [-71.71728676733085, -12.906626593559762, 29.67341491290538], [-72.42502402572917, -13.61310233208679, 29.688289352886382], [-73.13291130571857, -14.31942774938303, 29.703168252460326], [-73.84094380849463, -15.0256075930012, 29.70293313291632], [-74.54911673819088, -15.731646613444909, 29.70270218886004], [-75.25742530178626, -16.437549564067783, 29.702475279182515], [-75.96586470901244, -17.143321200972895, 29.702252262144135], [-76.67443017226053, -17.848966282912652, 29.702032996004437], [-77.3831169064876, -18.55448957118903, 29.70181733902227], [-78.09192012912261, -19.25989582955421, 29.701605149455876], [-78.80083505997221, -19.965189824111512, 29.701396285563025], [-79.5098569211261, -20.67037632321668, 29.701190605601088], [-80.21898093686204, -21.375460097379516, 29.70098796782714], [-80.92820233355054, -22.080445919165808, 29.700788230498038], [-81.6375163395595, -22.785338563099522, 29.700591251870474], [-82.3469181851581, -23.49014280556536, 29.700396890201052], [-83.05640310242094, -24.194863424711492, 29.700205003746333], [-83.76596632513152, -24.899505200352586, 29.700015450762884], [-84.47560308868572, -25.604072913873118, 29.699828089507307], [-85.185308629995, -26.30857134813081, 29.69964277823628], [-85.89507818738932, -27.013005287360407, 29.699459375206587], [-86.60490700051992, -27.717379517077553, 29.699277738675114], [-87.31479031026194, -28.421698823982936, 29.699097726898884], [-88.02472335861688, -29.12596799586648, 29.69891919813506], [-88.7347013886147, -29.83019182151187, 29.698742010640938], [-89.44471964421616, -30.534375090601095, 29.698566022673965], [-90.1547733702147, -31.238522593619134, 29.69839109249173], [-90.86485781213831, -31.94263912175885, 29.69821707835193], [-91.57496821615135, -32.64672946682587, 29.698043838512397], [-92.28509982895625, -33.35079842114361, 29.69787123123107], [-92.99524789769504, -34.054850777458434, 29.69769911476596], [-93.70540766985108, -34.75889132884472, 29.697527347375168], [-94.41557439315038, -35.46292486861017, 29.69735578731683], [-95.12574331546323, -36.166956190201, 29.69718429284913], [-95.83590968470556, -36.87099008710722, 29.697012722230248], [-96.54606874874044, -37.57503135276786, 29.69684093371837], [-97.25621575527953, -38.27908478047635, 29.69666878557164], [-97.96634595178456, -38.98315516328562, 29.696496136048154], [-98.67645458536884, -39.6872472939134, 29.696322843405945], [-99.38653690269884, -40.39136596464734, 29.696148765902954], [-100.09658814989577, -41.09551596725018, 29.695973761797024], [-100.80660357243738, -41.79970209286458, 29.69579768934588], [-101.51657841505961, -42.503929131918284, 29.69562040680712], [-102.22650792165861, -43.20820187402876, 29.695441772438212], [-102.93638733519266, -43.91252510790797, 29.695261644496487], [-103.64621189758437, -44.61690362126695, 29.69507988123913], [-104.35597684507637, -45.321342205300695, 29.694896340787675], [-105.06567740749263, -46.02584565523391, 29.69471088110896], [-105.77530883479429, -46.73041874337739, 29.694523360809566], [-106.48486636378519, -47.43506625247884, 29.694333638146244], [-107.1943452297465, -48.139792963805306, 29.694141571375685], [-107.90374066633993, -48.84460365704658, 29.693947018754542], [-108.61304790551107, -49.54950311021852, 29.693749838539482], [-109.32226217739316, -50.25449609956602, 29.693549888987206], [-110.03137871021087, -50.95958739946577, 29.693347028354534], [-110.74039273018468, -51.66478178232883, 29.69314111489844], [-111.44929946143513, -52.370084018502695, 29.692932006876134], [-112.15809412588769, -53.075498876173306, 29.692719562545136], [-112.8667719431778, -53.78103112126664, 29.69250364016337], [-113.57532813055622, -54.486685517349926, 29.692284097989248], [-114.28375790279487, -55.19246682553265, 29.69206079428179], [-114.99205647209278, -55.89837980436712, 29.691833587300735], [-115.70021904798261, -56.60442920974864, 29.69160233530667], [-116.40824083723739, -57.31061979481541, 29.684610484830486], [-117.11611704377782, -58.01695630984796, 29.668743671756353], [-117.82384286857992, -58.723443502168266, 29.652872388459475], [-118.53141350958298, -59.43008611603827, 29.6369964932054], [-119.2388241615981, -60.136888892558176, 29.621115844261368], [-119.94607001621713, -60.843856569564196, 29.60523029989645], [-120.65314626172214, -61.550993881525834, 29.589339718381837], [-121.36004808299514, -62.25830555944275, 29.573443957991007], [-122.06677066142862, -62.96579633074113, 29.55754287700001], [-122.77330917483646, -63.67347091916955, 29.541636333687705], [-123.47965879736527, -64.38133404469437, 29.525724186336042], [-124.18581469940638, -65.08939042339452, 29.50980629323035], [-124.89177204750837, -65.79764476735582, 29.493882512659656], [-125.5975260042902, -66.50610178456488, 29.477952702916983], [-126.3030717283549, -67.21476617880214, 29.46201672229971], [-126.70347807329628, -67.61713054031188, 29.452967934711644]]}, "properties": {"id": "j4c16", "name": "Carrer d'Arag\u00f3", "highway": "primary", "osm_way_ids": [], "junction_id": "j4", "predecessor": {"element": "road", "id": "r17", "contact": "end"}, "successor": {"element": "road", "id": "r55", "contact": "start"}, "center_marking": null, "tags": {"turn": "through", "from_lane": -4, "to_lane": -4, "to_road": "r55"}, "lanes": [{"id": -1, "type": "driving", "width": 3.6, "direction": "forward", "marking": null, "speed_limit": 13.88888888888889, "tags": {"turn": "through"}}]}}, {"type": "Feature", "geometry": {"type": "LineString", "coordinates": [[-65.0848280683732, -1.1677418126199317, 29.480517502524965], [-65.79020803046508, -1.8765711972483434, 29.500361440180654], [-66.4958620933267, -2.5851277098255188, 29.520213499148277], [-67.20178398538357, -3.2934173898088988, 29.5400734966748], [-67.90796744182326, -4.001446283856622, 29.559941249998094], [-68.61440620445786, -4.709220445644098, 29.57981657634764], [-69.3210940215852, -5.416745935681755, 29.599699292945274], [-70.02802464784868, -6.124028821133944, 29.619589217005828], [-70.73519184409605, -6.831075175639074, 29.639486165737775], [-71.44258937723687, -7.53789107913075, 29.65938995634383], [-72.15021102009877, -8.24448261766017, 29.679300406021493], [-72.85805055128269, -8.95085588321942, 29.699217331963617], [-73.56610175501696, -9.657016973565979, 29.71914055135887], [-74.27435842101026, -10.362971992048143, 29.739069881392236], [-74.9828143443037, -11.068727047431494, 29.759005139245435], [-75.69146332512169, -11.774288253726313, 29.778946142097332], [-76.40029916872196, -12.479661730015966, 29.778734925069], [-77.10931568524471, -13.184853600286171, 29.77852908599238], [-77.81850668956066, -13.889869993255177, 29.778328443434006], [-78.52786600111843, -14.594717042204804, 29.778132814565012], [-79.23738744379085, -15.29940088481231, 29.77794201655531], [-79.94706484572075, -16.003927662983052, 29.777755866573862], [-80.65689203916565, -16.70830352268395, 29.777574181788893], [-81.36686286034193, -17.412534613777684, 29.777396779368114], [-82.07697114926818, -18.116627089857634, 29.7772234764789], [-82.7872107496079, -18.82058710808345, 29.77705409028844], [-83.49757550851146, -19.52442082901738, 29.77688843796392], [-84.20805927645758, -20.228134416461167, 29.776726336672596], [-84.91865590709403, -20.931734037293555, 29.776567603581956], [-85.62935925707792, -21.635225861308413, 29.776412055859776], [-86.3401631859154, -22.33861606105339, 29.7762595106742], [-87.05106155580074, -23.04191081166902, 29.776109785193817], [-87.76204823145513, -23.74511629072846, 29.77596269658769], [-88.47311707996487, -24.44823867807758, 29.775818062025394], [-89.18426197061919, -25.151284155675484, 29.775675698677027], [-89.89547677474778, -25.854258907435508, 29.775535423713237], [-90.60675536555775, -26.557169119066497, 29.7753970543052], [-91.31809161797042, -27.260020977914525, 29.775260407624607], [-92.02947940845783, -27.962820672804817, 29.775125300843662], [-92.74091261487878, -28.665574393884057, 29.77499155113503], [-93.45238511631487, -29.368288332462864, 29.7748589756718], [-94.16389079290614, -30.07096868085857, 29.774727391627454], [-94.87542352568667, -30.773621632238076, 29.774596616175806], [-95.58697719641985, -31.476253380461067, 29.774466466490956], [-96.29854568743374, -32.178870119923126, 29.77433675974721], [-97.01012288145611, -32.88147804539911, 29.774207313119057], [-97.72170266144954, -33.58408335188656, 29.774077943781055], [-98.43327891044653, -34.28669223444912, 29.77394846890781], [-99.14484551138442, -34.98931088805998, 29.773818705673897], [-99.85639634694046, -35.69194550744538, 29.77368847125377], [-100.5679252993669, -36.39460228692794, 29.773557582821738], [-101.27942625032618, -37.09728742027, 29.773425857551874], [-101.99089308072617, -37.80000710051679, 29.773293112617978], [-102.70231967055548, -38.50276751983956, 29.7731591651935], [-103.41369989871917, -39.20557486937842, 29.77302383245151], [-104.1250276428744, -39.90843533908505, 29.772886931564653], [-104.83629677926642, -40.61135511756525, 29.77274827970509], [-105.54750118256476, -41.314340391921014, 29.772607694044503], [-106.25863472569978, -42.01739734759258, 29.772464991754045], [-106.96969127087804, -42.72053217711973, 29.772319989740907], [-107.68066468011267, -43.42375106916231, 29.772172504967763], [-108.39154883261911, -44.12706019059706, 29.77202235497701], [-109.10233759274222, -44.83046571862561, 29.77186935693778], [-109.8130248222751, -45.533973827991915, 29.771713328018734], [-110.523604380298, -46.237590690821705, 29.77155408538812], [-111.23407012301749, -46.94132247646172, 29.771391446213833], [-111.94441590360621, -47.645175351318244, 29.771225227663486], [-112.65463557204326, -48.34915547869504, 29.771055246904513], [-113.36472297495494, -49.053269018630935, 29.770881321104266], [-114.07467195545632, -49.75752212773655, 29.77070326743016], [-114.78447635299335, -50.46192095903049, 29.77052090304981], [-115.49413000318562, -51.16647166177495, 29.770334045131204], [-116.20362673766978, -51.87118038131042, 29.770142510842884], [-116.91296038394378, -52.57605325888989, 29.769946117354163], [-117.62212476521186, -53.28109643151212, 29.76974468183535], [-118.3311137002302, -53.986316031754235, 29.769538021458015], [-119.03992100315351, -54.6917181876035, 29.76032506677145], [-119.74854048338248, -55.39730902228825, 29.739271347104413], [-120.45696594541195, -56.1030946541078, 29.71821185410834], [-121.16519118868023, -56.80908119626181, 29.69714640496302], [-121.87321000741912, -57.515274756678394, 29.67607481685113], [-122.58101619050512, -58.22168143784143, 29.65499690695869], [-123.28860352131153, -58.928307336616946, 29.63391249247547], [-123.99596577756154, -59.63515854407833, 29.612821390595496], [-124.70309673118254, -60.3422411453307, 29.591723418517518], [-125.40999014816146, -61.04956121933414, 29.57061839344559], [-126.1166397884012, -61.75712483872582, 29.549506132589595], [-126.8230394055783, -62.46493806964109, 29.528386453165886], [-127.52918274700181, -63.17300697153338, 29.507259172397887], [-128.23506355347334, -63.88133759699297, 29.486124107516808], [-128.94067555914847, -64.58993599156462, 29.464981075762307], [-129.34135155400247, -64.99255085745888, 29.452967934711644]]}, "properties": {"id": "j4c17", "name": "Carrer d'Arag\u00f3", "highway": "primary", "osm_way_ids": [], "junction_id": "j4", "predecessor": {"element": "road", "id": "r17", "contact": "end"}, "successor": {"element": "road", "id": "r55", "contact": "start"}, "center_marking": null, "tags": {"turn": "through", "from_lane": -5, "to_lane": -5, "to_road": "r55"}, "lanes": [{"id": -1, "type": "driving", "width": 3.6, "direction": "forward", "marking": null, "speed_limit": 13.88888888888889, "tags": {"turn": "through"}}]}}, {"type": "Feature", "geometry": {"type": "LineString", "coordinates": [[-111.32433982079193, -34.48908566046255, 29.959920174570744], [-110.63445919993396, -35.21300795794699, 29.938921493884905], [-109.94185168449602, -35.934321839185735, 29.91792204481797], [-109.24667560983376, -36.65316064348185, 29.89692214434915], [-108.54908726670247, -37.3696588042811, 29.875922063029638], [-107.84924098855244, -38.08395174239259, 29.85492202786786], [-107.14728924407272, -38.79617576650703, 29.833922225182015], [-106.44338273444357, -39.50646798064264, 29.812922803417457], [-105.73767049479787, -40.21496619813131, 29.791923875927488], [-105.03029999942805, -40.921808861741965, 29.770925523716812], [-104.32141727031006, -41.62713496952638, 29.74992779814758], [-103.61116698854883, -42.3310840059625, 29.728930723608634], [-102.89969260838032, -43.03379587796287, 29.707934300149102], [-102.18713647339337, -43.73541085530946, 29.686938506077972], [-101.47363993466027, -44.436069515072084, 29.665943300531804], [-100.75934347048842, -45.1359126895641, 29.64494862601299], [-100.0443868075259, -45.83508141738697, 29.623954410901455], [-99.32890904297213, -46.533716897113734, 29.60296057194288], [-98.61304870262576, -47.23196037645786, 29.581967016766036], [-97.8969440369647, -47.92995328657214, 29.56097364620503], [-97.18073335132617, -48.627837412688194, 29.539980356575164], [-96.46455446448184, -49.3257541700607, 29.518987042619678], [-95.74854518404413, -50.02384492370379, 29.497993599673503], [-95.03284343076974, -50.72225094844987, 29.47699992608632], [-94.31758736251427, -51.421113388510136, 29.456005925648004], [-93.6029154976396, -52.120573216089014, 29.43501151002025], [-92.88896683766963, -52.82077118860521, 29.414016601178155], [-92.17588098898199, -53.52184780407397, 29.393021133865275], [-91.46379828331295, -54.223943254206326, 29.372025058065645], [-90.75285989683954, -54.927197374783134, 29.351028341495855], [-90.04320796758664, -55.63174959286448, 29.33003097212019], [-89.33498571088926, -56.33773887039776, 29.309032960691376], [-88.62833849766035, -57.04530460528658, 29.288034343014072], [-87.92341204820929, -57.754584641951396, 29.26703518337079], [-87.22035272240255, -58.465715403629225, 29.246035576787378], [-86.51930913229123, -59.178833317618356, 29.22503565125116], [-85.82043150344164, -59.89407399433118, 29.20403557068849], [-85.12387177184924, -60.6115721406736, 29.183035537687964], [-84.42978367632247, -61.33146146697431, 29.162035796254237], [-83.73832284583962, -62.053874587104445, 29.14103663459046], [-83.04964688134444, -62.77894291144804, 29.120038387906664], [-82.36391543140877, -63.506796532408096, 29.099041441250456], [-81.68129026115055, -64.23756410216039, 29.078046232355348], [-81.00193531375741, -64.97137270240023, 29.057053254501064], [-80.32601676392537, -65.7083477058633, 29.036063059378943], [-79.65370306248406, -66.4486126294449, 29.01507625995445], [-78.9851649714419, -67.19228897878892, 28.99409353331745], [-78.320575588648, -67.93949608427215, 28.973115623509585], [-77.6601103612343, -68.69035092836877, 28.952143344316774], [-77.00394708697104, -69.44496796444737, 28.931177582013238], [-76.35226590264163, -70.20345892712515, 28.91021929804218], [-75.70524925852236, -70.96593263438503, 28.889269531616513], [-75.0630818780364, -71.73249478174847, 28.8683294022217], [-74.42595070164448, -72.5032477288915, 28.847400112000997], [-73.79404481403351, -73.27829027919225, 28.82648294800215], [-73.16755535367537, -74.05771745280728, 28.805579284262812], [-72.546675403848, -74.84162025398693, 28.784690583710816], [-71.93159986424341, -75.6300854334612, 28.763818399853882], [-71.32252530233326, -76.42319524685098, 28.742964378232287], [-70.71964978372246, -77.22102721018886, 28.722130257606892], [-70.12317268079715, -78.02365385376439, 28.701317870854123], [-69.53329445906563, -78.83114247564075, 28.68052914553879], [-68.95021644070036, -79.64355489632206, 28.659766104135336], [-68.37414054491767, -80.46094721617919, 28.639030863867998], [-67.80526900497712, -81.28336957736668, 28.61832563614062], [-67.24380406174977, -82.11086593208178, 28.5976527255276], [-66.55889987255411, -83.14294908459377, 28.572094165108286]]}, "properties": {"id": "j4c18", "name": "Passeig de Gr\u00e0cia (lateral Llobregat)", "highway": "living_street", "osm_way_ids": [], "junction_id": "j4", "predecessor": {"element": "road", "id": "r28", "contact": "end"}, "successor": {"element": "road", "id": "r7", "contact": "start"}, "center_marking": null, "tags": {"turn": "through", "from_lane": -1, "to_lane": -1, "to_road": "r7"}, "lanes": [{"id": -1, "type": "driving", "width": 3.3, "direction": "forward", "marking": null, "speed_limit": 2.7777777777777777, "tags": {"turn": "through"}}]}}, {"type": "Feature", "geometry": {"type": "LineString", "coordinates": [[-111.32433982079193, -34.48908566046255, 29.959920174570744], [-110.67811868144554, -35.25150989682334, 29.938982815927766], [-110.13074445406569, -36.08752961662123, 29.9183883705916], [-109.70442941844139, -36.99114228820358, 29.898552766077856], [-109.41564966083166, -37.9475566332665, 29.87993995205019], [-109.27009864378881, -38.93602468924837, 29.862945330497592], [-109.26214748311192, -39.93527211684444, 29.847806203605998], [-109.37635515541984, -40.92817127666001, 29.834553662723845], [-109.59430975389633, -41.90372083669809, 29.823083136754885], [-109.897825937595, -42.85625559648162, 29.813213153971343], [-110.27137299791069, -43.78365942523025, 29.80474780983557], [-110.70196471519287, -44.68605674368053, 29.797494824104636], [-111.17949626836254, -45.56455993276363, 29.791289312028233], [-111.69560664237704, -46.42099859958263, 29.785981174638447], [-112.24415746719953, -47.257053611253355, 29.78145513851123], [-112.81989563729896, -48.07463941813513, 29.77760539870663], [-113.41873083240083, -48.87547491970032, 29.774346139442656], [-114.03742879836483, -49.661074908000785, 29.771607165481008], [-114.67313201291158, -50.43298490964737, 29.769323343334246], [-115.3236037176173, -51.19249690207019, 29.767442453252492], [-115.98693201992889, -51.94081074082393, 29.76591842376068], [-116.6614978821622, -52.679013667201595, 29.764711170378646], [-117.34585393401768, -53.4081522943822, 29.763783736486925], [-118.03879897735268, -54.12913547536903, 29.76310484601838], [-118.73926719455014, -54.84281338968289, 29.75593937639787], [-119.44625219423843, -55.55003740641844, 29.734837204839312], [-120.15887237149262, -56.25158402335943, 29.713902995587116], [-120.876310524958, -56.9482037545021, 29.693113485352388], [-121.59780908378048, -57.64061798143458, 29.672446724302667], [-122.3226171604557, -58.32956768112991, 29.65188056569896], [-123.0499981402072, -59.01580088210953, 29.631392964730722], [-123.77922535123363, -59.700072229324576, 29.61096192298278], [-124.50954018300281, -60.38318287725541, 29.59056427498269], [-125.24013223631466, -61.06599708693831, 29.57017514747897], [-125.97011914300683, -61.74945806172173, 29.54976742581139], [-126.69849182821287, -62.434638615717205, 29.52931019034383], [-127.42408168042547, -63.12276451141847, 29.50876788521154], [-128.145457849815, -63.8153047435624, 29.488097456970632], [-128.86081336252548, -64.51405920264814, 29.46724537163359], [-129.34135155400247, -64.99255085745888, 29.452967934711644]]}, "properties": {"id": "j4c19", "name": "Passeig de Gr\u00e0cia (lateral Llobregat)", "highway": "living_street", "osm_way_ids": [], "junction_id": "j4", "predecessor": {"element": "road", "id": "r28", "contact": "end"}, "successor": {"element": "road", "id": "r55", "contact": "start"}, "center_marking": null, "tags": {"turn": "right", "from_lane": -1, "to_lane": -5, "to_road": "r55"}, "lanes": [{"id": -1, "type": "driving", "width": 3.3, "direction": "forward", "marking": null, "speed_limit": 2.7777777777777777, "tags": {"turn": "right"}}]}}, {"type": "Feature", "geometry": {"type": "LineString", "coordinates": [[-75.5727988883895, -34.809001505026245, 29.430905636040084], [-76.24628724157768, -34.069803698881074, 29.45189361583863], [-76.92034060687362, -33.33112108449489, 29.47288213477611], [-77.5950399487797, -32.59302845789632, 29.493871255517178], [-78.27046603637321, -31.855600828411266, 29.514861034654388], [-78.94669942394503, -31.11891345035659, 29.53585152194785], [-79.62382043104546, -30.38304185425038, 29.556842759563438], [-80.30190912186958, -29.648061877487244, 29.577834781309342], [-80.98104528391619, -28.91404969442461, 29.59882761187087], [-81.66130840585464, -28.181081845824295, 29.61982126604328], [-82.34277765453677, -27.449235267591373, 29.640815747962677], [-83.02553185109124, -26.718587318749893, 29.661811050334908], [-83.70964944604046, -25.98921580859256, 29.68280715366255], [-84.39520849338167, -25.261199022938868, 29.703804025470117], [-85.08228662357615, -24.534615749433268, 29.724801619527682], [-85.77096101539279, -23.80954530181225, 29.745799875073217], [-86.4613083665547, -23.086067543065955, 29.766798716033982], [-87.15340486314113, -22.364262907417277, 29.78779805024746], [-87.84732712874509, -21.64421336897508, 29.808797768815722], [-88.54315007549216, -20.926000431443263, 29.829797744818553], [-89.24094745818151, -20.20970569239957, 29.85079783295521], [-89.94079308229794, -19.49541206623, 29.871797868871422], [-90.64276006882123, -18.78320312822673, 29.89279766824043], [-91.34692081538913, -18.073163127731583, 29.91379702599595], [-92.0533469559828, -17.36537699947135, 29.934795715570647], [-92.8001930525532, -16.62215028087761, 29.956919869274245]]}, "properties": {"id": "j4c20", "name": "Passeig de Gr\u00e0cia (lateral Bes\u00f2s)", "highway": "living_street", "osm_way_ids": [], "junction_id": "j4", "predecessor": {"element": "road", "id": "r31", "contact": "end"}, "successor": {"element": "road", "id": "r29", "contact": "start"}, "center_marking": null, "tags": {"turn": "through", "from_lane": -1, "to_lane": -1, "to_road": "r29"}, "lanes": [{"id": -1, "type": "driving", "width": 3.5, "direction": "forward", "marking": null, "speed_limit": 2.7777777777777777, "tags": {"turn": "through"}}]}}, {"type": "Feature", "geometry": {"type": "LineString", "coordinates": [[-75.5727988883895, -34.809001505026245, 29.430905636040084], [-76.2719858367269, -34.09438106996944, 29.45190092735777], [-77.0264510269319, -33.43854068134619, 29.47282304196262], [-77.84073403737234, -32.858880408179736, 29.4934769510102], [-78.7157805671759, -32.37618759544613, 29.513564006778715], [-79.64677599675395, -32.01345706050172, 29.53266791437015], [-80.6206483211287, -31.790665953612184, 29.55029667261211], [-81.61705085471962, -31.718345821132317, 29.56599361959803], [-82.61336228746569, -31.793588530669506, 29.579470792082372], [-83.59074296970256, -32.0019104823052, 29.590669699133052], [-84.53738370465302, -32.322688851339585, 29.59972722967079], [-85.44804051159392, -32.73502451621364, 29.606880688537117], [-86.32197030320577, -33.22059526659308, 29.612394633755198], [-87.16072683785897, -33.76480570034474, 29.61651127241619], [-87.96718162156327, -34.35590966011814, 29.619449297872244], [-88.74430515036751, -34.9851280446361, 29.621384248613193], [-89.49522645522961, -35.64542812495809, 29.62246773292524], [-90.22269708634185, -36.33150163264067, 29.622819899010583], [-90.92925990941599, -37.039105176395175, 29.622541826035487], [-91.61705424527003, -37.764976194858754, 29.62171393055443], [-92.28813891852855, -38.50633039193335, 29.62040825867913], [-92.94420389923643, -39.26101464493012, 29.618681959240547], [-93.58676955421045, -40.02722964017567, 29.616584375157473], [-94.21719885884013, -40.80346400254249, 29.614158212778637], [-94.83671158910983, -41.58844119833884, 29.611440548226817], [-95.44629898855077, -42.38115262838974, 29.608461078691125], [-96.04701894100711, -43.18060618880272, 29.605250230482817], [-96.63965779763473, -43.98606977165145, 29.601830539837973], [-97.22504283590578, -44.79682132925077, 29.598224991828275], [-97.80388877813783, -45.61225514992323, 29.59445317221278], [-98.37684593150183, -46.43183802840502, 29.59053263221597], [-98.94451789709964, -47.25509095992662, 29.586479423394696], [-99.5074671129749, -48.08158095135213, 29.582308302022412], [-100.0662199419816, -48.910914018927905, 29.578032908960648], [-100.62127134531772, -49.74272916328218, 29.573665928763397], [-101.1730891860066, -50.57669314757336, 29.569219231281263], [-101.72211820769834, -51.41249593328241, 29.564703998618064], [-102.26878373382571, -52.24984665121024, 29.560130839940932], [-102.81349513104114, -53.08847000371276, 29.55550989635107], [-103.35664232986106, -53.92810736723403, 29.550850773292545], [-103.8986232733912, -54.768498073623185, 29.546163224431737], [-104.43981952191812, -55.60939436678637, 29.541456569104813], [-104.98060814832344, -56.450552886519134, 29.53673999476445], [-105.52136613735482, -57.291731104291564, 29.53202267506778], [-106.062475536194, -58.13268329244021, 29.52731390599492], [-106.60431905368361, -58.97316261703152, 29.522623009859057], [-107.14728693326042, -59.81291595142135, 29.51795951405265], [-107.69178022824009, -60.65168092633766, 29.513333243419762], [-108.2382140700083, -61.48918286764204, 29.508754414212977], [-108.78702341457179, -62.32512994245659, 29.504233791324317], [-109.33866265718012, -63.159212094588234, 29.499782698639343], [-109.89360472612454, -63.99110017922414, 29.49541301875889], [-110.45235601952432, -64.82043424790926, 29.491137588130837], [-111.0154661891337, -65.64681450745228, 29.486970476427167], [-111.58352204323221, -66.46980242176053, 29.48292688058058], [-112.15714781543217, -67.28891716522713, 29.47902318204517], [-112.73702380320421, -68.1036184252134, 29.47527747862777], [-113.32393463785536, -68.91326555035396, 29.47171090640237], [-113.9187044504422, -69.71715592817836, 29.468346112120262], [-114.52227981128658, -70.51445450922463, 29.46520952883047], [-115.13568298869322, -71.30421500067625, 29.462330371916202], [-115.7601158947045, -72.08528145204185, 29.459743642740527], [-116.39693310706333, -72.85628053338858, 29.45748984917037], [-117.04766140818977, -73.6155699846309, 29.45561606707168], [-117.71401947438197, -74.36117359569423, 29.454177206500226], [-118.39812473792107, -75.09051810905244, 29.453243000175384], [-118.78985763117768, -75.49086958887085, 29.452967934711644]]}, "properties": {"id": "j4c21", "name": "Passeig de Gr\u00e0cia (lateral Bes\u00f2s)", "highway": "living_street", "osm_way_ids": [], "junction_id": "j4", "predecessor": {"element": "road", "id": "r31", "contact": "end"}, "successor": {"element": "road", "id": "r55", "contact": "start"}, "center_marking": null, "tags": {"turn": "left", "from_lane": -1, "to_lane": -1, "to_road": "r55"}, "lanes": [{"id": -1, "type": "driving", "width": 3.5, "direction": "forward", "marking": null, "speed_limit": 2.7777777777777777, "tags": {"turn": "left"}}]}}, {"type": "Feature", "geometry": {"type": "LineString", "coordinates": [[-76.1417189950623, 202.7799189047476, 32.46565140774019], [-75.41244094558935, 202.09631280173988, 32.44633884736398], [-74.62008787395564, 201.48685559854692, 32.42745864083834], [-73.77594825351498, 200.95132938948578, 32.409139341711324], [-72.89028460898464, 200.48758608881892, 32.39146705463885], [-71.9718880694319, 200.09249261109878, 32.374495139282985], [-71.02811508793539, 199.7624732500333, 32.358253196896044], [-70.06509273071006, 199.49365790035026, 32.34275180921275], [-69.08779571426099, 199.28244490028726, 32.327992319309594], [-68.10027841494846, 199.1256949589255, 32.313972604033836], [-67.10591149585902, 199.02070479694058, 32.30068942490866], [-66.1075613346555, 198.96499790754845, 32.288137224896886], [-65.10768546030896, 198.95666509410063, 32.27631461704352], [-64.10847756014623, 198.99427473553257, 32.26522466422117], [-63.11196626914486, 199.07673323032046, 32.254873832425], [-62.12009665495062, 199.2033350445394, 32.24527373316338], [-61.13481685209487, 199.3737861812173, 32.23644250671771], [-60.15815923259305, 199.58817719515181, 32.228405345485584], [-59.19232486892679, 199.8469781191518, 32.22119540152194], [-58.239775677156956, 200.1510341747605, 32.21485479625787], [-57.30333884759944, 200.50155891592817, 32.209435733391906], [-56.38632784517152, 200.90011917338364, 32.20500167616137], [-55.49280668263489, 201.34883310029542, 32.20163356199318], [-54.62753489544495, 201.84981043636776, 32.1994203280351], [-53.7963979579551, 202.40552837607842, 32.1984698739959], [-53.0065715036085, 203.01848443934384, 32.19890550556533], [-52.25096688983267, 203.7067340067759, 32.200929202043305]]}, "properties": {"id": "j5c1", "name": "Carrer de Pau Claris", "highway": "secondary", "osm_way_ids": [], "junction_id": "j5", "predecessor": {"element": "road", "id": "r3", "contact": "end"}, "successor": {"element": "road", "id": "r4", "contact": "start"}, "center_marking": null, "tags": {"turn": "left", "from_lane": -1, "to_lane": -1, "to_road": "r4"}, "lanes": [{"id": -1, "type": "driving", "width": 3.5, "direction": "forward", "marking": null, "speed_limit": 13.88888888888889, "tags": {"turn": "left"}}]}}, {"type": "Feature", "geometry": {"type": "LineString", "coordinates": [[-76.1417189950623, 202.7799189047476, 32.46565140774019], [-75.4471953294792, 202.06044925508982, 32.44617938871445], [-74.75132255964554, 201.34228436625034, 32.42671218067685], [-74.05415516658977, 200.62537616743882, 32.407249662227834], [-73.35574738136987, 199.90967628296428, 32.38779170423453], [-72.65615319161535, 199.1951360476703, 32.368338170150814], [-71.95542634852485, 198.48170652200875, 32.34888891633693], [-71.25362037429537, 197.76933850676238, 32.32944379237865], [-70.55078856996047, 197.0579825574254, 32.31000264140576], [-69.84698402361488, 196.34758899825357, 32.29056530040999], [-69.1422596190027, 195.63810793599572, 32.27113160056198], [-68.43666804444847, 194.92948927331815, 32.25170136752758], [-67.73026180210896, 194.22168272193593, 32.23227442178317], [-67.02309321752567, 193.5146378154641, 32.212850578930095], [-66.31521444945719, 192.80830392200278, 32.193429650008234], [-65.60667749997181, 192.10263025647114, 32.174011441808574], [-64.89753422478074, 191.39756589270516, 32.15459575718489], [-64.18783634379281, 190.69305977533438, 32.13518239536459], [-63.477635451872025, 189.9890607314539, 32.11577115225857], [-62.76698302977942, 189.28551748210748, 32.096361820770404], [-62.055930455281185, 188.58237865359848, 32.07695419110464], [-61.344529014405275, 187.87959278864514, 32.05754805107443], [-60.632829912828875, 187.1771083573977, 32.038143186408476], [-59.920884287379494, 186.47487376833394, 32.01873938105746], [-59.20874321763261, 185.77283737905114, 31.999336417499855], [-58.49645773758883, 185.0709475069718, 31.979934077047425], [-57.784078847413916, 184.36915243998078, 31.960532140150278], [-57.071657528262605, 183.667400443928, 31.941130386688585], [-56.359244796196, 182.96563973044553, 31.921728596095267], [-55.64689163170312, 182.26381855107815, 31.902326548017015], [-54.934649017714435, 181.56188518125612, 31.882924022505915], [-54.22256796238959, 180.85978791970936, 31.86352080027666], [-53.510699510888266, 180.15747509906765, 31.844116663011405], [-52.79909475708865, 179.45489509651694, 31.824711393664927], [-52.08780485523699, 178.7519963445295, 31.805304776770136], [-51.376881031511154, 178.04872734168563, 31.785896598743992], [-50.666374595481415, 177.34503666360484, 31.76648664819401], [-49.95633695145122, 176.64087297400306, 31.747074716225292], [-49.246819609660676, 175.9361850358936, 31.727660596748255], [-48.537874197334965, 175.23092172294895, 31.70824408678706], [-47.829552469559935, 174.5250320310394, 31.68882498678885], [-47.12190631996685, 173.81846508996554, 31.669403100933756], [-46.414987791207196, 173.11117017540045, 31.64997823744581], [-45.70884908519947, 172.40309672105698, 31.63055020890473], [-45.00354257312809, 171.69419433109607, 31.611118832558567], [-44.413193346518234, 171.09948083422492, 31.59483318911721]]}, "properties": {"id": "j5c2", "name": "Carrer de Pau Claris", "highway": "secondary", "osm_way_ids": [], "junction_id": "j5", "predecessor": {"element": "road", "id": "r3", "contact": "end"}, "successor": {"element": "road", "id": "r16", "contact": "start"}, "center_marking": null, "tags": {"turn": "through", "from_lane": -1, "to_lane": -1, "to_road": "r16"}, "lanes": [{"id": -1, "type": "driving", "width": 3.5, "direction": "forward", "marking": null, "speed_limit": 13.88888888888889, "tags": {"turn": "through"}}]}}, {"type": "Feature", "geometry": {"type": "LineString", "coordinates": [[-78.66220331265487, 200.35151226565893, 32.46565140774019], [-77.96768119452211, 199.63204112114195, 32.445589880686015], [-77.27181264606874, 198.9138721405601, 32.42553315490732], [-76.574651966492, 198.19695741154334, 32.40548110937809], [-75.87625320627086, 197.4812487184593, 32.385433615379476], [-75.17667017367741, 196.7666975577357, 32.36539053681775], [-74.47595644173853, 196.0532551528254, 32.34535173054177], [-73.77416535562472, 195.3408724688242, 32.32531704666001], [-73.07135004044301, 194.62950022675054, 32.30528632885698], [-72.36756340941236, 193.91908891749813, 32.28525941470894], [-71.66285817239849, 193.20958881547364, 32.26523613599885], [-70.95728684478794, 192.50094999193072, 32.245216319030526], [-70.25090175667977, 191.79312232801396, 32.22519978494193], [-69.54375506237436, 191.08605552752562, 32.205186350017485], [-68.83589875013972, 190.37969912942933, 32.18517582599958], [-68.12738465223522, 189.6740025201049, 32.165168020399115], [-67.41826445517363, 188.96891494536962, 32.145752238649294], [-66.70858971020257, 188.26438552228058, 32.12633877964928], [-65.9984118439872, 187.56036325073396, 32.10692743930517], [-65.28778216947512, 186.85679702487758, 32.08751801128947], [-64.57675189692664, 186.15363564435253, 32.06811028658292], [-63.865372145092145, 185.45082782538037, 32.04870405378018], [-63.1536939525195, 184.74832221171326, 32.02929909939474], [-62.44176828897429, 184.04606738546346, 32.00989520816335], [-61.729646066956164, 183.34401187782964, 31.9904921633499], [-61.01737815329454, 182.64210417973715, 31.971089747048868], [-60.30501538080696, 181.94029275241013, 31.951687740488453], [-59.592608560003846, 181.23852603789263, 31.932285924333407], [-58.88020849082342, 180.53675246953622, 31.912884078987727], [-58.16786597437996, 179.83492048247274, 31.893481984897246], [-57.455631824709926, 179.13297852408854, 31.874152566630485], [-56.74355688049898, 178.430875064519, 31.855404094696922], [-56.03169201677408, 177.72855860718047, 31.83665471863244], [-55.32008815654397, 177.02597769935758, 31.81790422207731], [-54.608796282371756, 176.32308094286304, 31.799152390228464], [-53.89786744786323, 175.61981700478773, 31.780399010143405], [-53.187352789053435, 174.91613462835824, 31.761643871044672], [-52.477303535675595, 174.211982643919, 31.742886764624863], [-51.767771022294326, 173.50730998005568, 31.724127485352295], [-51.058806699286485, 172.80206567487735, 31.705365830777417], [-50.35046214365147, 172.0961988874727, 31.686601601839964], [-49.64278919428443, 171.3896587848316, 31.667834602666492], [-48.935839772659016, 170.6823947444672, 31.649064641670513], [-48.22966575418389, 169.97435650423782, 31.630291532412183], [-47.52431932659352, 169.2654938260051, 31.611515092482332], [-46.89850110853762, 168.63508530427316, 31.59483318911721]]}, "properties": {"id": "j5c3", "name": "Carrer de Pau Claris", "highway": "secondary", "osm_way_ids": [], "junction_id": "j5", "predecessor": {"element": "road", "id": "r3", "contact": "end"}, "successor": {"element": "road", "id": "r16", "contact": "start"}, "center_marking": null, "tags": {"turn": "through", "from_lane": -2, "to_lane": -2, "to_road": "r16"}, "lanes": [{"id": -1, "type": "driving", "width": 3.5, "direction": "forward", "marking": null, "speed_limit": 13.88888888888889, "tags": {"turn": "through"}}]}}, {"type": "Feature", "geometry": {"type": "LineString", "coordinates": [[-81.18268763024741, 197.92310562657025, 32.46565140774019], [-80.48816683091654, 197.20363320828616, 32.44500037347171], [-79.79230231218915, 196.4854603227976, 32.42435413065846], [-79.09514818854981, 195.76853921849627, 32.40371255865111], [-78.39675832711697, 195.0528218421171, 32.383075529148705], [-77.6971863541054, 194.33825985396115, 32.36244290651441], [-76.99648566173545, 193.624804642764, 32.341814548090824], [-76.294709415567, 192.9124073402186, 32.321190304514936], [-75.59191056223459, 192.20101883516287, 32.300570020032346], [-74.88814183756236, 191.49058978744208, 32.2799535328109], [-74.18345577503649, 190.7810706414583, 32.2593406752535], [-73.47790471461434, 190.07241163941862, 32.238731274310126], [-72.77154081184936, 189.36456283429453, 32.218125151789025], [-72.06441604731128, 188.65747410250648, 32.19752212466693], [-71.35658223628198, 187.95109515634664, 32.176922005398474], [-70.64809103870734, 187.24537555615453, 32.15632460222461], [-69.93899396938596, 186.54026472226045, 32.13690872316597], [-69.22934240837617, 185.83571194671111, 32.117495166809384], [-68.51918761160275, 185.1316664047938, 32.09808372906482], [-67.80858072164541, 184.42807716637444, 32.07867420438508], [-67.09757277869157, 183.72489320706566, 32.059266384538674], [-66.38621473163536, 183.0220634192416, 32.03986005891339], [-65.6745574493064, 182.31953662291576, 32.020455014819184], [-64.96265173181074, 181.61726157649903, 32.00105103779055], [-64.25054832196777, 180.91518698745475, 31.981647911888363], [-63.538297916826146, 180.21326152286812, 31.96224542000122], [-62.82595117924244, 179.51143381994723, 31.94284334414658], [-62.113558749506204, 178.80965249647326, 31.923441465771518], [-61.40117125699535, 178.10786616121712, 31.904039566053367], [-60.68883933184537, 177.40602342434022, 31.884637426200264], [-59.97661362869645, 176.7040728955429, 31.865315217478106], [-59.264544905451594, 176.00196312647577, 31.847221495366146], [-58.55268381567608, 175.29964284359912, 31.829126879700166], [-57.84108110894643, 174.5970607671264, 31.81103115482059], [-57.129787593592944, 173.89416567108552, 31.79293410660388], [-56.4188541481165, 173.19090639398877, 31.774835522764345], [-55.70833173250587, 172.48723184960863, 31.75673519315649], [-54.99827139943881, 171.78309103787623, 31.738632910077946], [-54.288724305350065, 171.07843305591865, 31.720528468573], [-53.57974172134872, 170.37320710925286, 31.702421666736893], [-52.87137504396794, 169.66736252315147, 31.684312306020807], [-52.1636758057289, 168.9608487541971, 31.666200191537676], [-51.456695685500975, 168.25361540204088, 31.64808513236887], [-50.75048651863978, 167.54561222138054, 31.6299669418717], [-50.045100306884294, 166.836789134173, 31.611845437987817], [-49.383808870557004, 166.1706897743214, 31.59483318911721]]}, "properties": {"id": "j5c4", "name": "Carrer de Pau Claris", "highway": "secondary", "osm_way_ids": [], "junction_id": "j5", "predecessor": {"element": "road", "id": "r3", "contact": "end"}, "successor": {"element": "road", "id": "r16", "contact": "start"}, "center_marking": null, "tags": {"turn": "through", "from_lane": -3, "to_lane": -3, "to_road": "r16"}, "lanes": [{"id": -1, "type": "driving", "width": 3.5, "direction": "forward", "marking": null, "speed_limit": 13.88888888888889, "tags": {"turn": "through"}}]}}, {"type": "Feature", "geometry": {"type": "LineString", "coordinates": [[-84.72436016401356, 171.3399665258687, 32.06996935292597], [-84.01446734013525, 172.04427623795928, 32.07278092324159], [-83.3047900808756, 172.7488031574433, 32.07559844099704], [-82.59531865077031, 173.45353735065567, 32.07842163563382], [-81.88604330561763, 174.1584688924291, 32.08125023662531], [-81.17695429291078, 174.86358786570605, 32.08408397347574], [-80.46804185226786, 175.5688843611483, 32.08692257571906], [-79.75929621585989, 176.27434847674428, 32.08976577291772], [-79.05070760883609, 176.97997031741414, 32.09261329466146], [-78.34226624974774, 177.68573999461267, 32.095464870565934], [-77.63396235096968, 178.3916476259304, 32.09832023027141], [-76.92578611912029, 179.0976833346927, 32.10117910344131], [-76.21772775547964, 179.80383724955755, 32.104041219760795], [-75.50977745640603, 180.51009950411103, 32.10690630893521], [-74.80192541375122, 181.21646023646227, 32.109774100688554], [-74.09416181527428, 181.9229095888362, 32.11264432476195], [-73.38647684505422, 182.62943770716583, 32.11551671091197], [-72.67886068390146, 183.33603474068275, 32.11839098890899], [-71.97130350976852, 184.0426908415073, 32.12126688853559], [-71.26379549815961, 184.7493961642374, 32.12414413958478], [-70.55632682253972, 185.456140865537, 32.127022471858325], [-69.84888765474301, 186.16291510372383, 32.12990161516504], [-69.14146816538066, 186.86970903835638, 32.13278129931898], [-68.43405852424846, 187.57651282982104, 32.13566125413775], [-67.72664890073405, 188.2833166389187, 32.138541209440724], [-67.01922946422424, 188.99011062645116, 32.14142089504726], [-66.3117903769388, 189.69688494522703, 32.14430004056683], [-65.60432179780291, 190.4036297431135, 32.1471783754924], [-64.89681390571539, 191.11033518550673, 32.15005562982706], [-64.18925687413758, 191.81699142907604, 32.152931533372616], [-63.48164087856935, 192.5235886284258, 32.155805815922136], [-62.773956096958166, 193.23011693568378, 32.15867820725824], [-62.06619271010878, 193.9365665000902, 32.161548437151396], [-61.35834090209374, 194.6429274675874, 32.164416235358246], [-60.650390860665, 195.34918998041096, 32.167281331619975], [-59.9423327776665, 196.05534417668147, 32.17014345566069], [-59.23415684944799, 196.76138018999757, 32.17300233718585], [-58.52585327728017, 197.46728814903062, 32.17585770588068], [-57.817412267771324, 198.17305817712048, 32.17870929140874], [-57.10882403328547, 198.8786803918731, 32.181556823410396], [-56.400078792362244, 199.5841449047595, 32.18440003150145], [-55.6911667701384, 200.2894418207171, 32.187238645271734], [-54.98207819877165, 200.99456123775235, 32.19007239428385], [-54.27280331786599, 201.6994932465461, 32.19290100807188], [-53.56333237489958, 202.40422793006056, 32.19572421614018], [-52.85365562565478, 203.1087553631491, 32.19854174796229], [-52.25096688983267, 203.7067340067759, 32.200929202043305]]}, "properties": {"id": "j5c5", "name": "Carrer de Val\u00e8ncia", "highway": "tertiary", "osm_way_ids": [], "junction_id": "j5", "predecessor": {"element": "road", "id": "r26", "contact": "end"}, "successor": {"element": "road", "id": "r4", "contact": "start"}, "center_marking": null, "tags": {"turn": "through", "from_lane": -1, "to_lane": -1, "to_road": "r4"}, "lanes": [{"id": -1, "type": "driving", "width": 3.5, "direction": "forward", "marking": null, "speed_limit": 13.88888888888889, "tags": {"turn": "through"}}]}}, {"type": "Feature", "geometry": {"type": "LineString", "coordinates": [[-82.25966812737134, 168.85495281071292, 32.06996935292597], [-81.54977530271701, 169.55926252202138, 32.068245905380174], [-80.84009804109654, 170.26378943912735, 32.066528405229036], [-80.13062660715575, 170.96852362847847, 32.06481658191714], [-79.42135125680319, 171.67345516502, 32.063110164921], [-78.71226223764246, 172.37857413180672, 32.06140888374796], [-78.00334978940225, 173.08387061961267, 32.059712467935064], [-77.29460414436423, 173.78933472653847, 32.058020647047904], [-76.58601552778846, 174.49495655761618, 32.05633315067933], [-75.87757415833714, 175.2007262244125, 32.054649708448125], [-75.16927024849615, 175.90663384462974, 32.05297004999769], [-74.46109400499502, 176.61266954170497, 32.05129390499458], [-73.75303562922498, 177.3188234444077, 32.04962100312706], [-73.04508531765565, 178.02508568643563, 32.04795107410362], [-72.33723326225012, 178.7314464060092, 32.046283847651424], [-71.62946965087893, 179.43789574546494, 32.04461905351469], [-70.9217846677325, 180.14442385084703, 32.04749143916572], [-70.21416849373276, 180.85102087149846, 32.05036571680955], [-69.50661130694373, 181.5576769596508, 32.05324161608823], [-68.79910328298119, 182.26438227001324, 32.056118866797846], [-68.09163459542171, 182.97112695936104, 32.05899719874323], [-67.38419541621093, 183.67790118612302, 32.06187634173622], [-66.67677591607166, 184.3846951099691, 32.06475602559398], [-65.96936626491117, 185.09149889139692, 32.06763598013714], [-65.26195663222865, 185.79830269131858, 32.07051593518814], [-64.5545371875223, 186.50509667064725, 32.07339562056941], [-63.8470980927632, 187.2118709819424, 32.07627476588356], [-63.13962950756911, 187.91861577376451, 32.07915310064262], [-62.43212161071987, 188.62532121139057, 32.08203035484639], [-61.724564575787994, 189.33197745160152, 32.08490625829973], [-61.016948578384564, 190.0385746491134, 32.0877805407988], [-60.30926379656808, 190.74510295616574, 32.0913369079083], [-59.601500411254264, 191.45155252211052, 32.098742123599116], [-58.89364860662651, 192.15791349300213, 32.106144907653885], [-58.18569857054752, 192.86417601118816, 32.113544989816766], [-57.477640494971816, 193.57033021490142, 32.120942099814854], [-56.7694645763596, 194.27636623785293, 32.128335967356605], [-56.06116101609191, 194.9822742088265, 32.135726322130225], [-55.35272002088719, 195.6880442512747, 32.14311289380226], [-54.64413180321943, 196.3936664829162, 32.15049541201609], [-53.93538658173808, 197.09913101533508, 32.157873606390496], [-53.226474581689565, 197.80442795358186, 32.16524720651832], [-52.517386035340955, 198.50954739577648, 32.17261594196516], [-51.808111182405476, 199.2144794327132, 32.1799795422681], [-51.09864027047036, 199.91921414746813, 32.18733773693452], [-50.388963555426706, 200.62374161500858, 32.19469025544096], [-49.78615315058483, 201.22184100489127, 32.200929202043305]]}, "properties": {"id": "j5c6", "name": "Carrer de Val\u00e8ncia", "highway": "tertiary", "osm_way_ids": [], "junction_id": "j5", "predecessor": {"element": "road", "id": "r26", "contact": "end"}, "successor": {"element": "road", "id": "r4", "contact": "start"}, "center_marking": null, "tags": {"turn": "through", "from_lane": -2, "to_lane": -2, "to_road": "r4"}, "lanes": [{"id": -1, "type": "driving", "width": 3.5, "direction": "forward", "marking": null, "speed_limit": 13.88888888888889, "tags": {"turn": "through"}}]}}, {"type": "Feature", "geometry": {"type": "LineString", "coordinates": [[-79.79497609072911, 166.36993909555713, 32.06996935292597], [-79.08508326529872, 167.07424880608346, 32.06371088751876], [-78.37540600131749, 167.77877572081144, 32.05745836946103], [-77.66593456354124, 168.48350990630135, 32.05121152820047], [-76.95665920798884, 169.18844143761095, 32.0449700932167], [-76.24757018237429, 169.89356039790752, 32.038733794020175], [-75.53865772653683, 170.59885687807724, 32.03250236015107], [-74.82991207286882, 171.30432097633292, 32.0262755211781], [-74.12132344674116, 172.00994279781855, 32.02005300669721], [-73.41288206692694, 172.71571245421276, 32.01383454633034], [-72.70457814602314, 173.42162006332958, 32.00761986972399], [-71.99640189087033, 174.1276557487178, 32.00140870654786], [-71.288343502971, 174.83380963925853, 31.995200786493346], [-70.58039317890605, 175.54007186876098, 31.988995839272068], [-69.87254111074995, 176.2464325755571, 31.982793594614307], [-69.16477748648457, 176.95288190209465, 31.976593782267432], [-68.45709249041185, 177.6594099945293, 31.979466167419503], [-67.7494763035652, 178.3660070023153, 31.982340444710136], [-67.0419191041202, 179.0726630777955, 31.985216343640907], [-66.33441106780413, 179.77936837579043, 31.98809359401095], [-65.62694236830511, 180.48611305318644, 31.990971925628163], [-64.9195031776804, 181.19288726852378, 31.993851068307453], [-64.21208366676427, 181.89968118158347, 31.996730751869016], [-63.504674005575566, 182.60648495297445, 31.99961070613657], [-62.79726436372496, 183.3132887437202, 32.0024906609356], [-62.08984491082215, 184.02008271484516, 32.005370346091595], [-61.38240580858942, 184.72685701865967, 32.008249491200345], [-60.67493721733718, 185.4336018044174, 32.01112782579288], [-59.96742931572625, 186.14030723727637, 32.01400507986576], [-59.25987227744037, 186.846963474129, 32.01688098322691], [-58.552256278201746, 187.553560669803, 32.01975526567552], [-57.844571496179974, 188.26008897664968, 32.02399405383172], [-57.136808112401695, 188.96653854413282, 32.0359342553202], [-56.42895631116121, 189.67289951841877, 32.04787202522287], [-55.72100628043191, 190.37916204196728, 32.05980709328691], [-55.01294821227892, 191.08531625312324, 32.07173918924237], [-54.30477230327294, 191.79135228571005, 32.083668042800696], [-53.59646875490529, 192.49726026862407, 32.09559338365311], [-52.88802777400458, 193.20303032543046, 32.107514941469134], [-52.179439573154816, 193.90865257396072, 32.11943244589513], [-51.4706943711152, 194.61411712591192, 32.13134562655288], [-50.761782393241845, 195.31941408644775, 32.14325421303824], [-50.0526938719112, 196.0245335538015, 32.15515793491981], [-49.34341904694574, 196.72946561888102, 32.167056521737656], [-48.63394816604165, 197.43420036487618, 32.17894970300219], [-47.924271485198844, 198.13872786686827, 32.19083720819295], [-47.321339411336986, 198.7369480030067, 32.200929202043305]]}, "properties": {"id": "j5c7", "name": "Carrer de Val\u00e8ncia", "highway": "tertiary", "osm_way_ids": [], "junction_id": "j5", "predecessor": {"element": "road", "id": "r26", "contact": "end"}, "successor": {"element": "road", "id": "r4", "contact": "start"}, "center_marking": null, "tags": {"turn": "through", "from_lane": -3, "to_lane": -3, "to_road": "r4"}, "lanes": [{"id": -1, "type": "driving", "width": 3.5, "direction": "forward", "marking": null, "speed_limit": 13.88888888888889, "tags": {"turn": "through"}}]}}, {"type": "Feature", "geometry": {"type": "LineString", "coordinates": [[-77.33028405408689, 163.8849253804013, 32.06996935292597], [-76.62039122788048, 164.58923509014554, 32.059175869657345], [-75.91071396153845, 165.29376200249553, 32.04838833369302], [-75.2012425199268, 165.99849618412424, 32.037606474483795], [-74.49196715917458, 166.703427710202, 32.026830021512396], [-73.78287812710623, 167.4085466640084, 32.0160587042924], [-73.07396566367161, 168.11384313654202, 32.00529225236709], [-72.36522000137369, 168.8193072261276, 31.994530395308296], [-71.65663136569421, 169.52492903802124, 31.983772862715103], [-70.9481899755172, 170.2306986840134, 31.97301938421256], [-70.23988604355061, 170.93660628202989, 31.962269689450306], [-69.53170977674621, 171.64264195573122, 31.95152350810115], [-68.82365137671769, 172.34879583411004, 31.940780569859644], [-68.1157010401572, 173.0550580510871, 31.930040604440528], [-67.40784895925059, 173.76141874510574, 31.919303341577216], [-66.70008532209117, 174.4678680587253, 31.908568511020214], [-65.99240031309226, 175.17439613821261, 31.911440895673312], [-65.28478411339881, 175.88099313313327, 31.914315172610756], [-64.5772269012979, 176.58764919594148, 31.917191071193617], [-63.869718852628395, 177.29435448156892, 31.920068321224093], [-63.162250141189936, 178.0010991470133, 31.922946652513136], [-62.45481093915134, 178.70787335092598, 31.92582579487872], [-61.74739141745846, 179.41466725319938, 31.928705478144096], [-61.039981746241615, 180.12147101455363, 31.931585432136043], [-60.33257209522301, 180.8282747961235, 31.934465386683105], [-59.62515263412379, 181.53506875904483, 31.937345071613834], [-58.917713524417465, 182.24184305537872, 31.940224216517173], [-58.21024492710717, 182.94858783507217, 31.943102550943205], [-57.50273702073458, 183.65529326316405, 31.945979804885194], [-56.795179979094684, 184.36194949665838, 31.94885570815414], [-56.08756397802091, 185.06854669049457, 31.9517299905523], [-55.37987919579383, 185.77507499713553, 31.956649645028495], [-54.6721158135511, 186.48152456615705, 31.97312483231463], [-53.96426401569784, 187.18788554383735, 31.98959758806522], [-53.25631399031819, 187.8941480727482, 32.0060676420304], [-52.54825592958789, 188.60030229134682, 32.02253472394324], [-51.840080030188055, 189.3063383335689, 32.03899856351815], [-51.13177649372037, 190.0122463284233, 32.055458890449344], [-50.423335527123555, 190.71801639958775, 32.07191543440934], [-49.714747343091645, 191.42363866500668, 32.0883679250475], [-49.00600216049362, 192.12910323649007, 32.1048160919886], [-48.297090204795225, 192.83440021931477, 32.1212596648315], [-47.588001708482345, 193.53951971182747, 32.13769837314778], [-46.87872691148668, 194.24445180504958, 32.15413194648054], [-46.16925606161342, 194.94918658228474, 32.17056011434318], [-45.459579414971216, 195.65371411872817, 32.18698260621828], [-44.85652567208915, 196.25205500112207, 32.200929202043305]]}, "properties": {"id": "j5c8", "name": "Carrer de Val\u00e8ncia", "highway": "tertiary", "osm_way_ids": [], "junction_id": "j5", "predecessor": {"element": "road", "id": "r26", "contact": "end"}, "successor": {"element": "road", "id": "r4", "contact": "start"}, "center_marking": null, "tags": {"turn": "through", "from_lane": -4, "to_lane": -4, "to_road": "r4"}, "lanes": [{"id": -1, "type": "driving", "width": 3.5, "direction": "forward", "marking": null, "speed_limit": 13.88888888888889, "tags": {"turn": "through"}}]}}, {"type": "Feature", "geometry": {"type": "LineString", "coordinates": [[-77.33028405408689, 163.8849253804013, 32.06996935292597], [-76.59805528159652, 164.56573965095046, 32.05854627669413], [-75.82591689393493, 165.20096994261556, 32.045937037044105], [-75.01976560057858, 165.7924750781847, 32.032239943883695], [-74.1842999922111, 166.34182939070422, 32.01753483106384], [-73.32364890575525, 166.85084752645778, 32.001898659214945], [-72.44104554840584, 167.32079784990202, 31.985389275301713], [-71.53933205129819, 167.75296487622114, 31.96806023621495], [-70.62090370434753, 168.14838234768473, 31.949955882777516], [-69.68779510758277, 168.5078016934988, 31.931111871917057], [-68.74178350820378, 168.8317497958435, 31.911557310023863], [-67.78444670825759, 169.12052539784526, 31.89131537006466], [-66.81721369510483, 169.37419633470432, 31.870403839212983], [-65.84140938043497, 169.59259290646438, 31.848835539015802], [-64.85828548750534, 169.7752314952079, 31.826617503490986], [-63.869106370755865, 169.92154725796152, 31.803755632692223], [-62.87513697969878, 170.03064117831423, 31.794515700987088], [-61.87770600947333, 170.10134892033977, 31.78527818833766], [-60.878254129087566, 170.13222931407284, 31.775388673921796], [-59.87838865815015, 170.1215533183897, 31.764838670511256], [-58.87994669710321, 170.0672957879449, 31.753617706085443], [-57.8850781794911, 169.96705575831922, 31.741713035689962], [-56.89634530623499, 169.818092630014, 31.729111372522993], [-55.91677265706959, 169.61762894451235, 31.715804257407637], [-54.95006734000587, 169.36230654224028, 31.70178205022944], [-54.00064766748905, 169.04883234188455, 31.687044453303788], [-53.07389609919957, 168.67368471066598, 31.671598830312643], [-52.17604018718516, 168.23392444662304, 31.65547161825162], [-51.31437365769991, 167.72697595106897, 31.638707464870496], [-50.497037040300704, 167.15133852103682, 31.62137787708084], [-49.73267810464817, 166.5070641201409, 31.603584792746947], [-49.383808870557004, 166.1706897743214, 31.59483318911721]]}, "properties": {"id": "j5c9", "name": "Carrer de Val\u00e8ncia", "highway": "tertiary", "osm_way_ids": [], "junction_id": "j5", "predecessor": {"element": "road", "id": "r26", "contact": "end"}, "successor": {"element": "road", "id": "r16", "contact": "start"}, "center_marking": null, "tags": {"turn": "right", "from_lane": -4, "to_lane": -3, "to_road": "r16"}, "lanes": [{"id": -1, "type": "driving", "width": 3.5, "direction": "forward", "marking": null, "speed_limit": 13.88888888888889, "tags": {"turn": "right"}}]}}, {"type": "Feature", "geometry": {"type": "LineString", "coordinates": [[-11.814171273639573, -128.28561384817903, 27.14314367755952], [-11.132465474144047, -129.01724025724366, 27.132743000959376], [-10.45070687846096, -129.7488174690533, 27.122342158032566], [-9.768903110800887, -130.48035258245272, 27.11194117283216], [-9.087061794057693, -131.21185269769677, 27.101540069391167], [-8.405190550030355, -131.9433249162124, 27.0911388717259], [-7.723296999644687, -132.67477634036004, 27.080737603839374], [-7.041388763175608, -133.40621407319622, 27.070336289724697], [-6.359473460469457, -134.13764521823538, 27.05993495336844], [-5.677558711166386, -134.86907687921246, 27.04953361875404], [-4.995652134922845, -135.60051615984523, 27.039132309865174], [-4.313761351633947, -136.33197016359648, 27.02873105068916], [-3.6318939816559737, -137.06344599343666, 27.01832986522033], [-2.9500576460286205, -137.79495075160577, 27.007928777463434], [-2.2682599666971197, -138.52649153937574, 26.997527811437006], [-1.5865085667341805, -139.25807545681198, 26.987126991176762], [-0.9048110705615792, -139.9897096025353, 26.97672634073898], [-0.22317510417155373, -140.72140107348295, 26.966325884203897], [0.45839170465231605, -141.45315696466983, 26.955925645679063], [1.1398816852242428, -142.18498440702226, 26.945525649431747], [1.8212872044119328, -142.91689049199212, 26.93512591963797], [2.5026006565164867, -143.64888228057129, 26.92472648041688], [3.2861092987015343, -144.49091874023074, 26.91276565660295]]}, "properties": {"id": "j6c1", "name": "Passeig de Gr\u00e0cia", "highway": "tertiary", "osm_way_ids": [], "junction_id": "j6", "predecessor": {"element": "road", "id": "r6", "contact": "end"}, "successor": {"element": "road", "id": "r30", "contact": "start"}, "center_marking": null, "tags": {"turn": "through", "from_lane": -1, "to_lane": -1, "to_road": "r30"}, "lanes": [{"id": -1, "type": "driving", "width": 3.5, "direction": "forward", "marking": null, "speed_limit": 13.88888888888889, "tags": {"turn": "through"}}]}}, {"type": "Feature", "geometry": {"type": "LineString", "coordinates": [[-14.374958166231472, -130.6714827655191, 27.14314367755952], [-13.693252359200331, -131.40310916756212, 27.13347170591304], [-13.01149374181037, -132.13468635914302, 27.1237995678953], [-12.329689940934486, -132.86622144158466, 27.11412728756778], [-11.6478485821281, -133.59772151762104, 27.104454888971855], [-10.965977289851004, -134.32919369115868, 27.09478239613223], [-10.284083687689412, -135.0606450670384, 27.085109833060287], [-9.602175398578305, -135.7920827507972, 27.075437223757486], [-8.920260045023909, -136.5235138484304, 27.065764592218766], [-8.238345249326214, -137.2549454661537, 27.056091962435918], [-7.556438633801641, -137.9863847101655, 27.046419358400986], [-6.8745478210056365, -138.717838686409, 27.036746804109644], [-6.192680433955231, -139.44931450033445, 27.025722285565006], [-5.510844096351441, -140.18081925666115, 27.014590105178456], [-4.829046432801624, -140.91236005913927, 27.00345804657834], [-4.147295069041517, -141.64394401031177, 26.99232613380879], [-3.4655976321570137, -142.37557821127558, 26.98119439093452], [-2.7839617508056755, -143.10726976144295, 26.970062842044214], [-2.1023950554378685, -143.8390257583022, 26.958931511253915], [-1.4209051962232324, -144.5708533136642, 26.94780042276624], [-0.7394998518889513, -145.30275956142466, 26.936669600901116], [-0.05818661084227625, -146.0347515464514, 26.92553906972331], [0.7235899840756725, -146.8749268698665, 26.91276565660295]]}, "properties": {"id": "j6c2", "name": "Passeig de Gr\u00e0cia", "highway": "tertiary", "osm_way_ids": [], "junction_id": "j6", "predecessor": {"element": "road", "id": "r6", "contact": "end"}, "successor": {"element": "road", "id": "r30", "contact": "start"}, "center_marking": null, "tags": {"turn": "through", "from_lane": -2, "to_lane": -2, "to_road": "r30"}, "lanes": [{"id": -1, "type": "driving", "width": 3.5, "direction": "forward", "marking": null, "speed_limit": 13.88888888888889, "tags": {"turn": "through"}}]}}, {"type": "Feature", "geometry": {"type": "LineString", "coordinates": [[-20.055135438314732, -136.48121309761584, 27.165987670019778], [-19.36042546994154, -137.2005030653855, 27.155547346318325], [-18.66583108143639, -137.91990464537704, 27.14510736311969], [-17.971353249458794, -138.6394187443884, 27.134667723520536], [-17.276992951127024, -139.3590462687602, 27.124228430624324], [-16.58275116402153, -140.0787881243719, 27.11378948754134], [-15.88862886618848, -140.7986452166375, 27.103350897388772], [-15.194627036143276, -141.5186184505018, 27.092912663290768], [-14.50074665287397, -142.23870873043606, 27.082474788378477], [-13.80698869584483, -142.95891696043415, 27.072037275790105], [-13.113354144999695, -143.6792440440083, 27.06160012867099], [-12.41984398076547, -144.39969088418513, 27.051163350173624], [-11.726459184055559, -145.12025838350147, 27.040726943457738], [-11.033200736273253, -145.84094744400028, 27.030290911690344], [-10.340069619315122, -146.5617589672265, 27.019855258045784], [-9.647066815574435, -147.28269385422283, 27.0094199857058], [-8.954193307944479, -148.00375300552568, 26.99898509785957], [-8.26145007982201, -148.72493732116095, 26.988550597703785], [-7.568838115110411, -149.4462477006398, 26.97811648844268], [-6.876358398223268, -150.1676850429545, 26.967682773288104], [-6.184011914087411, -150.8892502465741, 26.95724945545957], [-5.487638950706353, -151.61528303755858, 26.946753823208667]]}, "properties": {"id": "j6c3", "name": "Passeig de Gr\u00e0cia (lateral Llobregat)", "highway": "living_street", "osm_way_ids": [], "junction_id": "j6", "predecessor": {"element": "road", "id": "r7", "contact": "end"}, "successor": {"element": "road", "id": "r32", "contact": "start"}, "center_marking": null, "tags": {"turn": "through", "from_lane": -1, "to_lane": -1, "to_road": "r32"}, "lanes": [{"id": -1, "type": "driving", "width": 3.3, "direction": "forward", "marking": null, "speed_limit": 2.7777777777777777, "tags": {"turn": "through"}}]}}, {"type": "Feature", "geometry": {"type": "LineString", "coordinates": [[-20.055135438314732, -136.48121309761584, 27.165987670019778], [-19.336055965286665, -137.1758420149084, 27.155482364264515], [-18.566762566636516, -137.8143114828461, 27.144875433099518], [-17.7457443228521, -138.38460889615914, 27.134226147225988], [-16.873885097522702, -138.87349015655406, 27.123622231408035], [-15.955640541898, -139.2682270040674, 27.11317964440363], [-14.999093116083246, -139.55790624917358, 27.103035217159203], [-14.015680042302488, -139.7361881825932, 27.093327609961847], [-13.018392632491922, -139.80245530884474, 27.084174572422132], [-12.01967867737908, -139.7614275840167, 27.075656856494696], [-11.029744733158045, -139.62251133165037, 27.06780724733179], [-10.055815378363109, -139.39693123890837, 27.06062137887529], [-9.102320889163813, -139.09626034965783, 27.054068256874388], [-8.171392121222224, -138.73152850491837, 27.048099985529344], [-7.2636392816621544, -138.31233323286648, 27.042663970970978], [-6.3786630733142635, -137.84690649000092, 27.03770700445362], [-5.515569679288236, -137.3420095827805, 27.03318041669305], [-4.673048862645923, -136.8034539138235, 27.029037619081304], [-3.8497247346945254, -136.23596227028833, 27.025238019819422], [-3.0442240323118663, -135.64342685489476, 27.02174606518791], [-2.255216002806264, -135.0290898460067, 27.018530499390728], [-1.481386058502166, -134.39573237677794, 27.015562992280266], [-0.7215502840294703, -133.74564534223137, 27.01281932062225], [0.02537319758323718, -133.08075732400513, 27.01027834437927], [0.7603961314162094, -132.4027327675657, 27.007921133885986], [1.4844580824073685, -131.7130123615184, 27.005730744017423], [2.198427479829062, -131.01284731813317, 27.003691998037446], [2.903074542418121, -130.30329886273674, 27.001791728310508], [3.5991058651617105, -129.58529534032866, 27.000018127935444], [4.287220426063487, -128.85969980196577, 26.998359851105477], [4.9680135382184, -128.1272293918254, 26.99680734283232], [5.642051509746115, -127.38853715729677, 26.995351689710272], [6.309890996069584, -126.64423556692186, 26.993984308066167], [6.972022692094957, -125.89485109250863, 26.992697712389123], [7.628899434916726, -125.14085556513344, 26.991485079354476], [8.280967702717092, -124.38269734605147, 26.990339783157843], [8.92865298425119, -123.62079106329703, 26.989255585893147], [9.572351250236729, -122.85551307152518, 26.988226739819186], [10.212441711281745, -122.08721464850746, 26.9872477957069], [10.849289144815497, -121.31622569793221, 26.986313560059138], [11.483246140623327, -120.54285809814267, 26.985419055182696], [12.114655278193498, -119.76740876065317, 26.984559481611115], [12.743851251095705, -118.99016245555993, 26.983730182399903], [13.371162955228987, -118.21139445568386, 26.98292660883329], [13.996915559180012, -117.43137304733426, 26.982144287093394], [14.62143257626105, -116.65036195287516, 26.981378785447152], [15.245037959163518, -115.86862270876485, 26.980625681503582], [15.868058239658993, -115.08641704241047, 26.979880529082894], [16.490824737484406, -114.30400929206377, 26.979138824218456], [17.113675864529856, -113.52166891615533, 26.9783959697823], [17.736959552767107, -112.73967314204833, 26.97764723818281], [18.361035837070357, -111.95830980937234, 26.976887731528052], [18.986282488388806, -111.17788276658631, 26.976112299600736], [19.613099987794453, -110.39871694243534, 26.975315465581104], [20.24190007670934, -109.62115038499807, 26.97449157460637], [20.873125290809092, -108.84555143351618, 26.97363451864416], [21.507279194102015, -108.0723455074968, 26.97273730938474], [22.144847783364717, -107.30195317724757, 26.971793141980438], [22.78643883094098, -106.5349080193594, 26.970793460465273], [23.43264616963717, -105.77174852670555, 26.969729801532463], [24.08416774024338, -105.01312160132925, 26.968592133577648], [24.741784171847012, -104.25977288796638, 26.96736910305945], [25.406370554622715, -103.51256710597015, 26.96604780840955], [26.078911203570584, -102.77251458023292, 26.964613510262744], [26.76052587174834, -102.04081344184341, 26.963049146584694], [27.452582289307188, -101.31898388598697, 26.961333534303723], [28.012351007786187, -100.75214122029054, 26.959843170404937]]}, "properties": {"id": "j6c4", "name": "Passeig de Gr\u00e0cia (lateral Llobregat)", "highway": "living_street", "osm_way_ids": [], "junction_id": "j6", "predecessor": {"element": "road", "id": "r7", "contact": "end"}, "successor": {"element": "road", "id": "r42", "contact": "start"}, "center_marking": null, "tags": {"turn": "left", "from_lane": -1, "to_lane": -1, "to_road": "r42"}, "lanes": [{"id": -1, "type": "driving", "width": 3.3, "direction": "forward", "marking": null, "speed_limit": 2.7777777777777777, "tags": {"turn": "left"}}]}}, {"type": "Feature", "geometry": {"type": "LineString", "coordinates": [[3.2861092987015343, -144.49091874023074, 26.91276565660295], [2.6049111050445424, -143.75881969005073, 26.923164731873364], [1.9236120705207012, -143.0268144823537, 26.933564125579377], [1.2422198327012208, -142.29489603266924, 26.943963813463867], [0.5607420264538108, -141.56305725360775, 26.95436377131105], [-0.12081371583832233, -140.83129105510108, 26.964763974943143], [-0.802439764057123, -140.09959034464313, 26.97516440021694], [-1.4841284901296545, -139.36794802752976, 26.985565023020474], [-2.165872267807667, -138.63635700709827, 26.995965819269603], [-2.8476634724467433, -137.90481018496655, 27.00636676490466], [-3.5294944807849653, -137.17330046127165, 27.01676783588704], [-4.211357670721313, -136.44182073490842, 27.027169008195834], [-4.893245421093853, -135.7103639037675, 27.037570257824434], [-5.575150111457569, -134.97892286497336, 27.047971560777157], [-6.257064121862108, -134.24749051512202, 27.058372893065844], [-6.938979832629405, -133.51605975051893, 27.06877423070648], [-7.62088962413124, -132.7846234674164, 27.079175549715824], [-8.302785876566766, -132.05317456225126, 27.089576826107987], [-8.984660969740046, -131.32170593188263, 27.09997803589107], [-9.666507265197321, -130.59021045738714, 27.110379155008225], [-10.348317134950538, -129.85868103128288, 27.120780159425376], [-11.030082967069479, -129.12711056318187, 27.131181025146166], [-11.814171273639573, -128.28561384817903, 27.14314367755952]]}, "properties": {"id": "j6c5", "name": "Passeig de Gr\u00e0cia", "highway": "tertiary", "osm_way_ids": [], "junction_id": "j6", "predecessor": {"element": "road", "id": "r30", "contact": "start"}, "successor": {"element": "road", "id": "r6", "contact": "end"}, "center_marking": null, "tags": {"turn": "through", "from_lane": 1, "to_lane": 1, "to_road": "r6"}, "lanes": [{"id": -1, "type": "driving", "width": 3.5, "direction": "forward", "marking": null, "speed_limit": 13.88888888888889, "tags": {"turn": "through"}}]}}, {"type": "Feature", "geometry": {"type": "LineString", "coordinates": [[5.848628613327396, -142.10691061059498, 26.91276565660295], [5.167430429653056, -141.37481155112602, 26.922433807029716], [4.486131424873079, -140.6428063157453, 26.93210227582963], [3.80473923389246, -139.91088782245538, 26.94177103875404], [3.123261488914265, -139.17904898634092, 26.951440071595623], [2.441705819658256, -138.44728271980958, 26.96110935018501], [1.7600798535802717, -137.7155819328323, 26.97077885038743], [1.078391216091919, -136.983939533183, 26.9804485480993], [0.3966475307810345, -136.25234842667788, 26.99011841924488], [-0.28514358036774234, -135.52080151741455, 26.999788439772875], [-0.9669744967517294, -134.78929170801032, 27.00945858565305], [-1.6488375989288477, -134.0578118998406, 27.019128832872866], [-2.330725268395807, -133.3263549932769, 27.03014717454674], [-3.0126298873662334, -132.59491388792455, 27.04127701498959], [-3.6945438385485256, -131.86348148286038, 27.052406884806732], [-4.376459504923657, -131.1320506768703, 27.06353676002251], [-5.058369269522818, -130.40061436868663, 27.074666616662036], [-5.740265515205147, -129.66916545722566, 27.085796430747784], [-6.422140624435517, -128.9376968418251, 27.096926178296247], [-7.103986951423619, -128.2062013967202, 27.108055835227486], [-7.7857968880991, -127.47467203298997, 27.119185377570155], [-8.467562817716653, -126.74310165575031, 27.13031478131278], [-9.253384381047674, -125.89974493083895, 27.14314367755952]]}, "properties": {"id": "j6c6", "name": "Passeig de Gr\u00e0cia", "highway": "tertiary", "osm_way_ids": [], "junction_id": "j6", "predecessor": {"element": "road", "id": "r30", "contact": "start"}, "successor": {"element": "road", "id": "r6", "contact": "end"}, "center_marking": null, "tags": {"turn": "through", "from_lane": 2, "to_lane": 2, "to_road": "r6"}, "lanes": [{"id": -1, "type": "driving", "width": 3.5, "direction": "forward", "marking": null, "speed_limit": 13.88888888888889, "tags": {"turn": "through"}}]}}, {"type": "Feature", "geometry": {"type": "LineString", "coordinates": [[8.411147927953259, -139.72290248095922, 26.91276565660295], [7.729949754259574, -138.99080341220315, 26.92170304993907], [7.048650779217547, -138.25879814914427, 26.93064076158589], [6.367258635066609, -137.52687961225743, 26.93957876730324], [5.685780951345748, -136.79504071910105, 26.948517042892238], [5.00422535511197, -136.06327438455804, 26.957455564191957], [4.32259947115941, -135.33157352107574, 26.966394307076033], [3.6409109222390614, -134.59993103890557, 26.975333247449285], [2.959167329278886, -133.8683398463422, 26.984272361244354], [2.277376311604373, -133.13679284996223, 26.99321162441833], [1.5955454871595467, -132.4052829548627, 27.002151012949337], [0.9136824727282339, -131.67380306489906, 27.011090502833206], [0.23179488415562047, -130.94234608292305, 27.022722084807928], [-0.45010966342993725, -130.21090491102035, 27.034580295535804], [-1.132023555394988, -129.479472450748, 27.046438535676288], [-1.813939177378864, -128.74804160337177, 27.058296781262072], [-2.4958489150716243, -128.01660527010353, 27.070155008326633], [-3.1777451539918156, -127.28515635233835, 27.082013192900817], [-3.8596202750971624, -126.55368774800746, 27.093871310996363], [-4.5414666377658, -125.82219233616135, 27.105729338549615], [-5.223276641335814, -125.09066303477933, 27.11758725161258], [-5.905042668416582, -124.359092748368, 27.129445026171794], [-6.692597488455773, -123.51387601349887, 27.14314367755952]]}, "properties": {"id": "j6c7", "name": "Passeig de Gr\u00e0cia", "highway": "tertiary", "osm_way_ids": [], "junction_id": "j6", "predecessor": {"element": "road", "id": "r30", "contact": "start"}, "successor": {"element": "road", "id": "r6", "contact": "end"}, "center_marking": null, "tags": {"turn": "through", "from_lane": 3, "to_lane": 3, "to_road": "r6"}, "lanes": [{"id": -1, "type": "driving", "width": 3.5, "direction": "forward", "marking": null, "speed_limit": 13.88888888888889, "tags": {"turn": "through"}}]}}, {"type": "Feature", "geometry": {"type": "LineString", "coordinates": [[10.97366724257912, -137.33889435132346, 26.91276565660295], [10.292469078864068, -136.60679527328216, 26.920972460543666], [9.611170133554072, -135.87478998255065, 26.92917958273266], [8.92977803622366, -135.1428714020754, 26.937386998938223], [8.248300413748309, -134.41103245188813, 26.945594684969926], [7.5667448905228305, -133.6792660493464, 26.953802616675265], [6.885119088680355, -132.94756510937341, 26.962010769936285], [6.203430628311807, -132.2159225446975, 26.970219120666215], [5.52168712768591, -131.48433126609115, 26.978427644806075], [4.839896203469617, -130.75278418260953, 26.98663631832132], [4.15806547094892, -130.02127420182873, 26.99484511719845], [3.4762025442499613, -129.28979423008371, 27.00305401744166], [2.794315036560466, -128.5583371727059, 27.01529498929867], [2.112410560351368, -127.8268959342607, 27.02788140316402], [1.4304967275986038, -127.0954634187848, 27.040467846480286], [0.7485811500050105, -126.36403253002335, 27.053054295288515], [0.06667143922236392, -125.63259617166705, 27.06564072563052], [-0.6152247929266984, -124.9011472475893, 27.078227113545527], [-1.297099922586837, -124.1696786512331, 27.090813435030128], [-1.978946324223829, -123.43818327571059, 27.103399666068167], [-2.660756394660661, -122.7066540366509, 27.115985782703774], [-3.34252251916927, -121.97508384103494, 27.128571760931894], [-4.131810595863872, -121.1280070961588, 27.14314367755952]]}, "properties": {"id": "j6c8", "name": "Passeig de Gr\u00e0cia", "highway": "tertiary", "osm_way_ids": [], "junction_id": "j6", "predecessor": {"element": "road", "id": "r30", "contact": "start"}, "successor": {"element": "road", "id": "r6", "contact": "end"}, "center_marking": null, "tags": {"turn": "through", "from_lane": 4, "to_lane": 4, "to_road": "r6"}, "lanes": [{"id": -1, "type": "driving", "width": 3.5, "direction": "forward", "marking": null, "speed_limit": 13.88888888888889, "tags": {"turn": "through"}}]}}, {"type": "Feature", "geometry": {"type": "LineString", "coordinates": [[18.187268745346902, -130.89248101374218, 26.86408907091651], [17.546175491441772, -130.1250209351712, 26.87434966455365], [16.899609667890303, -129.3621653566611, 26.88463048765346], [16.247927178175598, -128.6036758183384, 26.894929856359404], [15.591479390932838, -127.84930642621192, 26.905246171502974], [14.930613134843478, -127.09880454288988, 26.91557791447798], [14.265670757692996, -126.35191144172724, 26.925923642772506], [13.596990243609005, -125.60836292411776, 26.93628198521274], [12.924905382700963, -124.86788990033513, 26.946651636967026], [12.249745987569815, -124.13021893493676, 26.957031354352456], [11.571838151429253, -123.3950727582731, 26.96741994948097], [10.891504542868422, -122.66217074610115, 26.977816284776395], [10.209064732575891, -121.93122936968975, 26.988219267389173], [9.524835547627506, -121.20196261913212, 26.99862784353093], [8.83913144920809, -120.47408240285382, 27.00904099274708], [8.152264929881623, -119.74729892652941, 27.019457722142246], [7.46454692674123, -119.02132105480199, 27.02987706057008], [6.776287246954391, -118.2958566593435, 27.0402980527968], [6.087795002366682, -117.57061295690295, 27.050719753645676], [5.399379087765749, -116.8452968051779, 27.061141222012978], [4.711349107879747, -116.11961457393456, 27.071561513510126], [4.024014672008781, -115.39327356668193, 27.081979678070518], [3.3376865155335955, -114.6659817083746, 27.092394751991975], [2.6337238880354317, -113.91725155745024, 27.103094042402184]]}, "properties": {"id": "j6c9", "name": "Passeig de Gr\u00e0cia (lateral Bes\u00f2s)", "highway": "living_street", "osm_way_ids": [], "junction_id": "j6", "predecessor": {"element": "road", "id": "r34", "contact": "end"}, "successor": {"element": "road", "id": "r31", "contact": "start"}, "center_marking": null, "tags": {"turn": "through", "from_lane": -1, "to_lane": -1, "to_road": "r31"}, "lanes": [{"id": -1, "type": "driving", "width": 3.6, "direction": "forward", "marking": null, "speed_limit": 2.7777777777777777, "tags": {"turn": "through"}}]}}, {"type": "Feature", "geometry": {"type": "LineString", "coordinates": [[18.187268745346902, -130.89248101374218, 26.86408907091651], [17.588030895609197, -130.09241787400143, 26.87417916707662], [17.072248564908623, -129.23620459871572, 26.883875829201777], [16.645761735090367, -128.33219109341985, 26.893077384970944], [16.31107326107675, -127.3902887360796, 26.90170202300692], [16.067501416121566, -126.42077477691296, 26.909693673014264], [15.910695412713862, -125.4334594676439, 26.917031286760224], [15.834789686112146, -124.43660062743375, 26.923716484323794], [15.832855635112956, -123.43680893839263, 26.92977016111223], [15.897642919314768, -122.43907825568316, 26.935225798686197], [16.022103878358973, -121.44699286139448, 26.940123610684694], [16.199709417938223, -120.463003307984, 26.944506104848156], [16.425007625743934, -119.4888054097729, 26.948410891863368], [16.692681218605305, -118.52537312650334, 26.951878759342947], [16.998447918181597, -117.57333014722091, 26.95494352586515], [17.33857689901635, -116.63300405049156, 26.95763595796006], [17.709784679160464, -115.70449898812741, 26.959984244987723], [18.109296009644602, -114.78780978531167, 26.9620127757959], [18.534677811503574, -113.88283084999985, 26.963743542414846], [18.9838470421115, -112.98941585381607, 26.96519571066579], [19.455015432689354, -112.10740092773285, 26.966385965130133], [19.94667245492778, -111.23663693829606, 26.967328463764222], [20.457591160671928, -110.37703091818206, 26.96803453648997], [20.9865458197522, -109.52840272884048, 26.968516028875733], [21.532595828531495, -108.69067010985779, 26.96878169302789], [22.09504928958495, -107.86386007411171, 26.968837438438534], [22.673157883424555, -107.04791910044962, 26.968690156062067], [23.2664028282507, -106.24291557217613, 26.968343986209035], [23.87439703672615, -105.44899219726162, 26.967801464574297], [24.496874964377174, -104.66637289446538, 26.967063569756696], [25.133693022510382, -103.89537744814518, 26.96612963114985], [25.784834034477495, -103.13644070721757, 26.964997173908184], [26.4504162720689, -102.39013811367325, 26.963661685496806], [27.130752439231568, -101.6572622345034, 26.962115635910827], [27.826384849572335, -100.93889191182745, 26.960347751406317], [28.012351007786187, -100.75214122029054, 26.959843170404937]]}, "properties": {"id": "j6c10", "name": "Passeig de Gr\u00e0cia (lateral Bes\u00f2s)", "highway": "living_street", "osm_way_ids": [], "junction_id": "j6", "predecessor": {"element": "road", "id": "r34", "contact": "end"}, "successor": {"element": "road", "id": "r42", "contact": "start"}, "center_marking": null, "tags": {"turn": "right", "from_lane": -1, "to_lane": -1, "to_road": "r42"}, "lanes": [{"id": -1, "type": "driving", "width": 3.6, "direction": "forward", "marking": null, "speed_limit": 2.7777777777777777, "tags": {"turn": "right"}}]}}, {"type": "Feature", "geometry": {"type": "LineString", "coordinates": [[-35.285295391182046, -163.71404052186142, 27.1352279047309], [-34.576578686128734, -163.00856597877726, 27.133267318743993], [-33.8567071750418, -162.314471110998, 27.1311401200469], [-33.12800593531536, -161.62964760968057, 27.128879445093354], [-32.39229975457667, -160.95235216287347, 27.1265118355938], [-31.65104554510522, -160.281131207077, 27.124058855027663], [-30.905450390790715, -159.6147341546783, 27.121538648638534], [-30.156527929431363, -158.95207771713717, 27.118966653701392], [-29.40513551239158, -158.29222272404058, 27.116356065628377], [-28.652057858119527, -157.63429135186337, 27.11371907194231], [-27.897971450563475, -156.9775162012548, 27.11106624348461], [-27.143512918885907, -156.32116848725798, 27.10840756814997], [-26.389270542213048, -155.66457242704354, 27.1057522894533], [-25.63580668012203, -155.00708326840848, 27.103109236059012], [-24.883676245960842, -154.34806937348048, 27.100487092094205], [-24.133417830179766, -153.68692536477434, 27.09789423986519], [-23.38557893949042, -153.02304619724043, 27.095339137926647], [-22.640721190112753, -152.35582447196944, 27.092830382881054], [-21.899429475764393, -151.6846436384029, 27.090376830888438], [-21.16232161337096, -151.00887132246774, 27.087987722608563], [-20.430068932619598, -150.32784184556056, 27.08567296945952], [-19.703402050354605, -149.64085649797906, 27.083443202647036], [-18.983095646103106, -148.94720646983484, 27.081309501087496], [-18.270021709403792, -148.24612506882107, 27.07928414725241], [-17.565195095750912, -147.53675463140317, 27.07738122678939], [-16.86974159277498, -146.81819504501752, 27.07561605527267], [-16.184913662097717, -146.0895045006859, 27.074005311820773], [-15.512261028716884, -145.34956369924998, 27.07256935623032], [-14.85350653327639, -144.59722817930378, 27.07133021961533], [-14.210704167096702, -143.83122435850632, 27.070313619135913], [-13.586343338665145, -143.05012379804427, 27.06955002850694], [-12.983403573964566, -142.25238238532913, 27.069074921504328], [-12.40546532261735, -141.43635943260205, 27.068929629163712], [-11.857074091180909, -140.60021239135207, 27.069165171389066], [-11.343626350067993, -139.74218964618115, 27.069839487711278], [-10.872073558546376, -138.8604812379684, 27.071024517650883], [-10.450941941072479, -137.95365622672335, 27.07280373351017], [-10.090733286063083, -137.02101947560874, 27.075273503826928], [-9.804372992922742, -136.06321149429053, 27.07854340393077], [-9.6068810446642, -135.08332806867006, 27.082726567880187], [-9.51409060865541, -134.08818393603687, 27.08792081195129], [-9.541380128618751, -133.08922479330113, 27.0941919998863], [-9.698566275686387, -132.10243301597143, 27.101529788984497], [-9.987475287861963, -131.1458811983677, 27.109841086037957], [-10.400928010235443, -130.23612536811174, 27.118962916933018], [-10.923441145983697, -129.38418308507636, 27.12869286541619], [-11.53695226189536, -128.5950726234356, 27.13884210230477], [-11.814171273639573, -128.28561384817903, 27.14314367755952]]}, "properties": {"id": "j6c11", "name": "Carrer del Consell de Cent", "highway": "living_street", "osm_way_ids": [], "junction_id": "j6", "predecessor": {"element": "road", "id": "r47", "contact": "end"}, "successor": {"element": "road", "id": "r6", "contact": "end"}, "center_marking": null, "tags": {"turn": "left", "from_lane": -1, "to_lane": 1, "to_road": "r6"}, "lanes": [{"id": -1, "type": "driving", "width": 3.8, "direction": "forward", "marking": null, "speed_limit": 2.7777777777777777, "tags": {"turn": "left"}}]}}, {"type": "Feature", "geometry": {"type": "LineString", "coordinates": [[-35.285295391182046, -163.71404052186142, 27.1352279047309], [-34.582250371456446, -163.00289557405083, 27.133351335253955], [-33.8771028843461, -162.2938355720775, 27.131443724175444], [-33.16939857325597, -161.5873277565098, 27.129498262551763], [-32.45874763834904, -160.88378418703198, 27.12750904121632], [-31.744800097760475, -160.1835864886012, 27.125470684237655], [-31.027239544140347, -159.48709218198482, 27.123378255898782], [-30.30577298794868, -158.79464503094457, 27.121227109078696], [-29.580097076264, -158.10661081639716, 27.11901237276112], [-28.849934090067162, -157.42334069431038, 27.11672948921639], [-28.11499515451202, -156.74521074052842, 27.114373652337985], [-27.374999999656893, -156.07260233249482, 27.111940099531434], [-26.62961755360362, -155.40596962634646, 27.10942318289253], [-25.878572289511148, -154.74572403556132, 27.106818000099334], [-25.121536913434717, -154.09235587009587, 27.104118718110392], [-24.358124291445243, -153.44645139412742, 27.101318399317304], [-23.588014575071433, -152.80854789376164, 27.0984109923854], [-22.81082400368679, -152.17929177915522, 27.095389226153824], [-22.026118925860732, -151.55943308450694, 27.09224476590595], [-21.23344848720781, -150.9497953778784, 27.088968681944984], [-20.432379746733986, -150.35123808701718, 27.085551985275742], [-19.622366354300084, -149.76484464971452, 27.081983338978272], [-18.802873316246668, -149.19177724226705, 27.078251030385395], [-17.9733249677055, -148.63336894687077, 27.074341957946878], [-17.13308585316101, -148.09118518535942, 27.070241092488875], [-16.28146775288645, -147.56706326163595, 27.06593130012742], [-15.417804723091745, -147.06304597569004, 27.061394401711244], [-14.541351212333385, -146.58162642437432, 27.056608800520006], [-13.651361492227135, -146.1257335953949, 27.051550266388915], [-12.747127846144883, -145.69881344089407, 27.045949167156316], [-11.828039688908735, -145.30491979251443, 27.039721196635433], [-10.893520157077935, -144.94923371967693, 27.03312710303472], [-9.943482423071869, -144.63743994314382, 27.02613180459533], [-8.97821640161671, -144.37670363859309, 27.018694586247317], [-7.998878672858445, -144.17537692159635, 27.010775175161207], [-7.007905600696381, -144.04310514779115, 27.002336722928096], [-6.009583655202805, -143.99076243386241, 26.99335120015785], [-5.0107309902757455, -144.0296239389412, 26.98381037777508], [-4.02111593385873, -144.17000113471735, 26.97373773043432], [-3.0533957521530946, -144.41981319972322, 26.963196527007465], [-2.121823679550127, -144.78169825165685, 26.952295920759855], [-1.240147670241336, -145.25227224617635, 26.94117697776484], [-0.4191569685576857, -145.82225762947795, 26.92999037967887], [0.33460984725968657, -146.47869335263508, 26.91887175953132], [0.7235899840756725, -146.8749268698665, 26.91276565660295]]}, "properties": {"id": "j6c12", "name": "Carrer del Consell de Cent", "highway": "living_street", "osm_way_ids": [], "junction_id": "j6", "predecessor": {"element": "road", "id": "r47", "contact": "end"}, "successor": {"element": "road", "id": "r30", "contact": "start"}, "center_marking": null, "tags": {"turn": "right", "from_lane": -1, "to_lane": -2, "to_road": "r30"}, "lanes": [{"id": -1, "type": "driving", "width": 3.8, "direction": "forward", "marking": null, "speed_limit": 2.7777777777777777, "tags": {"turn": "right"}}]}}, {"type": "Feature", "geometry": {"type": "LineString", "coordinates": [[-35.285295391182046, -163.71404052186142, 27.1352279047309], [-34.5764648640545, -163.0086814844468, 27.133265622340122], [-33.855669204615765, -162.31554944347334, 27.131124499135616], [-33.12466436486625, -161.63318911441917, 27.128828733578253], [-32.38481651145939, -160.960424107421, 27.126397419134566], [-31.63735755283305, -160.2961234681997, 27.123848196585158], [-30.88329058918505, -159.63933171077883, 27.121195639052598], [-30.123476894846018, -158.98919534949516, 27.118452459018748], [-29.35866510274205, -158.3449450118617, 27.11562987247063], [-28.589488664949346, -157.70591118733455, 27.11273748152199], [-27.816539306862833, -157.0714455506114, 27.109784394147237], [-27.040327845689745, -156.44097446016218, 27.10677855727409], [-26.261302094488755, -155.81398369758563, 27.103727006065593], [-25.479886072967375, -155.1899741375419, 27.100636475725736], [-24.696462214302418, -154.56848695152132, 27.097513093154245], [-23.91136759096466, -153.9491115038266, 27.094362296146038], [-23.12493989457831, -153.33142941572706, 27.091189574682303], [-22.337483423581425, -152.7150592939651, 27.087999902344556], [-21.54928703882698, -152.09963555635932, 27.08479802175618], [-20.76062740029674, -151.48480553901214, 27.081588490456777], [-19.971771718327542, -150.87022705592474, 27.07837571978386], [-19.182980891681854, -150.2555653414329, 27.075164020876297], [-18.394510230027738, -149.64049301180862, 27.071957611247154], [-17.60661237114467, -149.02468715499822, 27.068760657959285], [-16.819539695871192, -148.4078270428316, 27.06557731263423], [-16.033546427896148, -147.78959225640935, 27.062411741200364], [-15.248890736420323, -147.16966084384592, 27.059268153470857], [-14.465836876323399, -146.5477074936539, 27.056150832956355], [-13.684657400788016, -145.92340170808208, 27.053064167313895], [-12.905635482489899, -145.29640596170935, 27.0500126798377], [-12.12906738146811, -144.6663738316138, 27.04700106240896], [-11.355265100673828, -144.03294808655755, 27.04403421034028], [-10.58455927401186, -143.39575872395056, 27.041117259575977], [-9.817306049548916, -142.75441652869222, 27.038255685995562], [-9.05389844103993, -142.10850203137784, 27.035455471712908], [-8.29473318400643, -141.45760723426847, 27.032722562241354], [-7.5402529864071015, -140.80128813641775, 27.030063523967694], [-6.790957051374266, -140.13905716336777, 27.02748568221655], [-6.047398771038988, -139.4703912047503, 27.024997052478994], [-5.310130359984518, -138.7947972769846, 27.02260545800674], [-4.579885561607377, -138.11161883602247, 27.020321302851887], [-3.8573351196935612, -137.42030920115226, 27.018153774785723], [-3.1433587022999268, -136.72014940909727, 27.016114935486048], [-2.4389011367629334, -136.01041530895344, 27.01421744983854], [-1.7450203698175553, -135.29033987893575, 27.01247523439962], [-1.0629551446512169, -134.55906582590947, 27.010904337581604], [-0.3941230261306208, -133.81567295427163, 27.009522757068424], [0.2598493351873776, -133.05917875296603, 27.008350701890254], [0.8969690486878964, -132.28844332821322, 27.007412545736813], [1.5151048868871253, -131.50240771563318, 27.006733387794288], [2.111489522807351, -130.6997525986742, 27.006345482116412], [2.683074373223656, -129.87926429425178, 27.00628291345556], [3.226128554075436, -129.03963399917583, 27.006586329263627], [3.7361886265200663, -128.1795786398509, 27.00730265107154], [4.207954832905648, -127.29795933993472, 27.00848526989483], [4.635163044415082, -126.3939384763933, 27.010194221816022], [5.010488219204926, -125.46721183851564, 27.012495633539356], [5.325388252898283, -124.51829525354171, 27.015461362238327], [5.570395708621502, -123.54903212577887, 27.019163370619964], [5.735452360048686, -122.56306476863533, 27.023667944847947], [5.810914600821277, -121.5662931358607, 27.029024100537814], [5.788646172550966, -120.56696820949291, 27.035253428308952], [5.663460765945029, -119.57529716848647, 27.042339816444443], [5.4346263678726014, -118.60230873587756, 27.05022309863595], [5.106057428879508, -117.65828891862961, 27.05880681232205], [4.685234176915564, -116.75157358093306, 27.067974973970582], [4.1827094405492415, -115.88739381532493, 27.07760337915955], [3.6094245888832344, -115.06836676364276, 27.087580196282342], [2.97628674754351, -114.2946022190553, 27.09780903354877], [2.6337238880354317, -113.91725155745024, 27.103094042402184]]}, "properties": {"id": "j6c13", "name": "Carrer del Consell de Cent", "highway": "living_street", "osm_way_ids": [], "junction_id": "j6", "predecessor": {"element": "road", "id": "r47", "contact": "end"}, "successor": {"element": "road", "id": "r31", "contact": "start"}, "center_marking": null, "tags": {"turn": "left", "from_lane": -1, "to_lane": -1, "to_road": "r31"}, "lanes": [{"id": -1, "type": "driving", "width": 3.8, "direction": "forward", "marking": null, "speed_limit": 2.7777777777777777, "tags": {"turn": "left"}}]}}, {"type": "Feature", "geometry": {"type": "LineString", "coordinates": [[-35.285295391182046, -163.71404052186142, 27.1352279047309], [-34.57904258495457, -163.0060884800131, 27.13330390274947], [-33.864854691767206, -162.30614204165238, 27.13126191916344], [-33.14292387862561, -161.6141844289134, 27.129103741874225], [-32.4133561028473, -160.93028377864752, 27.126829889432692], [-31.676165940975178, -160.2546066497632, 27.124439484097167], [-30.931315376069076, -159.58738384257566, 27.12193079864029], [-30.178668062127997, -158.928969063778, 27.119300500723604], [-29.418104910008058, -158.27971522435394, 27.11654541427183], [-28.64941714964727, -157.64010213187987, 27.113660809908225], [-27.872372246239653, -157.01066934501392, 27.11064138890473], [-27.086661453454305, -156.39208938748538, 27.107480380807786], [-26.292010408623604, -155.78503881304596, 27.104171292606726], [-25.487980019100277, -155.19046900924903, 27.10070452606536], [-24.67420827611446, -154.60930629562458, 27.09707131085137], [-23.850236254451534, -154.04270142179618, 27.093260670923335], [-23.01550002227949, -153.49208231897418, 27.089259035014134], [-22.169531617743367, -152.9588867688964, 27.085053614681826], [-21.31162506982675, -152.44512744786573, 27.080626061352707], [-20.4412257743341, -151.95284091347781, 27.075959210764044], [-19.557649721729288, -151.4846281346125, 27.071031355005047], [-18.660162914981278, -151.04368431806003, 27.06581675945364], [-17.74815525904234, -150.63364406934286, 27.06028812386969], [-16.821049070365763, -150.25903175459112, 27.05441306014107], [-15.878459890293376, -149.92535388462355, 27.048154945887468], [-14.9204592661238, -149.63900709121665, 27.041475786453674], [-13.947579260100607, -149.40838477058475, 27.034329572614748], [-12.961590519163073, -149.24287372942143, 27.026675167692773], [-11.965853359976858, -149.15382287988876, 27.018473539992772], [-10.966240383094798, -149.1540663132498, 27.009698739997578], [-9.971995935801033, -149.2563613533108, 27.00035487460926], [-8.996201187403056, -149.47219381235251, 26.990487402804774], [-8.055218275923655, -149.8085627865903, 26.98019767033942], [-7.166449057835473, -150.26532494110438, 26.969639274006397], [-6.344926176079085, -150.83427688559902, 26.958993682949984], [-5.487638950706353, -151.61528303755858, 26.946753823208667]]}, "properties": {"id": "j6c14", "name": "Carrer del Consell de Cent", "highway": "living_street", "osm_way_ids": [], "junction_id": "j6", "predecessor": {"element": "road", "id": "r47", "contact": "end"}, "successor": {"element": "road", "id": "r32", "contact": "start"}, "center_marking": null, "tags": {"turn": "right", "from_lane": -1, "to_lane": -1, "to_road": "r32"}, "lanes": [{"id": -1, "type": "driving", "width": 3.8, "direction": "forward", "marking": null, "speed_limit": 2.7777777777777777, "tags": {"turn": "right"}}]}}, {"type": "Feature", "geometry": {"type": "LineString", "coordinates": [[-35.285295391182046, -163.71404052186142, 27.1352279047309], [-34.58296373292978, -163.00219066122824, 27.133361852468198], [-33.880304395734285, -162.2906642465967, 27.131490971302885], [-33.17732358188674, -161.57945544545532, 27.129615350887253], [-32.47402748595053, -160.8685584167063, 27.127735080857605], [-31.770422294880742, -160.1579673108516, 27.125850250834194], [-31.066514188145295, -159.44767627017816, 27.123960950421154], [-30.362309337847588, -158.7376794289412, 27.12206726920649], [-29.657813908850486, -158.0279709135467, 27.12016929676204], [-28.953034058901963, -157.31854484273245, 27.118267122643505], [-28.247975938761844, -156.60939532774765, 27.116360836390463], [-27.542645692330098, -155.90051647253162, 27.11445052752643], [-26.83704945677648, -155.191902373891, 27.112536285558907], [-26.131193362671322, -154.48354712167594, 27.110618199979488], [-25.425083534117686, -153.7754447989551, 27.10869636026395], [-24.718726088884782, -153.0675894821893, 27.10677085587237], [-24.01212713854249, -152.35997524140447, 27.104841776249273], [-23.30529278859706, -151.65259614036302, 27.102909210823793], [-22.59822913862803, -150.94544623673457, 27.10097324900982], [-21.89094228242621, -150.23851958226518, 27.099033980206208], [-21.183438308132747, -149.53181022294604, 27.097091493796988], [-20.47572329837915, -148.8253121991808, 27.09514587915155], [-19.767803330428418, -148.11901954595203, 27.09319722562491], [-19.059684476317212, -147.41292629298675, 27.091245622557942], [-18.351372802998824, -146.7070264649211, 27.089291159277654], [-17.642874372487118, -146.00131408146396, 27.08733392509744], [-16.93419524200148, -145.2957831575597, 27.085374009317384], [-16.225341464112525, -144.5904277035502, 27.083411501224564], [-15.516319086888588, -143.88524172533613, 27.08144649009336], [-14.80713415404313, -143.18021922453704, 27.07947906518577], [-14.097792705082883, -142.47535419865105, 27.077509315751758], [-13.388300775456768, -141.77064064121365, 27.075537331029615], [-12.678664396705425, -141.06607254195586, 27.073563200246276], [-11.968889596611529, -140.36164388696147, 27.07158701261774], [-11.258982399350836, -139.6573486588239, 27.069608857349404], [-10.548948825643642, -138.95318083680235, 27.067628823636486], [-9.838794892907009, -138.24913439697704, 27.06564700066439], [-9.128526615407559, -137.5452033124044, 27.063663477609143], [-8.418150004414818, -136.84138155327108, 27.061678343637784], [-7.707671068354924, -136.13766308704808, 27.059691687908796], [-6.997095812965093, -135.43404187864374, 27.057703599572537], [-6.2864302414483015, -134.73051189055684, 27.055714167771676], [-5.575680354628575, -134.02706708302873, 27.05372348164162], [-4.86485215110659, -133.32370141419537, 27.051731630310982], [-4.153951627415681, -132.62040884023884, 27.049738702902037], [-3.442984778178245, -131.91718331553855, 27.047744788531155], [-2.7319575962623706, -131.21401879282217, 27.045749976309292], [-2.02087607293886, -130.51090922331596, 27.043754355342454], [-1.3097461980385634, -129.80784855689512, 27.04175801473216], [-0.5985739601097355, -129.10483074223384, 27.039761043575925], [0.112634653424117, -128.4018497269549, 27.03776353096774], [0.8238736561063588, -127.69889945777943, 27.035765565998556], [1.5351370622891645, -126.99597388067608, 27.033767237756773], [2.2464188869752735, -126.29306694101045, 27.03176863532871], [2.9577131456596977, -125.59017258369411, 27.02976984779912], [3.669013854171314, -124.88728475333374, 27.02777096425166], [4.380315028514364, -124.18439739437999, 27.025772073769385], [5.091610684710013, -123.4815044512765, 27.02377326543526], [5.802894838637837, -122.77859986860894, 27.02177462833262], [6.5141615058773645, -122.0756775912538, 27.019776251545682], [7.225404701549664, -121.37273156452753, 27.017778224160033], [7.936618440159004, -120.66975573433571, 27.01578063526311], [8.647796735434595, -119.96674404732218, 27.013783573944703], [9.358933600172588, -119.2636904510184, 27.011787129297428], [10.070023046078065, -118.56058889399306, 27.009791390417213], [10.781059083607294, -117.85743332600173, 27.007796446403784], [11.492035721810263, -117.15421769813683, 27.00580238636113], [12.20294696817326, -116.4509359629779, 27.00380929939799], [12.913786828462001, -115.74758207474193, 27.001817274628323], [13.62454930656482, -115.0441499894343, 26.999826401171756], [14.335228404336284, -114.34063366499979, 26.99783676815406], [15.045818121441142, -113.63702706147411, 26.995848464707606], [15.756312455198659, -112.93332414113581, 26.993861579971803], [16.46670537921491, -112.22951884725074, 26.99187620340898], [17.176990902111683, -111.52560516366582, 26.989892423929124], [17.887163015375666, -110.82157706246133, 26.987910330663645], [18.59721570539612, -110.11742851641884, 26.985930012784475], [19.307142955444927, -109.413153501329, 26.98395155947272], [20.016938745523777, -108.70874599614642, 26.9819750599191], [20.72659705221186, -108.00419998314491, 26.980000603324324], [21.43611184851428, -107.2995094480735, 26.97802827889948], [22.14547710371084, -106.59466838031308, 26.976058175866434], [22.854686783205807, -105.88967077303363, 26.974090383458183], [23.56373484837816, -105.18451062335218, 26.972124990919223], [24.272615256432545, -104.47918193249147, 26.970162087505894], [24.9813219602511, -103.77367870593939, 26.96820176248672], [25.689848908245914, -103.0679949536091, 26.96624410514275], [26.398190044212445, -102.36212469000006, 26.964289204767837], [27.106339307183553, -101.65606193435977, 26.962337150668986], [27.8142906312846, -100.94980071084645, 26.960388032166613], [28.012351007786187, -100.75214122029054, 26.959843170404937]]}, "properties": {"id": "j6c15", "name": "Carrer del Consell de Cent", "highway": "living_street", "osm_way_ids": [], "junction_id": "j6", "predecessor": {"element": "road", "id": "r47", "contact": "end"}, "successor": {"element": "road", "id": "r42", "contact": "start"}, "center_marking": null, "tags": {"turn": "through", "from_lane": -1, "to_lane": -1, "to_road": "r42"}, "lanes": [{"id": -1, "type": "driving", "width": 3.8, "direction": "forward", "marking": null, "speed_limit": 2.7777777777777777, "tags": {"turn": "through"}}]}}, {"type": "Feature", "geometry": {"type": "LineString", "coordinates": [[51.89473922580998, 94.92713417188436, 29.134495791364557], [51.18568433934152, 94.22198115766976, 29.13376202960715], [50.475126462228104, 93.51834265212752, 29.133063233622902], [49.76314826659689, 92.81614130755145, 29.132397552424703], [49.04983196332068, 92.1152992672974, 29.1317631339386], [48.335259321426975, 91.41573820050036, 29.13115812521097], [47.6195116886699, 90.7173793357636, 29.130580672590384], [46.90267001318218, 90.02014349386533, 29.130028921885607], [46.184814866126544, 89.32395111953151, 29.129501018501266], [45.46602646526838, 88.62872231232595, 29.128995107552615], [44.74638469939336, 87.93437685671205, 29.12850933396094], [44.02596915349604, 87.24083425134228, 29.12804184253108], [43.304859134667026, 86.54801373763382, 29.12759077801256], [42.5831336986086, 85.85583432769066, 29.12715428514589], [41.86087167671002, 85.16421483163415, 29.126730508695474], [41.13815170361535, 84.47307388440537, 29.1263175934707], [40.41505224521813, 83.78232997210395, 29.12591368433667], [39.69165162701829, 83.0919014579294, 29.125516926216147], [38.968028062778096, 82.40170660779118, 29.12512546408413], [38.244259683414306, 81.71166361565548, 29.124737442956672], [37.52042456606491, 81.02169062869632, 29.12435100787537], [36.796600763269005, 80.33170577231986, 29.123964303889085], [36.072866332198984, 79.64162717513037, 29.123575476034357], [35.34929936388406, 78.95137299390692, 29.123182669316073], [34.62597801236454, 78.2608614386596, 29.12278402868984], [33.9029805237155, 77.57001079783419, 29.122377699047597], [33.18038526487865, 76.8787394637332, 29.12196182520801], [32.45827075224026, 76.18696595822175, 29.12153455191308], [31.736715679892285, 75.49460895878516, 29.121094023832526], [31.015798947513037, 74.80158732500487, 29.12063838557747], [30.29559968780242, 74.10782012551813, 29.120165781724882], [29.576197293405627, 73.41322666552603, 29.11967435685432], [28.857671443257708, 72.71772651491247, 29.1191622555985], [28.140102402955605, 72.02123925445827, 29.11862761624873], [27.42357050495264, 71.32368506846068, 29.118068583683065], [26.70815623528509, 70.6249847071277, 29.117483307952924], [25.99394066813527, 69.92505909510436, 29.116869934736716], [25.281005284762553, 69.22382957343432, 29.11622661027443], [24.569431994891936, 68.52121793253643, 29.11555148153183], [23.85930315700141, 67.8171464461774, 29.114842696388898], [23.150701597424774, 67.11153790648552, 29.114098403853976], [22.443710628184263, 66.40431566004646, 29.113316754305057], [22.066650067266945, 66.02575998804478, 29.112883227728346]]}, "properties": {"id": "j7c1", "name": "Carrer d'Arag\u00f3", "highway": "primary", "osm_way_ids": [], "junction_id": "j7", "predecessor": {"element": "road", "id": "r9", "contact": "end"}, "successor": {"element": "road", "id": "r17", "contact": "start"}, "center_marking": null, "tags": {"turn": "through", "from_lane": -1, "to_lane": -1, "to_road": "r17"}, "lanes": [{"id": -1, "type": "driving", "width": 3.780166556942775, "direction": "forward", "marking": null, "speed_limit": 13.88888888888889, "tags": {"turn": "through"}}]}}, {"type": "Feature", "geometry": {"type": "LineString", "coordinates": [[49.22618244499279, 97.60453289187046, 29.134495791364557], [48.5173453827411, 96.89916078124351, 29.137886351528802], [47.80742556635408, 96.19487840220779, 29.141302085047858], [47.09648296819597, 95.49162847773523, 29.144741635004433], [46.38457731333689, 94.78935346686893, 29.148203644006816], [45.67176809124811, 94.08799558214426, 29.151686754271275], [44.958114567937756, 93.38749680660491, 29.15518960769467], [44.24367579849656, 92.68779891043364, 29.15871084591783], [43.52851064002338, 91.9888434672194, 29.162249110380383], [42.8126777649017, 91.29057186988234, 29.16580304236751], [42.09623567439808, 90.5929253462799, 29.169371283049305], [41.37924271255506, 89.89584497451632, 29.172952473513288], [40.66175708035052, 89.1992716979806, 29.176545254790653], [39.94383685009701, 88.50314634013621, 29.18014826787689], [39.22553998005427, 87.80740961908812, 29.18376015374733], [38.50692432922911, 87.112002161952, 29.187379553368228], [37.788047672336816, 86.41686451905137, 29.186875725624372], [37.06896771489903, 85.72193717796837, 29.186376690636003], [36.34974210845264, 85.02716057747473, 29.185881092292554], [35.63042846584534, 84.33247512136883, 29.185387571568725], [34.9110843765929, 83.63782119224567, 29.18489476943934], [34.19176742227387, 82.94313916522627, 29.184401326876102], [33.472535191937155, 82.24836942167337, 29.18390588484404], [32.75344529749826, 81.55345236291978, 29.183407084298217], [32.0345553890996, 80.85832842403667, 29.182903566181324], [31.315923170410574, 80.16293808766781, 29.182393971422766], [30.597606413842637, 79.46722189795685, 29.18187694093978], [29.879662975654686, 78.77112047459363, 29.179570341571047], [29.16215081092372, 78.07457452700592, 29.175102598273153], [28.44512798835537, 77.3775248687223, 29.170623342002827], [27.72865270490871, 76.6799124319321, 29.166131213703963], [27.01278361481475, 75.9816779600164, 29.161624846983887], [26.297578989021936, 75.28276289954434, 29.157102888213895], [25.583097466492447, 74.58310865796159, 29.152563979228958], [24.869397899061497, 73.88265679289177, 29.1480067613376], [24.1565393363104, 73.18134905721874, 29.143429876036013], [23.44458103852648, 72.47912741533023, 29.138831965062177], [22.733582489285748, 71.77593405972385, 29.134211670458555], [22.023603407628364, 71.07171142799702, 29.129567634643927], [21.3147037597965, 70.36640222024094, 29.12489850049495], [20.606943770503225, 69.65994941685857, 29.12020291143807], [19.900383933700656, 68.95229629682457, 29.115479511552273], [19.514365738230044, 68.56462680293536, 29.112883227728346]]}, "properties": {"id": "j7c2", "name": "Carrer d'Arag\u00f3", "highway": "primary", "osm_way_ids": [], "junction_id": "j7", "predecessor": {"element": "road", "id": "r9", "contact": "end"}, "successor": {"element": "road", "id": "r17", "contact": "start"}, "center_marking": null, "tags": {"turn": "through", "from_lane": -2, "to_lane": -2, "to_road": "r17"}, "lanes": [{"id": -1, "type": "driving", "width": 3.780166556942775, "direction": "forward", "marking": null, "speed_limit": 13.88888888888889, "tags": {"turn": "through"}}]}}, {"type": "Feature", "geometry": {"type": "LineString", "coordinates": [[46.557625664175596, 100.28193161185655, 29.134495791364557], [45.849006262660986, 99.57634074806892, 29.14201067994877], [45.139724332337416, 98.87141587669312, 29.149540962139078], [44.42981762053384, 98.1671202009425, 29.15708577482215], [43.7193237769986, 97.46341682332285, 29.16464425473912], [43.00828035913649, 96.76026875217822, 29.172215538507253], [42.29672483735232, 96.0576389081351, 29.179798762639194], [41.58469460049338, 95.35549013045026, 29.18739306355995], [40.87222696138376, 94.65378518326861, 29.194997577621788], [40.159359162443444, 93.95248676179706, 29.202611441117153], [39.44612838138502, 93.2515574984005, 29.2102337902898], [38.73257173698127, 92.5509599686262, 29.21786376134426], [38.01872629489672, 91.85065669716293, 29.22550049045384], [37.30462907357654, 91.15061016374135, 29.23314311376723], [36.59031705018583, 90.45078280898211, 29.24079076741396], [35.87582716659312, 89.75113704019815, 29.248442587508794], [35.161196335391146, 89.05163523715802, 29.24783894225467], [34.446461445948636, 88.35223975781663, 29.247237733519857], [33.73165937048653, 87.65291294402039, 29.246638099516865], [33.01682697017233, 86.9536171271932, 29.24603917633192], [32.30200110122595, 86.25431463401034, 29.2454401000482], [31.587218621030985, 85.55496779206675, 29.244840006747204], [30.87251639424475, 84.85553893554663, 29.244238032510143], [30.15793129890083, 84.15599041090115, 29.243633313419494], [29.44350023249777, 83.45628458254092, 29.243024985560915], [28.729260118067373, 82.75638383854995, 29.24241218502561], [28.015247910216345, 82.0562505964281, 29.241794047913373], [27.301500601134602, 81.35584730886829, 29.237716037967132], [26.588055242181557, 80.65513645368148, 29.22922110743166], [25.874949101151945, 79.9540803858809, 29.220718244097586], [25.16221916236326, 79.25264185820502, 29.21220658780782], [24.449902627600217, 78.55078352297677, 29.203685274786498], [23.738036765563848, 77.84846809736094, 29.195153441306307], [23.026658917544314, 77.14565836948624, 29.186610223700157], [22.315806503013533, 76.4423172046476, 29.17805475837477], [21.605517025130975, 75.73840755159439, 29.16948618182621], [20.89582807615527, 75.03389244891115, 29.160903630657604], [20.186777342754414, 74.32873503149601, 29.152306241599177], [19.478402611207365, 73.62289853714347, 29.143693151530726], [18.77074177248932, 72.91634631323628, 29.135063497506724], [18.063832827233224, 72.20904182355267, 29.126416416784174], [17.35771389055982, 71.50094865519385, 29.11775104685338], [16.96208140919314, 71.10349361782595, 29.112883227728346]]}, "properties": {"id": "j7c3", "name": "Carrer d'Arag\u00f3", "highway": "primary", "osm_way_ids": [], "junction_id": "j7", "predecessor": {"element": "road", "id": "r9", "contact": "end"}, "successor": {"element": "road", "id": "r17", "contact": "start"}, "center_marking": null, "tags": {"turn": "through", "from_lane": -3, "to_lane": -3, "to_road": "r17"}, "lanes": [{"id": -1, "type": "driving", "width": 3.780166556942775, "direction": "forward", "marking": null, "speed_limit": 13.88888888888889, "tags": {"turn": "through"}}]}}, {"type": "Feature", "geometry": {"type": "LineString", "coordinates": [[43.889068883358405, 102.95933033184265, 29.134495791364557], [43.18066695755207, 102.25352107916918, 29.14613501497837], [42.472022676703155, 101.54795515448295, 29.157779866047008], [41.76315204342511, 100.84261664193448, 29.169429974824517], [41.05407104494083, 100.13748961034361, 29.18108497154867], [40.34479565413468, 99.43255811430859, 29.19274448644286], [39.63534183061145, 98.72780619530833, 29.204408149717764], [38.925725521761656, 98.02321788279816, 29.216075591572917], [38.215962663832435, 97.3187771953001, 29.227746442198097], [37.50606918300395, 96.6144681414874, 29.239420331774625], [36.796060996470295, 95.91027472126473, 29.251096890476564], [36.085954013524756, 95.20618092684373, 29.262775748471775], [35.37576413664872, 94.50217074381497, 29.274456535922916], [34.66550726260377, 93.7982281522167, 29.286138882988393], [33.95519928352641, 93.09433712760064, 29.29782241982317], [33.24485608802498, 92.39048164209595, 29.30950677657961], [32.53449356227822, 91.68664566547112, 29.30880342873426], [31.82412759113493, 90.98281316619496, 29.308100160734654], [31.11377405921423, 90.2789681124969, 29.30739660310615], [30.403448852006047, 89.57509447342709, 29.306692385998694], [29.693167856971037, 88.87117621991703, 29.305987139563324], [28.98294696463973, 88.1671973258411, 29.30528049395292], [28.27280206971019, 87.46314176907954, 29.304572079322988], [27.562749072143777, 86.75899353258337, 29.303861525832495], [26.85280387825842, 86.05473660544196, 29.30314846364476], [26.142982401819026, 85.35035498395348, 29.302432522928424], [25.43330057339924, 84.64583266436519, 29.30171333366602], [24.723774413636473, 83.94115357131984, 29.295982895373523], [24.01441978763662, 83.23630180733349, 29.283460804796484], [23.305252649797573, 82.53126140835155, 29.270934355995276], [22.596288967356628, 81.82601642294654, 29.258403179183457], [21.887544721452443, 81.12055091341735, 29.245866904587768], [21.17903590818041, 80.41484895689511, 29.233325162449912], [20.47077853964086, 79.70889464645624, 29.220777583028497], [19.76278864497968, 79.00267209224303, 29.208223796601146], [19.055082271420595, 78.29616542259231, 29.19566343346681], [18.347675485288885, 77.5893587851727, 29.183096123948246], [17.64058437302565, 76.88223634813106, 29.170521498394784], [16.933825042192286, 76.17478230124816, 29.15793918718522], [16.22741362246459, 75.46698085710479, 29.145348820731027], [15.521366266615797, 74.758816252258, 29.132750029479766], [14.815699151488165, 74.0502727484285, 29.12014244391878], [14.409797080156238, 73.64236043271653, 29.112883227728346]]}, "properties": {"id": "j7c4", "name": "Carrer d'Arag\u00f3", "highway": "primary", "osm_way_ids": [], "junction_id": "j7", "predecessor": {"element": "road", "id": "r9", "contact": "end"}, "successor": {"element": "road", "id": "r17", "contact": "start"}, "center_marking": null, "tags": {"turn": "through", "from_lane": -4, "to_lane": -4, "to_road": "r17"}, "lanes": [{"id": -1, "type": "driving", "width": 3.780166556942775, "direction": "forward", "marking": null, "speed_limit": 13.88888888888889, "tags": {"turn": "through"}}]}}, {"type": "Feature", "geometry": {"type": "LineString", "coordinates": [[41.220512102541214, 105.63672905182875, 29.134495791364557], [40.51232744591867, 104.93070179544748, 29.150259356728622], [39.80432051605485, 104.22449631390042, 29.166018797916916], [39.09648605660854, 103.51811796400956, 29.181774237944254], [38.38881880729922, 102.81157209876186, 29.197525799822355], [37.68131350403439, 102.10486406742068, 29.21327360655981], [36.973964879036195, 101.39799921563811, 29.229017781162046], [36.26676766096752, 100.69098288556768, 29.244758446631295], [35.55971657505752, 99.98382041597776, 29.2604957259666], [34.85280634322664, 99.27651714236544, 29.276229742163796], [34.14603168421112, 98.56907839707092, 29.291960618215548], [33.43938731368694, 97.86150950939255, 29.307688477111355], [32.73286794439337, 97.15381580570212, 29.32341344183762], [32.02646828625595, 96.4460026095609, 29.33913563537766], [31.320183046509168, 95.73807524183587, 29.354855180711798], [30.61400692981857, 95.03003902081659, 29.370572200817413], [29.907934638402537, 94.32189926233227, 29.36976927905926], [29.201960872153652, 93.6136612798695, 29.368964077575058], [28.49608032875974, 92.90533038469005, 29.368156719776266], [27.790287703824454, 92.19691188594925, 29.36734732862948], [27.08457769098764, 91.48841109081461, 29.366536027098846], [26.378944982045304, 90.77983330458478, 29.365722938146156], [25.673384267069334, 90.07118383080874, 29.364908184731014], [24.96789023452691, 89.36246797140534, 29.364091889810936], [24.262457571399732, 88.65369102678306, 29.363274176341502], [23.55708099437766, 87.9448582650391, 29.36245516655833], [22.851755152176334, 87.2359750194043, 29.3616349842376], [22.146474725592913, 86.52704658890183, 29.35438216017505], [21.44123439685219, 85.81807826909939, 29.337832945093368], [20.736028847286402, 85.10907535465665, 29.32128292637813], [20.03085275745333, 84.40004313944601, 29.30473222697656], [19.325700807254126, 83.69098691667376, 29.28818096983502], [18.62056767605115, 82.98191197900115, 29.27162927789923], [17.915448042785627, 82.27282361866557, 29.25507727411439], [17.210336586095362, 81.56372712760187, 29.238525081425397], [16.50522798443224, 80.85462779756371, 29.221972822776987], [15.800116916179807, 80.14553092024487, 29.205420621113937], [15.094998059770903, 79.4364417874006, 29.188868599381212], [14.38986609380509, 78.72736569096907, 29.172316880524168], [13.684715697166325, 78.0183079231926, 29.15576558748871], [12.979541549140569, 77.309273776739, 29.139214843221474], [12.27433832953348, 76.60026854482281, 29.12266477066998], [11.857512751119337, 76.18122724760711, 29.112883227728346]]}, "properties": {"id": "j7c5", "name": "Carrer d'Arag\u00f3", "highway": "primary", "osm_way_ids": [], "junction_id": "j7", "predecessor": {"element": "road", "id": "r9", "contact": "end"}, "successor": {"element": "road", "id": "r17", "contact": "start"}, "center_marking": null, "tags": {"turn": "through", "from_lane": -5, "to_lane": -5, "to_road": "r17"}, "lanes": [{"id": -1, "type": "driving", "width": 3.780166556942775, "direction": "forward", "marking": null, "speed_limit": 13.88888888888889, "tags": {"turn": "through"}}]}}, {"type": "Feature", "geometry": {"type": "LineString", "coordinates": [[51.89473922580998, 94.92713417188436, 29.134495791364557], [51.23483724846903, 94.17671569538267, 29.13267028086859], [50.67508379274808, 93.3488098763714, 29.12879924097448], [50.21620091183454, 92.46090758489822, 29.123086979822812], [49.854206272505365, 91.52919358259838, 29.115773865846837], [49.58238690378123, 90.56720391415178, 29.10709825354831], [49.39360350320237, 89.58546520375745, 29.097266678424038], [49.28007455431522, 88.59215537694766, 29.086464257944893], [49.2353311649818, 87.59333720617877, 29.074835954805348], [49.253649172878674, 86.59365626359747, 29.062501314114993], [49.330093333839024, 85.59671420642864, 29.049558506123986], [49.460829745647374, 84.6054142748699, 29.036085071798365], [49.64290397717312, 83.62223911137373, 29.02214374282904], [49.87396630650162, 82.64940766838278, 29.00778737785143], [50.15246550275889, 81.68907891301085, 28.993059296348886], [50.47753008407024, 80.74349723526521, 28.977996353670434], [50.848937598732995, 79.81514304787574, 28.962631107741757], [51.267097912632295, 78.9068963338801, 28.946993988359722], [51.73304549103574, 78.02222917602346, 28.931115718970464], [52.24843032916427, 77.16544476512682, 28.915030317444216], [52.815488427162805, 76.34198166988239, 28.8987791146099], [53.43740331816846, 75.55917855800783, 28.882416045829245], [54.09455657895085, 74.84880144767979, 28.866543119871757]]}, "properties": {"id": "j7c6", "name": "Carrer d'Arag\u00f3", "highway": "primary", "osm_way_ids": [], "junction_id": "j7", "predecessor": {"element": "road", "id": "r9", "contact": "end"}, "successor": {"element": "road", "id": "r20", "contact": "start"}, "center_marking": null, "tags": {"turn": "left", "from_lane": -1, "to_lane": -1, "to_road": "r20"}, "lanes": [{"id": -1, "type": "driving", "width": 3.780166556942775, "direction": "forward", "marking": null, "speed_limit": 13.88888888888889, "tags": {"turn": "left"}}]}}, {"type": "Feature", "geometry": {"type": "LineString", "coordinates": [[11.819622355377359, 104.60993858591046, 29.703833078434037], [12.522992084762006, 103.89950034270055, 29.686809312769718], [13.168162542652057, 103.13578143403322, 29.66978110786818], [13.755430042169927, 102.32665480492464, 29.65284074382594], [14.286086751624097, 101.47928712513324, 29.63606093867209], [14.761834020694906, 100.59988549577523, 29.61949825188202], [15.184880275178424, 99.69392986746654, 29.603194824987856], [15.557416252662723, 98.76604246241665, 29.587182582931053], [15.88175710466173, 97.82021445911982, 29.57148441860254], [16.159850631745506, 96.85975694629151, 29.556119023928627], [16.393499391949852, 95.88752188781099, 29.54110112350913], [16.58443481931241, 94.90599833061074, 29.526441821351494], [16.734036031031437, 93.91732498166438, 29.512151855848856], [16.843447026491514, 92.92339656628782, 29.498241598915133], [16.913573370551358, 91.92592268969003, 29.48472180678839], [16.945082388558003, 90.92648028072317, 29.47160425431311], [16.93834086434318, 89.9265627521387, 29.45937350756322], [16.893590820366967, 88.92762520527724, 29.432017725586824], [16.810819847294585, 87.93111919067778, 29.405111032640747], [16.68976460074955, 86.93853861898496, 29.37867447468087], [16.52992840530014, 85.95146377167309, 29.35273272303306], [16.33058100967967, 84.97160823796474, 29.327314647639696], [16.090759441625114, 84.00087062637635, 29.302453934531876], [15.809271840773864, 83.0413925743324, 29.27818974411838], [15.48470704668925, 82.09562431704497, 29.254567393096117], [15.11523198114924, 81.166492717501, 29.231642701702473], [14.699184425187749, 80.25727888187762, 29.209473907068396], [14.234600136428261, 79.37190053419015, 29.188130231115334], [13.719214061444378, 78.51512187667183, 29.16769455843802], [13.151224991511944, 77.69230695669397, 29.14825198766947], [12.528928504849883, 76.9097942656896, 29.12989825654867], [11.857512751119337, 76.18122724760711, 29.112883227728346]]}, "properties": {"id": "j7c7", "name": "Carrer de Pau Claris", "highway": "secondary", "osm_way_ids": [], "junction_id": "j7", "predecessor": {"element": "road", "id": "r16", "contact": "end"}, "successor": {"element": "road", "id": "r17", "contact": "start"}, "center_marking": null, "tags": {"turn": "right", "from_lane": -3, "to_lane": -5, "to_road": "r17"}, "lanes": [{"id": -1, "type": "driving", "width": 3.5, "direction": "forward", "marking": null, "speed_limit": 13.88888888888889, "tags": {"turn": "right"}}]}}, {"type": "Feature", "geometry": {"type": "LineString", "coordinates": [[16.586798925898027, 109.73575828089376, 29.703833078434037], [17.319507426802044, 109.05521576729745, 29.68748850339533], [18.05307592695222, 108.37560033830837, 29.671145689931176], [18.787449722242073, 107.69685515831313, 29.654804551909102], [19.522574322548238, 107.01892320994106, 29.638464998629512], [20.258395438891913, 106.3417473077482, 29.62212693513342], [20.994858970309124, 105.66527011157518, 29.60579026250946], [21.731910990452864, 104.98943413960025, 29.589454878200154], [22.469497733950142, 104.31418178110879, 29.57312067630741], [23.2075655825361, 103.63945530900183, 29.55678754789737], [23.946061050987044, 102.96519689206565, 29.540455381304493], [24.684930772873663, 102.29134860702524, 29.524124062435114], [25.424121486155443, 101.61785245040515, 29.5077934750703], [26.163580018636793, 100.94465035022067, 29.491463501168255], [26.903253273305165, 100.27168417752326, 29.475134021166227], [27.643088213570998, 99.59889575782378, 29.458804914282], [28.383031848429358, 98.9262268824178, 29.442476058815107], [29.123031217562765, 98.25361931963684, 29.426147332447748], [29.863033376404516, 97.58101482604997, 29.409818612545557], [30.60298538118184, 96.90835515763972, 29.393489776458303], [31.342834273958157, 96.23558208097707, 29.37716070182054], [32.08252706769366, 95.56263738441932, 29.360831266852383], [32.82201073134343, 94.88946288935547, 29.344501350660416], [33.56123217501259, 94.21600046152328, 29.32817083353885], [34.30013823518792, 93.54219202242187, 29.311839597271], [35.038675660065614, 92.86797956084425, 29.295507525431148], [35.77679109499518, 92.19330514455321, 29.279174503686868], [36.514431068059714, 91.51811093212457, 29.26284042010188], [37.2515417637695, 90.8423389538859, 29.246505164974682], [37.988069475131944, 90.16593163337848, 29.230168632178714], [38.723960403632155, 89.48883159538126, 29.213830719039645], [39.459160467751836, 88.81098148514748, 29.197491326254493], [40.193615399355316, 88.13232410130138, 29.181150358440927], [40.92727073052367, 87.45280240915456, 29.164807724444152], [41.66007178067698, 86.77235955434548, 29.148463337644543], [42.39196364400897, 86.09093887682332, 29.132117116266024], [43.12289117725799, 85.4084839251956, 29.11576898368514], [43.85279898784008, 84.72493847145977, 29.099418868740784], [44.58163142236947, 84.04024652613687, 29.083066706044548], [45.309332555593386, 83.35435235382596, 29.066712436291585], [46.035846179768065, 82.66720048919602, 29.05035600657195], [46.76111579450439, 81.97873575343203, 29.03399737068222], [47.485084597111424, 81.28890327115052, 29.01763648943736], [48.20769547346759, 80.59764848779896, 29.001273330982627], [48.9288909894497, 79.90491718755247, 28.984907871105335], [49.64861338295063, 79.21065551171978, 28.968540093546324], [50.366804556517565, 78.51480997766957, 28.952169990310896], [51.08340607064323, 77.81732749828656, 28.93579756197898], [51.79835913774307, 77.11815540196567, 28.919422818014223], [52.511604616852495, 76.41724145315081, 28.903045777071803], [53.22308300907848, 75.71453387342349, 28.886666467304533], [54.09455657895085, 74.84880144767979, 28.866543119871757]]}, "properties": {"id": "j7c8", "name": "Carrer de Pau Claris", "highway": "secondary", "osm_way_ids": [], "junction_id": "j7", "predecessor": {"element": "road", "id": "r16", "contact": "end"}, "successor": {"element": "road", "id": "r20", "contact": "start"}, "center_marking": null, "tags": {"turn": "through", "from_lane": -1, "to_lane": -1, "to_road": "r20"}, "lanes": [{"id": -1, "type": "driving", "width": 3.5, "direction": "forward", "marking": null, "speed_limit": 13.88888888888889, "tags": {"turn": "through"}}]}}, {"type": "Feature", "geometry": {"type": "LineString", "coordinates": [[14.203210640637693, 107.17284843340211, 29.703833078434037], [14.935767600228449, 106.49214274085985, 29.687168052062617], [15.668889997371831, 105.81204605818888, 29.670504177403195], [16.402535568963078, 105.13251377063904, 29.653841379357075], [17.136662163024088, 104.4535011746804, 29.63717958052185], [17.871227730332766, 103.77496348567679, 29.620518701376884], [18.6061903159425, 103.09685584542967, 29.603858660468468], [19.34150805060212, 102.4191333296031, 29.587199374594586], [20.077139142086356, 101.74175095504074, 29.570540758989413], [20.813041866446707, 101.06466368698588, 29.553882727507453], [21.549174559192398, 100.38782644621539, 29.53722519280746], [22.285495606411097, 99.71119411609895, 29.520568066536068], [23.021963435838877, 99.0347215495948, 29.503911259511266], [23.758536507888795, 98.35836357619313, 29.48725468190563], [24.495173306647473, 97.68207500881871, 29.470598243429464], [25.231832330848885, 97.0058106507041, 29.45394185351382], [25.968472084834556, 96.32952530224469, 29.43760556460307], [26.705051069509494, 95.65317376784736, 29.421269143060357], [27.441527773302845, 94.9767108627839, 29.40493249852486], [28.17786066314256, 94.30009142006084, 29.388595541139846], [28.91400817545334, 93.62327029731703, 29.372258181684117], [29.64992870718698, 92.94620238376046, 29.35592033175519], [30.385580606894496, 92.2688426071555, 29.339581903952606], [31.12092216584944, 91.59114594087208, 29.323242812061437], [31.85591160923186, 90.91306741100794, 29.306902971236], [32.59050708738248, 90.23456210359511, 29.29056229818383], [33.3246666671368, 89.55558517190165, 29.274220711349926], [34.0583483232491, 88.87609184383977, 29.25787813110129], [34.791509873737034, 88.19603736897378, 29.241534479797252], [35.524108853363145, 87.51537689963881, 29.225189681742776], [36.25610315048873, 86.83406619297058, 29.208843664681044], [36.98745028801697, 86.15206085255815, 29.192496358524483], [37.71810765557106, 85.4693165956533, 29.17614769603567], [38.44803250166858, 84.78578926143258, 29.159797613013986], [39.177181926059355, 84.10143481943778, 29.143446048482577], [39.90551287223851, 83.41620937820429, 29.127092944875713], [40.63298212014646, 82.73006919408682, 29.110738248226426], [41.35954627906777, 82.04297068029162, 29.094560841235275], [42.08516178074139, 81.35487041612356, 29.078401692135696], [42.80978487269455, 80.6657251564569, 29.062240811565047], [43.53337161181371, 79.97549184143756, 29.046078161833776], [44.25587785816522, 79.28412760642473, 29.029913709793373], [44.97725926907961, 78.59158979217914, 29.01374742702529], [45.69747129351322, 77.89783595530484, 28.997579290029908], [46.416469166701056, 77.20282387895105, 28.981409280415395], [47.13420790511583, 76.50651158377994, 28.965237385086475], [47.85064230174726, 75.808857339206, 28.949063596432882], [48.56572692171736, 75.10981967491188, 28.932887912517547], [49.27941609824656, 74.40935739264496, 28.916710337264252], [49.99166392898641, 73.70742957829896, 28.90053088064473], [50.70242427273515, 73.00399561428284, 28.88434955886504], [51.48270192262801, 72.22822054730048, 28.866543119871757]]}, "properties": {"id": "j7c9", "name": "Carrer de Pau Claris", "highway": "secondary", "osm_way_ids": [], "junction_id": "j7", "predecessor": {"element": "road", "id": "r16", "contact": "end"}, "successor": {"element": "road", "id": "r20", "contact": "start"}, "center_marking": null, "tags": {"turn": "through", "from_lane": -2, "to_lane": -2, "to_road": "r20"}, "lanes": [{"id": -1, "type": "driving", "width": 3.5, "direction": "forward", "marking": null, "speed_limit": 13.88888888888889, "tags": {"turn": "through"}}]}}, {"type": "Feature", "geometry": {"type": "LineString", "coordinates": [[11.819622355377359, 104.60993858591046, 29.703833078434037], [12.552026215393814, 103.92906813446317, 29.686847598734925], [13.284697771818399, 103.24848575224362, 29.66986266118965], [14.017607134043596, 102.56815946447853, 29.652878207575682], [14.750724449367546, 101.88805726978603, 29.635894178929277], [15.484019898473798, 101.20814714376297, 29.618910515638905], [16.217463690888305, 100.52839704254274, 29.60192715753854], [16.951026060417004, 99.84877490632769, 29.58494404400091], [17.684677260567398, 99.16924866290042, 29.567961114030588], [18.418387559957623, 98.489786231118, 29.550978306357106], [19.15212723771607, 97.81035552439306, 29.53399555952793], [19.885866578875213, 97.13092445416625, 29.51701281200145], [20.61957586976273, 96.45146093337388, 29.500030002239907], [21.35322539339343, 95.77193287991517, 29.483047068802342], [22.086785424865063, 95.09230822012307, 29.46606395043751], [22.820226226761605, 94.41255489224282, 29.449080586176823], [23.553518044567117, 93.73264084992248, 29.43273720172917], [24.286631102093686, 93.0525340657195, 29.41639345068684], [25.019535596926755, 92.37220253462752, 29.400049273468003], [25.75220169589107, 91.69161427762725, 29.383704611164756], [26.484599530540997, 91.01073734526585, 29.367359405617226], [27.216699192678302, 90.32953982126874, 29.35101359950686], [27.948470729901008, 89.64798982618761, 29.334667136449816], [28.679884141186893, 88.96605552108919, 29.318319961090484], [29.410909372515118, 88.28370511128813, 29.301972019195073], [30.141516312529507, 87.60090685012841, 29.28562325774539], [30.871674788247308, 86.9176290428169, 29.269273625032685], [31.601354560817054, 86.23384005031298, 29.25292307075171], [32.33052532132918, 85.54950829327811, 29.236571546094833], [33.0591564271513, 84.86460198021574, 29.22021900336216], [33.78721758995103, 84.17908984832862, 29.203865397360673], [34.514678319471564, 83.49294057884136, 29.187510684446156], [35.24150798586552, 82.80612287233386, 29.171154822749664], [35.96767586919349, 82.1186055098628, 29.154797772373072], [36.69315115563199, 81.43035735734412, 29.13843949548414], [37.417902933762356, 80.74134737002032, 29.122079956411657], [38.14190019094504, 80.0515445970157, 29.10572981187921], [38.86511180978354, 79.36091818598265, 29.08976541095811], [39.58750656468283, 78.66943738784225, 29.07379965475775], [40.30905311850656, 77.97707156162195, 29.05783251720504], [41.02972001933782, 77.28379017939338, 29.04186397486541], [41.74947569734854, 76.58956283131285, 29.025894007038527], [42.46828846178188, 75.89435923076748, 29.009922595854064], [43.1861264980532, 75.1981492196291, 28.99394972636744], [43.902957864974155, 74.50090277361858, 28.977975386655558], [44.61875049210547, 73.80259000778265, 28.961999567912482], [45.33347217724345, 73.10318118208544, 28.946022264545046], [46.04709058404567, 72.40264670711646, 28.93004347426832], [46.75957323980129, 71.70095714991713, 28.91406319820093], [47.47088753335154, 70.99808323992704, 28.898081440960162], [48.181000713165965, 70.29399587505162, 28.882098210756844], [48.87084726630518, 69.60763964692116, 28.866543119871757]]}, "properties": {"id": "j7c10", "name": "Carrer de Pau Claris", "highway": "secondary", "osm_way_ids": [], "junction_id": "j7", "predecessor": {"element": "road", "id": "r16", "contact": "end"}, "successor": {"element": "road", "id": "r20", "contact": "start"}, "center_marking": null, "tags": {"turn": "through", "from_lane": -3, "to_lane": -3, "to_road": "r20"}, "lanes": [{"id": -1, "type": "driving", "width": 3.5, "direction": "forward", "marking": null, "speed_limit": 13.88888888888889, "tags": {"turn": "through"}}]}}, {"type": "Feature", "geometry": {"type": "LineString", "coordinates": [[121.69699229058305, -200.99029131106687, 24.672376878144025], [121.00051608514023, -201.70785100136948, 24.69037067451694], [120.31524040331477, -202.436125303063, 24.7082944515562], [119.63773860431122, -203.1716423077902, 24.72616771922678], [118.96536537224408, -203.91185294497097, 24.744006832036625], [118.29602562543711, -204.65480892265649, 24.76182543822494], [117.62800982931472, -205.39895598053056, 24.779635024301648], [116.95983789820353, -206.14296280823206, 24.797445676449], [116.29017902369837, -206.88563117923962, 24.815266451872017], [115.61780240914587, -207.6258392419843, 24.83310559234551], [114.94153281197245, -208.36249128072365, 24.850970726142037], [114.26020502720979, -209.09446617739658, 24.868869073758354], [113.57263470265828, -209.82057859549616, 24.88680752295062], [112.87758805046026, -210.5395354505576, 24.9047926746162], [112.17375188976654, -211.24988683094543, 24.922830828782473], [111.45970324636797, -211.94996783524277, 24.940927888010744], [110.73384682512075, -212.6377933468366, 24.959089300688635], [109.99436854869012, -213.3109441041492, 24.97731966659941], [109.2393594145549, -213.96661655236895, 24.995621286157363], [108.46634795252085, -214.60094752353254, 25.013994835305503], [107.67278717983753, -215.20934482336534, 25.03243498830921], [106.85558778286756, -215.78555501647133, 25.050928549178497], [106.01136644269441, -216.32132163351335, 25.069447188878986], [105.13628242569229, -216.804900029576, 25.08793536916182], [104.22715807247224, -217.2206872676308, 25.106289124673168], [103.2821299425844, -217.54611646216185, 25.124315241368944], [102.30430375634467, -217.75146950737962, 25.14167209946483], [101.30679969217532, -217.80014106460118, 25.15779316286723], [100.31861654995392, -217.65870249355103, 25.171894222919466], [99.3816814461108, -217.31456724460813, 25.183193781949385], [98.53278352611285, -216.78893398702303, 25.19132391676694], [97.72626147859965, -216.0581405211088, 25.196767388098657]]}, "properties": {"id": "j8c1", "name": "Carrer de la Diputaci\u00f3", "highway": "residential", "osm_way_ids": [], "junction_id": "j8", "predecessor": {"element": "road", "id": "r13", "contact": "end"}, "successor": {"element": "road", "id": "r34", "contact": "start"}, "center_marking": null, "tags": {"turn": "right", "from_lane": -1, "to_lane": -1, "to_road": "r34"}, "lanes": [{"id": -1, "type": "driving", "width": 3.5, "direction": "forward", "marking": null, "speed_limit": 8.333333333333334, "tags": {"turn": "right"}}]}}, {"type": "Feature", "geometry": {"type": "LineString", "coordinates": [[119.20988541340228, -198.52771148870983, 24.672376878144025], [118.52223635192621, -199.2536544062029, 24.69129656814229], [117.86091644708881, -200.0037055829508, 24.710041063808244], [117.21969829852789, -200.77103574605965, 24.728640684800496], [116.59379541468117, -201.55092057330612, 24.74712391121746], [115.97953085807178, -202.3400118075083, 24.765515392987165], [115.37398417675435, -203.13581697953074, 24.783836354606702], [114.77472978727472, -203.93637347081494, 24.80210548411523], [114.17964359359136, -204.74003451011734, 24.820339855837847], [113.58686609316965, -205.54540061420724, 24.83855483292174], [112.99468665072526, -206.35120673002956, 24.856764769345197], [112.4014727760255, -207.1562513650877, 24.874983420296367], [111.80562602119987, -207.9593485494617, 24.893224160156233], [111.20553402606403, -208.7592773581972, 24.911500236860064], [110.59951322152017, -209.5547221089969, 24.92982508085692], [109.98575491883544, -210.34420933218038, 24.948212529124408], [109.36226612602927, -211.12603092291943, 24.965695423812118], [108.72680336604171, -211.89814611021777, 24.9832702349816], [108.07673911181023, -212.6580004610602, 25.000953153695384], [107.4089610906461, -213.4023218758514, 25.018760729923955], [106.7198049258397, -214.12687164028318, 25.036708643311705], [106.00469096962334, -214.8257761189066, 25.054810810548727], [105.25799345156317, -215.49076310000305, 25.073073910111354], [104.47271827870614, -216.1095832614769, 25.091486875463524], [103.64075762616088, -216.66376565830205, 25.10999477960775], [102.75370734175384, -217.1239577199459, 25.128440085836836], [101.8079991360932, -217.44485008104692, 25.146432148504378], [100.81757101232922, -217.564631056038, 25.163143157774776], [99.83030039839839, -217.42691497424087, 25.17726660019528], [98.9148712717266, -217.03142490460823, 25.18772274960048], [98.11259173794538, -216.4373637798591, 25.19444741773389], [97.72626147859965, -216.0581405211088, 25.196767388098657]]}, "properties": {"id": "j8c2", "name": "Carrer de la Diputaci\u00f3", "highway": "residential", "osm_way_ids": [], "junction_id": "j8", "predecessor": {"element": "road", "id": "r13", "contact": "end"}, "successor": {"element": "road", "id": "r34", "contact": "start"}, "center_marking": null, "tags": {"turn": "right", "from_lane": -2, "to_lane": -1, "to_road": "r34"}, "lanes": [{"id": -1, "type": "driving", "width": 3.5, "direction": "forward", "marking": null, "speed_limit": 8.333333333333334, "tags": {"turn": "right"}}]}}, {"type": "Feature", "geometry": {"type": "LineString", "coordinates": [[112.41726228222963, 16.18187160563638, 27.05383067486766], [113.1082408947782, 15.459650814818355, 27.039028209484144], [113.72496396871027, 14.672899463385765, 27.026161082312033], [114.27694891767506, 13.839297312937457, 27.014958428961982], [114.7775194203087, 12.973730923792788, 27.005064972252597], [115.2415045297547, 12.087940293069119, 26.99609699992698], [115.68396742738688, 11.191165189575672, 26.987671252214422], [116.11986716424633, 10.291170228714915, 26.979410540177476], [116.56407203366481, 9.395260005523335, 26.970940964343733], [117.03141249651462, 8.511240208887067, 26.961888316758017], [117.53688497896488, 7.648532249714405, 26.9518704965053], [118.09499208783173, 6.8190247459771145, 26.940511251502986], [118.71839931440883, 6.037574784463038, 26.927471143822558], [119.00854272486036, 5.720712807228844, 26.92128852720974]]}, "properties": {"id": "j9c1", "name": "Carrer de Pau Claris", "highway": "secondary", "osm_way_ids": [], "junction_id": "j9", "predecessor": {"element": "road", "id": "r20", "contact": "end"}, "successor": {"element": "road", "id": "r41", "contact": "start"}, "center_marking": null, "tags": {"turn": "through", "from_lane": -1, "to_lane": -1, "to_road": "r41"}, "lanes": [{"id": -1, "type": "driving", "width": 3.6998958095043903, "direction": "forward", "marking": null, "speed_limit": 13.88888888888889, "tags": {"turn": "through"}}]}}, {"type": "Feature", "geometry": {"type": "LineString", "coordinates": [[109.8879472096137, 13.48153935485204, 27.05383067486766], [110.58300050517532, 12.763110600242795, 27.04997584022291], [111.21224374575873, 11.986247968835729, 27.0478404770889], [111.78464629524363, 11.166478201426093, 27.047171964232458], [112.31217355534649, 10.317043616188428, 27.047651286893185], [112.80807644717376, 9.448706412961107, 27.04893462249998], [113.28592777695422, 8.570273800351348, 27.05067519587862], [113.7593023140081, 7.689413075960233, 27.03270037773677], [114.24176858045232, 6.813514760560815, 27.012953037156965], [114.74681029272372, 5.950477531342364, 26.99263405773214], [115.28780426876779, 5.10958007020427, 26.971400722817496], [115.87751060236775, 4.302197824872136, 26.94892000605475], [116.62605310584925, 3.4373505461532465, 26.92128852720974]]}, "properties": {"id": "j9c2", "name": "Carrer de Pau Claris", "highway": "secondary", "osm_way_ids": [], "junction_id": "j9", "predecessor": {"element": "road", "id": "r20", "contact": "end"}, "successor": {"element": "road", "id": "r41", "contact": "start"}, "center_marking": null, "tags": {"turn": "through", "from_lane": -2, "to_lane": -2, "to_road": "r41"}, "lanes": [{"id": -1, "type": "driving", "width": 3.6998958095043903, "direction": "forward", "marking": null, "speed_limit": 13.88888888888889, "tags": {"turn": "through"}}]}}, {"type": "Feature", "geometry": {"type": "LineString", "coordinates": [[107.35863213699777, 10.7812071040677, 27.05383067486766], [108.0581531951637, 10.067002001908, 27.06142258013832], [108.7009047098856, 9.301192978579017, 27.070501556404967], [109.29509171507564, 8.497022271039725, 27.080838726806643], [109.85116214803622, 7.665966343977889, 27.092155564090742], [110.38061415894016, 6.8176568778747875, 27.10415281726451], [110.89530013454034, 5.960283499291984, 27.113715470558414], [111.40715344043471, 5.101211446746039, 27.08243691941602], [111.9281301471138, 4.247656272656911, 27.05092669806646], [112.47006262779658, 3.4072866599028293, 27.01888313209985], [113.04455260367479, 2.5888894387498844, 26.98600738372856], [113.66250227119275, 1.8028771590565489, 26.952013417299035], [114.24356348683813, 1.1539882850776495, 26.92128852720974]]}, "properties": {"id": "j9c3", "name": "Carrer de Pau Claris", "highway": "secondary", "osm_way_ids": [], "junction_id": "j9", "predecessor": {"element": "road", "id": "r20", "contact": "end"}, "successor": {"element": "road", "id": "r41", "contact": "start"}, "center_marking": null, "tags": {"turn": "through", "from_lane": -3, "to_lane": -3, "to_road": "r41"}, "lanes": [{"id": -1, "type": "driving", "width": 3.6998958095043903, "direction": "forward", "marking": null, "speed_limit": 13.88888888888889, "tags": {"turn": "through"}}]}}, {"type": "Feature", "geometry": {"type": "LineString", "coordinates": [[112.41726228222963, 16.18187160563638, 27.05383067486766], [113.13646410800438, 15.487103819750528, 27.038285527990116], [113.85283905138039, 14.789400566699333, 27.022815219553987], [114.58925352692806, 14.113002536714776, 27.006813185361004], [115.36688544190558, 13.484755886489577, 26.98970699528338], [116.20734056881045, 12.9443298973367, 26.970882881712733], [117.12754088651657, 12.557817404461531, 26.94977522470141], [118.11428595491576, 12.420780676014859, 26.926468585671152], [118.61862525168294, 12.472907488281276, 26.914260059371696]]}, "properties": {"id": "j9c4", "name": "Carrer de Pau Claris", "highway": "secondary", "osm_way_ids": [], "junction_id": "j9", "predecessor": {"element": "road", "id": "r20", "contact": "end"}, "successor": {"element": "road", "id": "r44", "contact": "start"}, "center_marking": null, "tags": {"turn": "left", "from_lane": -1, "to_lane": -1, "to_road": "r44"}, "lanes": [{"id": -1, "type": "driving", "width": 3.6998958095043903, "direction": "forward", "marking": null, "speed_limit": 13.88888888888889, "tags": {"turn": "left"}}]}}, {"type": "Feature", "geometry": {"type": "LineString", "coordinates": [[141.85112432536255, 159.2105610270091, 29.026442179096442], [141.11535846203248, 159.88735780671527, 29.040910004500827], [140.3268182174514, 160.50191993944014, 29.055278906038392], [139.49428595055505, 161.05549251028083, 29.069471855838994], [138.62542914774286, 161.55017894213674, 29.083432033091327], [137.72654752129102, 161.988006260617, 29.097115819145365], [136.80332093563894, 162.37189841458982, 29.110495136491902], [135.86021998045348, 162.70404138686226, 29.123546700988314], [134.9010970735324, 162.98664842159434, 29.136253829265424], [133.9292300772018, 163.22175676191628, 29.148603907143663], [132.94739017396293, 163.41098447036413, 29.160585200415426], [131.95799619843314, 163.55564979909943, 29.172186501545763], [130.9632031658778, 163.65676166593587, 29.18339612671102], [129.9649805685955, 163.71501682763537, 29.194201086183188], [128.9651828582508, 163.73079995051881, 29.204586364344166], [127.96561486072717, 163.70418423232138, 29.214534257173117], [126.96809498717296, 163.63493136722906, 29.224023725529342], [125.97451913641517, 163.52249060694697, 29.233029732090372], [124.9869281794496, 163.36599759568153, 29.241522539342125], [124.00758186115029, 163.16427468729938, 29.2494669571584], [123.0390417640698, 162.9158357300396, 29.256821543556487], [122.08426548354967, 162.61889996222155, 29.26353778429668], [121.14672456723662, 162.27139325260273, 29.26955889962999], [120.23067160792903, 161.87070474695494, 29.274814616220514], [119.34087408606189, 161.41472520168026, 29.279234542611658], [118.48345798384396, 160.9004927071632, 29.282725647276667], [117.66523035922417, 160.3260188257961, 29.285197922796133], [116.89435321252738, 159.6894773075999, 29.286549171057228], [116.45532232886055, 159.27451005098055, 29.286780636624133]]}, "properties": {"id": "j10c1", "name": "Carrer de Roger de Ll\u00faria", "highway": "secondary", "osm_way_ids": [], "junction_id": "j10", "predecessor": {"element": "road", "id": "r22", "contact": "end"}, "successor": {"element": "road", "id": "r9", "contact": "start"}, "center_marking": null, "tags": {"turn": "left", "from_lane": -1, "to_lane": -1, "to_road": "r9"}, "lanes": [{"id": -1, "type": "driving", "width": 3.5, "direction": "forward", "marking": null, "speed_limit": 13.88888888888889, "tags": {"turn": "left"}}]}}, {"type": "Feature", "geometry": {"type": "LineString", "coordinates": [[141.85112432536255, 159.2105610270091, 29.026442179096442], [141.14528244011325, 159.91893039253176, 29.04092797261059], [140.4401043320689, 160.62796055140166, 29.055413758854193], [139.7355644886654, 161.33762494000007, 29.069899526145527], [139.03163732459137, 162.0478970625407, 29.084385264242748], [138.32829718517846, 162.75875048871848, 29.098870964285084], [137.62551834974167, 163.47015885130347, 29.11335661873399], [136.92327503487155, 164.1820958436827, 29.12784222131429], [136.22154139767937, 164.89453521735277, 29.142327766955216], [135.52029153899787, 165.60745077936477, 29.156813251731514], [134.81949950653942, 166.32081638972582, 29.171298672804458], [134.11913929801304, 167.03460595875774, 29.185784028362885], [133.41918486420306, 167.74879344441678, 29.200269317564214], [132.7196101120109, 168.46335284957647, 29.214754540475454], [132.0203889074622, 169.1782582192754, 29.229239698014236], [131.3214950786816, 169.89348363793343, 29.243724791889807], [130.62290241883693, 170.60900322653734, 29.258209824544068], [129.92458468905542, 171.32479113979966, 29.27269479909258], [129.22651562131387, 172.04082156329184, 29.28717971926563], [128.52866892130473, 172.75706871055468, 29.301664589349233], [127.83101827128102, 173.4735068201879, 29.316149414126212], [127.13353733288159, 174.19011015292165, 29.330634198817254], [126.43619974993942, 174.90685298867135, 29.345118949021956], [125.73897915127516, 175.62370962357906, 29.359603670659926], [125.0418491534781, 176.34065436704253, 29.37408836991185], [124.3447833636769, 177.05766153873523, 29.388573053160595], [123.64775538230244, 177.77470546561827, 29.40305772693228], [122.95073880584518, 178.491760478948, 29.417542397837394], [122.25370722960892, 179.20880091127955, 29.432027072511886], [121.5566342504639, 179.92580109347008, 29.446511757558262], [120.8594934696011, 180.6427353516833, 29.4609964594867], [120.16225849529026, 181.35957800439704, 29.475481184656115], [119.46490287628035, 182.07630329191468, 29.48996593923195], [118.76740028131952, 182.79288554531655, 29.504450729084017], [118.06972436104101, 183.50929904646495, 29.518935559762365], [117.3718487798215, 184.22551805330468, 29.533420436431097], [116.67374722304969, 184.941516801257, 29.547905363808358], [115.97539339995383, 185.65726950029315, 29.562390346107392], [115.27676104644908, 186.37275033202647, 29.57687538697759], [114.57782392800661, 187.08793344682562, 29.591360489445538], [113.8785558425468, 187.80279296095114, 29.605845655856037], [113.17893062335887, 188.51730295371706, 29.620330887813136], [112.4789221420487, 189.231437464681, 29.634816186121167], [111.77850431151765, 189.94517049086372, 29.64930155072574], [111.07765108897378, 190.65847598400163, 29.663786980654763], [110.37633647897829, 191.3713278478341, 29.678272473959474], [109.67453453652863, 192.08369993542786, 29.692758027655437], [108.97221937018074, 192.7955660465415, 29.707243637663595], [108.26936514521235, 193.50689992503183, 29.7217292987513], [107.56594608682904, 194.21767525630526, 29.736215004473387], [106.86193648341556, 194.92786566481624, 29.750700747113246], [106.15731068983341, 195.6374447116157, 29.765186517623974], [105.45204313076766, 196.34638589195194, 29.779672305569513], [105.12675171263808, 196.67292762958397, 29.786349046839813]]}, "properties": {"id": "j10c2", "name": "Carrer de Roger de Ll\u00faria", "highway": "secondary", "osm_way_ids": [], "junction_id": "j10", "predecessor": {"element": "road", "id": "r22", "contact": "end"}, "successor": {"element": "road", "id": "r23", "contact": "start"}, "center_marking": null, "tags": {"turn": "through", "from_lane": -1, "to_lane": -1, "to_road": "r23"}, "lanes": [{"id": -1, "type": "driving", "width": 3.5, "direction": "forward", "marking": null, "speed_limit": 13.88888888888889, "tags": {"turn": "through"}}]}}, {"type": "Feature", "geometry": {"type": "LineString", "coordinates": [[144.32922905355662, 161.68219954347995, 29.026442179096442], [143.62338718477014, 162.39056892540214, 29.040929359928636], [142.91820912703955, 163.09959913431, 29.055416533489304], [142.21366936581214, 163.80926360449033, 29.06990368809556], [141.5097423137784, 164.51953583807077, 29.084390813504584], [140.80640231426304, 165.23038940266872, 29.098877900854813], [140.10362364456608, 165.94179792898473, 29.11336494260708], [139.40138051925496, 166.6537351083439, 29.12785193248572], [138.6996470934108, 167.366174690188, 29.142338865419656], [137.9983974658293, 168.07909047952023, 29.15682573748344], [137.29760568217955, 168.79245633430608, 29.171312545838305], [136.59724573812136, 169.50624616283164, 29.18579928867314], [135.89729158238467, 170.22043392102313, 29.20028596514555], [135.19771711981144, 170.93499360972882, 29.214772575322822], [134.49849621436366, 171.64989927196692, 29.229259120122954], [133.79960269209818, 172.3651249901409, 29.24374560125565], [133.10101034411167, 173.08064488322506, 29.258230633845624], [132.40269292945717, 173.79643310392257, 29.272715608326298], [131.70462417803463, 174.51246383579834, 29.28720052842905], [131.0067777934575, 175.228711290389, 29.301685398440593], [130.30912745589816, 175.94514970429202, 29.316170223144482], [129.61164682491352, 176.66175333623664, 29.330655007762157], [128.91430954225376, 177.37849646413838, 29.345139757893996], [128.2170892346564, 178.09535338213976, 29.359624479460393], [127.51995951662765, 178.81229839763918, 29.374109178642822], [126.8228939932135, 179.52930582831004, 29.388593861824916], [126.12586626276313, 180.24634999911274, 29.403078535533556], [125.42884991968658, 180.96340523930118, 29.41756320637996], [124.7318185572091, 181.68044587942632, 29.432047881000763], [124.03474577012456, 182.39744624833884, 29.44653256599912], [123.33760515755017, 183.114380670193, 29.46101726788579], [122.64037032568505, 183.8312234614539, 29.475501993020217], [121.94301483652386, 184.54794887531048, 29.489986747564604], [121.2455123294459, 185.2645312142575, 29.504471537395776], [120.54783646518882, 185.98094476996505, 29.518956368061087], [119.84996090607497, 186.69716379834802, 29.533441244724827], [119.15185933544399, 187.4131625327921, 29.5479261721052], [118.45350546048083, 188.1289151812269, 29.5624111544154], [117.7548730150636, 188.8443959232178, 29.57689615541923], [117.05593576263301, 189.55957890707856, 29.591381184112564], [116.35666749908624, 190.27443824700737, 29.60586627675552], [115.65704205569686, 190.9889480202484, 29.62035143495153], [114.9570333020633, 191.70308226428097, 29.634836659504113], [114.25661514908795, 192.41681497403903, 29.64932195035792], [113.55576155198915, 193.13012009916324, 29.663807306539695], [112.85444651334794, 193.84297154128774, 29.67829272609932], [112.1526440861917, 194.55534315136424, 29.69277820605081], [111.45032837711705, 195.2672087270261, 29.70726374231333], [110.74747354945347, 195.97854200999438, 29.72174932965225], [110.04405382647015, 196.68931668352883, 29.736234961620166], [109.34004349462754, 197.39950636992586, 29.750720630498016], [108.63541690687585, 198.10908462806685, 29.765206327236168], [107.93014848600222, 198.8180249510185, 29.779692041395588], [107.60581676296599, 199.1436029373172, 29.786349046839813]]}, "properties": {"id": "j10c3", "name": "Carrer de Roger de Ll\u00faria", "highway": "secondary", "osm_way_ids": [], "junction_id": "j10", "predecessor": {"element": "road", "id": "r22", "contact": "end"}, "successor": {"element": "road", "id": "r23", "contact": "start"}, "center_marking": null, "tags": {"turn": "through", "from_lane": -2, "to_lane": -2, "to_road": "r23"}, "lanes": [{"id": -1, "type": "driving", "width": 3.5, "direction": "forward", "marking": null, "speed_limit": 13.88888888888889, "tags": {"turn": "through"}}]}}, {"type": "Feature", "geometry": {"type": "LineString", "coordinates": [[146.80733378175069, 164.1538380599508, 29.026442179096442], [146.10149192942788, 164.86220745827333, 29.04093074724669], [145.39631392201363, 165.57123771722183, 29.055419308124414], [144.69177424296655, 166.28090226898823, 29.069907850045592], [143.98784730297888, 166.99117461361422, 29.08439636276642], [143.28450744336837, 167.70202831663946, 29.098884837424546], [142.58172893941978, 168.4134370066949, 29.11337326648016], [141.87948600367753, 169.1253743730436, 29.12786164365714], [141.1777527891923, 169.8378141630724, 29.142349963884083], [140.47650339272283, 170.55073017973655, 29.15683822323536], [139.77571185789463, 171.26409627895973, 29.171326418872138], [139.0753521783184, 171.9778863669923, 29.185814548983384], [138.37539830066936, 172.69207439773012, 29.200302612726865], [137.67582412773015, 173.40663436999637, 29.214790610170162], [136.97660352139877, 174.1215403247886, 29.229278542231643], [136.27771030566436, 174.83676634249392, 29.243766410621458], [135.5791182695522, 175.55228654007385, 29.258251443147138], [134.88080117004105, 176.2680750682222, 29.27273641755997], [134.18273273495387, 176.98410610849731, 29.287221337592417], [133.48488666582512, 177.70035387043148, 29.301706207531893], [132.78723664074633, 178.4167925886198, 29.316191032162685], [132.08975631719238, 179.13339651979055, 29.33067581670699], [131.39241933483058, 179.8501399398592, 29.345160566765962], [130.6951993183152, 180.5669971409687, 29.35964528826078], [129.99806988006918, 181.2839424285179, 29.374129987373703], [129.30100462305577, 182.00095011818013, 29.38861467048914], [128.6039771435424, 182.71799453291482, 29.40309934413473], [127.90696103385858, 183.43504999997344, 29.41758401492242], [127.20992988515083, 184.1520908479027, 29.43206868948953], [126.51285729013652, 184.86909140354663, 29.446553374439866], [125.8157168458591, 185.58602598904994, 29.461038076284762], [125.11848215644692, 186.30286891886504, 29.475522801384194], [124.42112679714091, 187.01959445906678, 29.490007555897137], [123.72362437795023, 187.73617688356322, 29.504492345707412], [123.0259485697172, 188.4525904938326, 29.51897717635969], [122.32807303270985, 189.1688095437597, 29.533462053018436], [121.62997144821867, 189.88480826469464, 29.547946980401928], [120.93161752138519, 190.60056086252536, 29.562431962723295], [120.2329849840503, 191.316041514769, 29.576916923660004], [119.53404759762431, 192.03122436768442, 29.591401878578726], [118.83477915598093, 192.7460835334074, 29.60588689745415], [118.13515348837805, 193.46059308711196, 29.62037198188907], [117.4351444624065, 194.17472706419915, 29.634857132686214], [116.7347259869697, 194.888459457516, 29.649342349789254], [116.03387201529613, 195.60176421460733, 29.663827632223786], [115.33255654798646, 196.3146152350018, 29.678312978038335], [114.63075363609804, 197.0269863675361, 29.69279838424536], [113.92843738426797, 197.73885140771827, 29.707283846762255], [113.22558195387748, 198.4501840951335, 29.72176936035239], [112.52216156625916, 199.16095811089463, 29.736254918566143], [111.81815050594922, 199.8711470751401, 29.750740513681983], [111.11352312398638, 200.58072454458141, 29.765226136647563], [110.40825384125975, 201.28966401010368, 29.77971177702087], [110.08488181329389, 201.61427824505043, 29.786349046839813]]}, "properties": {"id": "j10c4", "name": "Carrer de Roger de Ll\u00faria", "highway": "secondary", "osm_way_ids": [], "junction_id": "j10", "predecessor": {"element": "road", "id": "r22", "contact": "end"}, "successor": {"element": "road", "id": "r23", "contact": "start"}, "center_marking": null, "tags": {"turn": "through", "from_lane": -3, "to_lane": -3, "to_road": "r23"}, "lanes": [{"id": -1, "type": "driving", "width": 3.5, "direction": "forward", "marking": null, "speed_limit": 13.88888888888889, "tags": {"turn": "through"}}]}}, {"type": "Feature", "geometry": {"type": "LineString", "coordinates": [[137.13660493954958, 183.6019085407289, 29.32491925296557], [136.43376295028798, 182.8905755553919, 29.324807410992975], [135.74132486994438, 182.16910958712762, 29.32448521464513], [135.05873504485166, 181.43831765339638, 29.323966626166566], [134.38540226727767, 180.69898642416894, 29.323265762579524], [133.7207044976879, 179.9518810607067, 29.322396835482152], [133.06399323290916, 179.19774474569297, 29.321374101561155], [132.41459748813128, 178.43729881870098, 29.32021182326417], [131.77182737944642, 177.6712434332501, 29.318924238908686], [131.13497730933932, 176.90025865646945, 29.317525541392246], [130.50332877032804, 176.1250059387713, 29.316029864603834], [129.87615279206423, 175.34612988818196, 29.314451276606896], [129.25271206496902, 174.56426029148057, 29.31280377866239], [128.63226277927734, 173.7800143315765, 29.31110130917535], [128.01405622255362, 172.99399895726322, 29.309357751674703], [127.39734018167151, 172.206813367351, 29.307586945966072], [126.7813601972194, 171.41905157603085, 29.30580270162708], [126.16536071954721, 170.63130503003018, 29.304018813039836], [125.54858621639902, 169.84416525061053, 29.30224907517335], [124.93028219826242, 169.05822654106154, 29.300507300879353], [124.30969372304251, 168.2740907141155, 29.29880738468861], [123.68607381462017, 167.49236401754268, 29.297163185182615], [123.0586790091209, 166.71366421909042, 29.295588643230307], [122.42677243833766, 165.9386218113539, 29.294097762821508], [121.78962567920084, 165.16788222207495, 29.292704614834282], [121.14652088946656, 164.40210782635145, 29.291423335843078], [120.4967532683082, 163.64197970993416, 29.29026812105063], [119.83963387463845, 162.88819912548865, 29.289253210411566], [119.17449282814984, 162.14148857619247, 29.288392867018796], [118.50068290786831, 161.4025924538025, 29.287701346853808], [117.81758355013696, 160.67227715197777, 29.28719285906841], [117.12460523213062, 159.9513305709305, 29.286881516078978], [116.45532232886055, 159.27451005098055, 29.286780636624133]]}, "properties": {"id": "j10c5", "name": "Carrer d'Arag\u00f3", "highway": "primary", "osm_way_ids": [], "junction_id": "j10", "predecessor": {"element": "road", "id": "r54", "contact": "end"}, "successor": {"element": "road", "id": "r9", "contact": "start"}, "center_marking": null, "tags": {"turn": "through", "from_lane": -1, "to_lane": -1, "to_road": "r9"}, "lanes": [{"id": -1, "type": "driving", "width": 3.6, "direction": "forward", "marking": null, "speed_limit": 13.88888888888889, "tags": {"turn": "through"}}]}}, {"type": "Feature", "geometry": {"type": "LineString", "coordinates": [[134.59504551993862, 186.1515115915168, 29.32491925296557], [133.8918370391533, 185.4405392007111, 29.328291421000063], [133.19831694348218, 184.72011177578204, 29.331467510606913], [132.51395844263897, 183.99097457764475, 29.33446055510115], [131.8382042997431, 183.25385473137655, 29.33728371300832], [131.17047078668404, 182.50946041812549, 29.33995021933807], [130.51015134206304, 181.7584806188131, 29.342473345557895], [129.85661991055738, 181.00158534169185, 29.34486636778676], [129.20923395634003, 180.23942626801605, 29.347142542610143], [128.56733715475394, 179.47263775396402, 29.349315089839102], [127.93026177588722, 178.70183813189854, 29.3513971814904], [127.2973307812165, 177.92763125955474, 29.353401936243984], [126.6678596603204, 177.15060827138572, 29.355342418632397], [126.04115803906956, 176.37134949174038, 29.357231642227436], [125.41653109393724, 175.59042647454845, 29.359082576107408], [124.79328080937647, 174.80840413856106, 29.36090815390976], [124.17070711679075, 174.02584297080477, 29.359244855592372], [123.5481089546559, 173.24330127366997, 29.357342193849576], [122.92478528995957, 172.46133743290827, 29.35204195123862], [122.30003614140396, 171.68051218472627, 29.346767967884347], [121.67316364480588, 170.90139086011945, 29.34153318058474], [121.04347187754016, 170.12454666088703, 29.336350587049864], [120.41026974717192, 169.35056151166646, 29.331233225130195], [119.77287460598778, 168.58002627807716, 29.326194138075465], [119.13061006563413, 167.81354575876807, 29.32124644808202], [118.4828091824521, 167.05173934862623, 29.316403330537163], [117.82881656850773, 166.2952425760007, 29.311678008204176], [117.16799079085237, 165.54470838950695, 29.307083739890498], [116.49970707986256, 164.80080814272398, 29.302633802855308], [115.82336035990738, 164.06423221960264, 29.298341468234103], [115.13836860605595, 163.33569023847951, 29.29421996880483], [114.44417651887517, 162.61591076876311, 29.290282458499927], [113.78676554804338, 161.95190877096667, 29.286780636624133]]}, "properties": {"id": "j10c6", "name": "Carrer d'Arag\u00f3", "highway": "primary", "osm_way_ids": [], "junction_id": "j10", "predecessor": {"element": "road", "id": "r54", "contact": "end"}, "successor": {"element": "road", "id": "r9", "contact": "start"}, "center_marking": null, "tags": {"turn": "through", "from_lane": -2, "to_lane": -2, "to_road": "r9"}, "lanes": [{"id": -1, "type": "driving", "width": 3.6, "direction": "forward", "marking": null, "speed_limit": 13.88888888888889, "tags": {"turn": "through"}}]}}, {"type": "Feature", "geometry": {"type": "LineString", "coordinates": [[132.05348610032766, 188.70111464230465, 29.32491925296557], [131.34991054271256, 187.99050391477152, 29.331775455827103], [130.65530775549715, 187.27111891806598, 29.338449885144765], [129.96918123029656, 186.54364399753138, 29.344954639445508], [129.29100867551114, 185.80874752050772, 29.351301916905637], [128.62024528696554, 185.06708135299502, 29.357503976552614], [127.95632677319622, 184.31928076939914, 29.363573106415114], [127.29867212228018, 183.5659647426932, 29.369521598215954], [126.64668610700268, 182.807736564308, 29.375361728121355], [125.99976153348426, 182.04518474613647, 29.38110574300634], [125.35728124521644, 181.27888416079045, 29.3867658516645], [124.71861989993147, 180.50939738033796, 29.392354220376443], [124.08314554101759, 179.73727617790016, 29.397882972249754], [123.45022098846869, 178.9630631604708, 29.403364189750633], [122.81920507679996, 178.1872935049691, 29.408809919859728], [122.18945376912893, 177.410496772723, 29.41423218129918], [121.56032117785841, 176.6331987802087, 29.412690069146073], [120.93116052321908, 175.8559235058832, 29.41055028795544], [120.30132506142357, 175.07919501429544, 29.4017197680488], [119.67016901441121, 174.3035393793232, 29.392913760653947], [119.03704853315199, 173.52948658834774, 29.384144287776824], [118.40132272622711, 172.75757240844325, 29.375423400474965], [117.76235478488042, 171.98834019424183, 29.3667631859025], [117.11951165675197, 171.2223439470668, 29.35817580207711], [116.47216815488653, 170.46014771289933, 29.34967342972595], [115.81970932657968, 169.70232634947797, 29.341268255862015], [115.16152898310303, 168.9494696028698, 29.332972530612082], [114.49703307516295, 168.20218210159757, 29.3247985326728], [113.82564195783286, 167.46108424180625, 29.316758555230102], [113.14679291267977, 166.72681278743465, 29.30886488632393], [112.45994293177283, 166.00002113755008, 29.301129783119215], [111.76457175985561, 165.2813792099703, 29.29356543959855], [111.11820876722622, 164.6293074909528, 29.286780636624133]]}, "properties": {"id": "j10c7", "name": "Carrer d'Arag\u00f3", "highway": "primary", "osm_way_ids": [], "junction_id": "j10", "predecessor": {"element": "road", "id": "r54", "contact": "end"}, "successor": {"element": "road", "id": "r9", "contact": "start"}, "center_marking": null, "tags": {"turn": "through", "from_lane": -3, "to_lane": -3, "to_road": "r9"}, "lanes": [{"id": -1, "type": "driving", "width": 3.6, "direction": "forward", "marking": null, "speed_limit": 13.88888888888889, "tags": {"turn": "through"}}]}}, {"type": "Feature", "geometry": {"type": "LineString", "coordinates": [[129.5119266807167, 191.25071769309253, 29.32491925296557], [128.80798352147582, 190.54046964103281, 29.33525951339968], [128.11229754097377, 189.8221308087364, 29.34543233208258], [127.4244039176429, 189.0963254944204, 29.355448867322355], [126.74381627726102, 188.3636641063862, 29.365320355237323], [126.07002935755887, 187.6247428629193, 29.375058079446415], [125.40252147456007, 186.8801438255389, 29.38467334620279], [124.74075678326922, 186.1304352256439, 29.394177464637284], [124.08418733225301, 185.37617204628114, 29.403581731724465], [123.43225491749567, 184.61789682312047, 29.412897421548394], [122.78439274572057, 183.85614063149637, 29.422135778424565], [122.1400269212567, 183.09142422934073, 29.431308013424783], [121.49857777359993, 182.32425932881063, 29.440425303851118], [120.85946104519499, 181.55514997225566, 29.449498795209585], [120.22208896076019, 180.78459399076488, 29.458539605242496], [119.58587120079827, 180.01308452579363, 29.467558829587976], [118.95021580287606, 179.24111159623646, 29.4661381290278], [118.3145300148905, 178.46916369473664, 29.463656143746803], [117.67822112492524, 177.69772939797852, 29.451295557927722], [117.04069729248192, 176.92729897617696, 29.438957696845044], [116.40136840585903, 176.15836598694963, 29.426653659353203], [115.75964699025242, 175.39142883823405, 29.414394567102693], [115.11494919073797, 174.62699230390302, 29.40219157003899], [114.46669585363348, 173.8655689742535, 29.390055850227505], [113.81431372875745, 173.1076806216335, 29.377998623571674], [113.15723661539634, 172.35385963323134, 29.366031142805312], [112.49490449848433, 171.60465226209428, 29.354164739839945], [111.82677311547846, 170.8606126493871, 29.34241066649964], [111.15230798852079, 170.1223104438097, 29.330780233550446], [110.47098900040798, 169.39032919554325, 29.319284747545012], [109.7823126712224, 168.6652666621706, 29.30793549067795], [109.08579464050857, 167.94773481827474, 29.29674369549803], [108.44965198640905, 167.30670621093893, 29.286780636624133]]}, "properties": {"id": "j10c8", "name": "Carrer d'Arag\u00f3", "highway": "primary", "osm_way_ids": [], "junction_id": "j10", "predecessor": {"element": "road", "id": "r54", "contact": "end"}, "successor": {"element": "road", "id": "r9", "contact": "start"}, "center_marking": null, "tags": {"turn": "through", "from_lane": -4, "to_lane": -4, "to_road": "r9"}, "lanes": [{"id": -1, "type": "driving", "width": 3.6, "direction": "forward", "marking": null, "speed_limit": 13.88888888888889, "tags": {"turn": "through"}}]}}, {"type": "Feature", "geometry": {"type": "LineString", "coordinates": [[126.97036726110574, 193.80032074388038, 29.32491925296557], [126.2660560361344, 193.09043632247412, 29.338743591628475], [125.5692865349747, 192.3731472402777, 29.352414845209324], [124.87962701359874, 191.64901864388676, 29.365943226793362], [124.196627984671, 190.91860379240205, 29.379339008872652], [123.5198243511377, 190.1824439258635, 29.392612500194414], [122.84873738338423, 189.44106838445373, 29.405774026777916], [122.18287653645235, 188.694994948916, 29.41883391683338], [121.52174110850811, 187.94473037398163, 29.431802489282127], [120.86482174571842, 187.19077108835376, 29.444690045554438], [120.21160180198525, 186.43360403678238, 29.457506864328213], [119.56155856466191, 185.67370764185503, 29.470263198865574], [118.91416435951245, 184.91155286520043, 29.48296927660385], [118.26888754984712, 184.1476043497716, 29.495635300660407], [117.62519344604698, 183.3823216266633, 29.508271452916006], [116.98254514264782, 182.61616037147684, 29.52088789834737], [116.34040430084352, 181.84957369652585, 29.519588819911803], [115.69823189474221, 181.08301346615823, 29.516672829551602], [115.055488940001, 180.31693162312305, 29.500782373018254], [114.41163722360002, 179.55178151423337, 29.48491281541838], [113.76614005350929, 178.7880192035535, 29.469074324734727], [113.11846304684654, 178.02610476097854, 29.45327708643455], [112.4680749748138, 177.26650351337676, 29.43753130766636], [111.81444868220109, 176.50968724444843, 29.42184722016817], [111.15706209852793, 175.75613532813654, 29.406235081556925], [110.49539935689863, 175.006335778837, 29.390705174662646], [109.82895203532367, 174.26078619984162, 29.37526780456546], [109.15722053353521, 173.51999460946135, 29.359933292991162], [108.47971559588396, 172.7844801224212, 29.344711969726404], [107.79595696701695, 172.05477631883048, 29.329614221201908], [107.10548388626451, 171.33142349150802, 29.31465030345553], [106.40784876507465, 170.61497640830032, 29.299830486133423], [105.7810952055919, 169.98410493092504, 29.286780636624133]]}, "properties": {"id": "j10c9", "name": "Carrer d'Arag\u00f3", "highway": "primary", "osm_way_ids": [], "junction_id": "j10", "predecessor": {"element": "road", "id": "r54", "contact": "end"}, "successor": {"element": "road", "id": "r9", "contact": "start"}, "center_marking": null, "tags": {"turn": "through", "from_lane": -5, "to_lane": -5, "to_road": "r9"}, "lanes": [{"id": -1, "type": "driving", "width": 3.6, "direction": "forward", "marking": null, "speed_limit": 13.88888888888889, "tags": {"turn": "through"}}]}}, {"type": "Feature", "geometry": {"type": "LineString", "coordinates": [[126.97036726110574, 193.80032074388038, 29.32491925296557], [126.19358913151697, 193.17365439968745, 29.34693987972625], [125.29467479070935, 192.7411593811412, 29.37219145178185], [124.31891155755382, 192.53256781975344, 29.400531623017837], [123.32040564173835, 192.531904017614, 29.431252114360834], [122.33501238083574, 192.69691612365025, 29.463550944577367], [121.37808304861423, 192.98549493344746, 29.496834425287688], [120.45327859365554, 193.3651466628362, 29.530728062210766], [119.55926933396768, 193.8127763751171, 29.565006623483825], [118.69319576206908, 194.31245360214376, 29.599534964351424], [117.85201263070411, 194.8530576264615, 29.634229555210432], [117.03274473451562, 195.4263720845808, 29.651814915319076], [116.23285151205047, 196.0264486007146, 29.666151056807198], [115.45001987500159, 196.64863600584468, 29.680539607112394], [114.68236226616659, 197.28946356551708, 29.694964255541915], [113.92815052772626, 197.94607073985762, 29.709413322426425], [113.1857826051051, 198.6160454104943, 29.723878439701565], [112.45389161673177, 199.29745426412208, 29.738353747378813], [111.73103235705348, 199.98844051879408, 29.75283497161947], [111.01579730120494, 200.6873187661927, 29.767319211676313], [110.30651029996474, 201.3922355754292, 29.781804589586393], [110.08488181329389, 201.61427824505043, 29.786349046839813]]}, "properties": {"id": "j10c10", "name": "Carrer d'Arag\u00f3", "highway": "primary", "osm_way_ids": [], "junction_id": "j10", "predecessor": {"element": "road", "id": "r54", "contact": "end"}, "successor": {"element": "road", "id": "r23", "contact": "start"}, "center_marking": null, "tags": {"turn": "right", "from_lane": -5, "to_lane": -3, "to_road": "r23"}, "lanes": [{"id": -1, "type": "driving", "width": 3.6, "direction": "forward", "marking": null, "speed_limit": 13.88888888888889, "tags": {"turn": "right"}}]}}, {"type": "Feature", "geometry": {"type": "LineString", "coordinates": [[135.94227358045094, -11.3077283672562, 26.47576790843555], [136.69586177624885, -11.964725092606466, 26.462323860541265], [137.48941593887892, -12.573036890050805, 26.448855203134592], [138.30693281321786, -13.148877349857774, 26.43539882968206], [139.1347753596144, -13.70983335114518, 26.421955103787077], [139.96045571218994, -14.273954698654295, 26.408508329433253], [140.77115806533544, -14.859312427939525, 26.39504612984377], [141.5524308680824, -15.483253499165356, 26.381579524525677], [142.3518468863603, -16.22671760880036, 26.366934571810955]]}, "properties": {"id": "j11c1", "name": "Carrer de Pau Claris", "highway": "secondary", "osm_way_ids": [], "junction_id": "j11", "predecessor": {"element": "road", "id": "r41", "contact": "end"}, "successor": {"element": "road", "id": "r10", "contact": "start"}, "center_marking": null, "tags": {"turn": "through", "from_lane": -1, "to_lane": -1, "to_road": "r10"}, "lanes": [{"id": -1, "type": "driving", "width": 3.3, "direction": "forward", "marking": null, "speed_limit": 13.88888888888889, "tags": {"turn": "through"}}]}}, {"type": "Feature", "geometry": {"type": "LineString", "coordinates": [[133.67799123960438, -13.708358593036579, 26.47576790843555], [134.42417808416664, -14.373921746545834, 26.46342912004092], [135.1991432944591, -15.005838979044853, 26.451061051348056], [135.99119284080493, -15.616269773036219, 26.438688068264124], [136.7897973420291, -16.218125125776307, 26.426197189868677], [137.58491917559033, -16.82456075025688, 26.411034897869886], [138.36622097363892, -17.448650695355653, 26.39587441607583], [139.12228875792346, -18.10299763398491, 26.380733540351503], [139.78115204517485, -18.737663556476658, 26.366934571810955]]}, "properties": {"id": "j11c2", "name": "Carrer de Pau Claris", "highway": "secondary", "osm_way_ids": [], "junction_id": "j11", "predecessor": {"element": "road", "id": "r41", "contact": "end"}, "successor": {"element": "road", "id": "r10", "contact": "start"}, "center_marking": null, "tags": {"turn": "through", "from_lane": -2, "to_lane": -2, "to_road": "r10"}, "lanes": [{"id": -1, "type": "driving", "width": 3.3, "direction": "forward", "marking": null, "speed_limit": 13.88888888888889, "tags": {"turn": "through"}}]}}, {"type": "Feature", "geometry": {"type": "LineString", "coordinates": [[131.4137088987578, -16.10898881881696, 26.47576790843555], [132.15172044145217, -16.78372395367898, 26.464584512524812], [132.90579500468365, -17.44048908970646, 26.453378106730153], [133.6689223227356, -18.08673200774181, 26.4421619879908], [134.43443489948484, -18.730152702551532, 26.430230513502423], [135.19571380852636, -19.378568304685178, 26.413318400849317], [135.9460011013551, -20.03964890798096, 26.39641907909659], [136.67812822274584, -20.720751868641056, 26.379548325085985], [137.2104572039894, -21.248609504152956, 26.366934571810955]]}, "properties": {"id": "j11c3", "name": "Carrer de Pau Claris", "highway": "secondary", "osm_way_ids": [], "junction_id": "j11", "predecessor": {"element": "road", "id": "r41", "contact": "end"}, "successor": {"element": "road", "id": "r10", "contact": "start"}, "center_marking": null, "tags": {"turn": "through", "from_lane": -3, "to_lane": -3, "to_road": "r10"}, "lanes": [{"id": -1, "type": "driving", "width": 3.3, "direction": "forward", "marking": null, "speed_limit": 13.88888888888889, "tags": {"turn": "through"}}]}}, {"type": "Feature", "geometry": {"type": "LineString", "coordinates": [[129.83393340365305, -19.877506037501004, 26.47022599460176], [130.8262968142306, -19.769143199853914, 26.46054538115084], [131.78662371952203, -19.493282795291748, 26.45258652332316], [132.70916443903252, -19.108314194306956, 26.44592947715209], [133.60030000843616, -18.654902814123826, 26.440171114676], [134.4694790452925, -18.160510391248955, 26.4349844388401], [135.32641658210207, -17.645108024209726, 26.430101346870593], [136.180871932625, -17.125585827673774, 26.42527865563036], [137.04316911843878, -16.619242615305357, 26.42026379676946], [137.92506830223775, -16.14807879925605, 26.414750152299177], [138.84007019557927, -15.745692515203771, 26.40831697776109], [139.8001837183451, -15.470873916434314, 26.400351807649784], [140.79551011128828, -15.429668210676953, 26.39008615832612], [141.7376738145313, -15.743744521519343, 26.377458957284606], [142.3518468863603, -16.22671760880036, 26.366934571810955]]}, "properties": {"id": "j11c4", "name": "Carrer del Consell de Cent", "highway": "living_street", "osm_way_ids": [], "junction_id": "j11", "predecessor": {"element": "road", "id": "r46", "contact": "end"}, "successor": {"element": "road", "id": "r10", "contact": "start"}, "center_marking": null, "tags": {"turn": "right", "from_lane": -1, "to_lane": -1, "to_road": "r10"}, "lanes": [{"id": -1, "type": "driving", "width": 4.0, "direction": "forward", "marking": null, "speed_limit": 2.7777777777777777, "tags": {"turn": "right"}}]}}, {"type": "Feature", "geometry": {"type": "LineString", "coordinates": [[171.2422078643758, -45.80453548054648, 25.546052405498077], [172.04792082217952, -46.38944346174791, 25.523494777553037], [172.9856952518844, -46.72956881428154, 25.515756914762648], [173.97509081486703, -46.86462779341089, 25.519757770790275], [174.97332839879508, -46.82783187291984, 25.533201629644502], [175.95333447866443, -46.63434538048628, 25.55495382446159], [176.8876308442912, -46.28169347226656, 25.584833874048535], [177.7328613380966, -45.75138298782689, 25.62334999266511], [177.93627190844265, -45.5740903896709, 25.635319094828333]]}, "properties": {"id": "j12c1", "name": "Carrer de Pau Claris", "highway": "secondary", "osm_way_ids": [], "junction_id": "j12", "predecessor": {"element": "road", "id": "r10", "contact": "end"}, "successor": {"element": "road", "id": "r2", "contact": "start"}, "center_marking": null, "tags": {"turn": "left", "from_lane": -1, "to_lane": -1, "to_road": "r2"}, "lanes": [{"id": -1, "type": "driving", "width": 3.593511029432013, "direction": "forward", "marking": null, "speed_limit": 13.88888888888889, "tags": {"turn": "left"}}]}}, {"type": "Feature", "geometry": {"type": "LineString", "coordinates": [[171.2422078643758, -45.80453548054648, 25.546052405498077], [171.94372352958533, -46.51718616475337, 25.515356467353616], [172.6502908229194, -47.224829398336645, 25.484990634218526], [173.36120038737738, -47.92811087750084, 25.454911675513817], [174.07575473975402, -48.627689439349474, 25.425075782471602], [174.79326685940308, -49.324234586901696, 25.395438686491197], [175.5130585492463, -50.01842422358168, 25.365955763497848], [176.23445861767118, -50.71094256502552, 25.336582126609517], [176.9568009261951, -51.40247819182646, 25.307272709603787], [177.6794217224853, -52.09372285403139, 25.277982301328635], [178.40165684887097, -52.78537040186741, 25.24866557182429], [179.12284275791268, -53.47811172737019, 25.219277358927133], [179.84231270967263, -54.17263475668695, 25.189772625093894], [180.55939462815908, -54.86962270822555, 25.160106527511136], [181.27340916908125, -55.569752126169696, 25.130234502837734], [181.98366792922778, -56.273690767325455, 25.100112361543538], [182.5960221577598, -56.88773321091764, 25.073754401754364]]}, "properties": {"id": "j12c2", "name": "Carrer de Pau Claris", "highway": "secondary", "osm_way_ids": [], "junction_id": "j12", "predecessor": {"element": "road", "id": "r10", "contact": "end"}, "successor": {"element": "road", "id": "r11", "contact": "start"}, "center_marking": null, "tags": {"turn": "through", "from_lane": -1, "to_lane": -1, "to_road": "r11"}, "lanes": [{"id": -1, "type": "driving", "width": 3.593511029432013, "direction": "forward", "marking": null, "speed_limit": 13.88888888888889, "tags": {"turn": "through"}}]}}, {"type": "Feature", "geometry": {"type": "LineString", "coordinates": [[168.67151302319036, -48.315481428222775, 25.546052405498077], [169.37290981620504, -49.0282493953651, 25.4944648117302], [170.07914845759464, -49.73622086652901, 25.44319344076266], [170.78955318623997, -50.44001246949869, 25.39219702839857], [171.5034591167128, -51.14025284035026, 25.34143378248714], [172.22021093587261, -51.83758038958306, 25.29086148938508], [172.93916140264793, -52.53264124941414, 25.240437608317627], [173.65966969248367, -53.22608737449952, 25.190119355620904], [174.38109962484495, -53.91857476487713, 25.14209750410023], [175.10281780959974, -54.610761777410374, 25.133810314791084], [175.82419174619213, -55.30330749032064, 25.125499680099562], [176.5445879083501, -55.99687008443679, 25.11712255864567], [177.2633698467033, -56.69210520450026, 25.108636013436392], [177.97989634212325, -57.389664264228756, 25.09999728284624], [178.6935189622199, -58.090193350917296, 25.091163812117774], [179.40357818424218, -58.7943335174038, 25.082093192715682], [180.03446583500235, -59.427042220021605, 25.073754401754364]]}, "properties": {"id": "j12c3", "name": "Carrer de Pau Claris", "highway": "secondary", "osm_way_ids": [], "junction_id": "j12", "predecessor": {"element": "road", "id": "r10", "contact": "end"}, "successor": {"element": "road", "id": "r11", "contact": "start"}, "center_marking": null, "tags": {"turn": "through", "from_lane": -2, "to_lane": -2, "to_road": "r11"}, "lanes": [{"id": -1, "type": "driving", "width": 3.593511029432013, "direction": "forward", "marking": null, "speed_limit": 13.88888888888889, "tags": {"turn": "through"}}]}}, {"type": "Feature", "geometry": {"type": "LineString", "coordinates": [[166.1008181820049, -50.82642737589907, 25.546052405498077], [166.8020989171446, -51.53930979124794, 25.473642388079817], [167.5080114573995, -52.24760661144148, 25.401534713150408], [168.21791364888617, -52.95190525284915, 25.329690090473033], [168.93117324964572, -53.652804054953364, 25.25806874993662], [169.64716673715492, -54.350910271637574, 25.186630537017695], [170.36527794482544, -55.04683822008932, 25.11533499772019], [171.0848965631535, -55.74120756318426, 25.044141454711006], [171.80541653861425, -56.43464169834136, 24.9763669313285], [172.52623440126655, -57.12776622374154, 24.98901359876601], [173.2467475504417, -57.82120745138589, 25.001639556427474], [173.9663525269125, -58.51559093565441, 25.01420387998396], [174.68444245324534, -59.21154085662996, 25.02666568068325], [175.40040475229046, -59.90967907896187, 25.03898413005276], [176.11362475435857, -60.61061818738162, 25.05111887987049], [176.82347897594477, -61.314965165700386, 25.063029785435724], [177.4729095122449, -61.96635122912558, 25.073754401754364]]}, "properties": {"id": "j12c4", "name": "Carrer de Pau Claris", "highway": "secondary", "osm_way_ids": [], "junction_id": "j12", "predecessor": {"element": "road", "id": "r10", "contact": "end"}, "successor": {"element": "road", "id": "r11", "contact": "start"}, "center_marking": null, "tags": {"turn": "through", "from_lane": -3, "to_lane": -3, "to_road": "r11"}, "lanes": [{"id": -1, "type": "driving", "width": 3.593511029432013, "direction": "forward", "marking": null, "speed_limit": 13.88888888888889, "tags": {"turn": "through"}}]}}, {"type": "Feature", "geometry": {"type": "LineString", "coordinates": [[208.14998799878316, 94.041692367238, 26.993718831266587], [207.42530937254574, 94.73063940983596, 27.015176794266644], [206.6717528948426, 95.38793115088498, 27.036320407177968], [205.8974120994702, 96.02065079698538, 27.05720238302002], [205.10961450648944, 96.63656653753657, 27.077897260829754], [204.31509304643717, 97.24380019792142, 27.098492998564836], [203.52027451540016, 97.85064568370922, 27.11908426539188], [202.73157867559706, 98.46541297424642, 27.139766124461836], [201.95569701558495, 99.09624568530327, 27.16062741247714], [201.1998943885171, 99.75095777138591, 27.18174425080375], [200.3861868002074, 100.52236122861346, 27.205795204158843]]}, "properties": {"id": "j14c1", "name": "Carrer de Roger de Ll\u00faria", "highway": "secondary", "osm_way_ids": [], "junction_id": "j14", "predecessor": {"element": "road", "id": "r35", "contact": "end"}, "successor": {"element": "road", "id": "r22", "contact": "start"}, "center_marking": null, "tags": {"turn": "through", "from_lane": -1, "to_lane": -1, "to_road": "r22"}, "lanes": [{"id": -1, "type": "driving", "width": 3.3, "direction": "forward", "marking": null, "speed_limit": 13.88888888888889, "tags": {"turn": "through"}}]}}, {"type": "Feature", "geometry": {"type": "LineString", "coordinates": [[210.48285559415095, 96.37572938118679, 26.993718831266587], [209.7619051181597, 97.06863079662024, 27.019370097140307], [209.018117075925, 97.73699146148428, 27.044782617195832], [208.2577299780546, 98.38643235839571, 27.070000193328664], [207.4865177476131, 99.02299956891505, 27.09508005180794], [206.70990321767934, 99.65297427756954, 27.120087861167725], [205.9331256174112, 100.28274822020475, 27.136967086712666], [205.1614396836802, 100.91874212133965, 27.15350110400461], [204.4002529633482, 101.56724708990609, 27.17016928684853], [203.6553158138555, 102.23432789929393, 27.18702953616782], [202.86429152840154, 102.99399974508425, 27.205795204158843]]}, "properties": {"id": "j14c2", "name": "Carrer de Roger de Ll\u00faria", "highway": "secondary", "osm_way_ids": [], "junction_id": "j14", "predecessor": {"element": "road", "id": "r35", "contact": "end"}, "successor": {"element": "road", "id": "r22", "contact": "start"}, "center_marking": null, "tags": {"turn": "through", "from_lane": -2, "to_lane": -2, "to_road": "r22"}, "lanes": [{"id": -1, "type": "driving", "width": 3.3, "direction": "forward", "marking": null, "speed_limit": 13.88888888888889, "tags": {"turn": "through"}}]}}, {"type": "Feature", "geometry": {"type": "LineString", "coordinates": [[212.8157231895187, 98.70976639513557, 26.993718831266587], [212.0985599510958, 99.40662772992587, 27.023579380580095], [211.36478189896235, 100.08598908932845, 27.053273269010138], [210.61881788356482, 100.75196061610812, 27.082833953452607], [209.86485820052553, 101.4088758728007, 27.11230188412572], [209.10691836598505, 102.06119967457978, 27.141721994353595], [208.34892161917034, 102.7134574302983, 27.15468700411286], [207.59480691326058, 103.37019506945454, 27.167040369372778], [206.84859315906544, 104.0358872349081, 27.179485604473854], [206.11446405144397, 104.7148692995701, 27.192063319771677], [205.34239625659563, 105.46563826155506, 27.205795204158843]]}, "properties": {"id": "j14c3", "name": "Carrer de Roger de Ll\u00faria", "highway": "secondary", "osm_way_ids": [], "junction_id": "j14", "predecessor": {"element": "road", "id": "r35", "contact": "end"}, "successor": {"element": "road", "id": "r22", "contact": "start"}, "center_marking": null, "tags": {"turn": "through", "from_lane": -3, "to_lane": -3, "to_road": "r22"}, "lanes": [{"id": -1, "type": "driving", "width": 3.3, "direction": "forward", "marking": null, "speed_limit": 13.88888888888889, "tags": {"turn": "through"}}]}}, {"type": "Feature", "geometry": {"type": "LineString", "coordinates": [[201.19285519117426, 91.13522002489644, 27.01136442722206], [201.22296667366302, 92.13451899624171, 27.03080955064406], [201.30974427369478, 93.13068166006263, 27.049580541581985], [201.4203216626694, 94.12454496114024, 27.06804896629038], [201.52724570976233, 95.1187993938379, 27.086564591068676], [201.6036821858799, 96.11578552583858, 27.105463574071365], [201.61846257078378, 97.11540597240865, 27.12508065755475], [201.53046680626468, 98.11084457347187, 27.145725150113957], [201.28802402640682, 99.07947484138913, 27.16750753024903], [200.84010936733966, 99.9706472927747, 27.189976884838064], [200.3861868002074, 100.52236122861346, 27.205795204158843]]}, "properties": {"id": "j14c4", "name": "Carrer del Consell de Cent", "highway": "living_street", "osm_way_ids": [], "junction_id": "j14", "predecessor": {"element": "road", "id": "r40", "contact": "end"}, "successor": {"element": "road", "id": "r22", "contact": "start"}, "center_marking": null, "tags": {"turn": "left", "from_lane": -1, "to_lane": -1, "to_road": "r22"}, "lanes": [{"id": -1, "type": "driving", "width": 4.0, "direction": "forward", "marking": null, "speed_limit": 2.7777777777777777, "tags": {"turn": "left"}}]}}, {"type": "Feature", "geometry": {"type": "LineString", "coordinates": [[201.5944211078539, -86.29919544803415, 24.456383208380643], [202.27111873204908, -87.0351477101753, 24.445228359230754], [202.89329851416812, -87.81776409248721, 24.434271484177238], [203.46176053841796, -88.64025640845615, 24.42355422850563], [203.97795123357798, -89.49654993342288, 24.41310664708258], [204.44342904813394, -90.3814586601425, 24.402951196644924], [204.8602619883317, -91.29031263235979, 24.393101532006032], [205.23018756623478, -92.21926228705561, 24.38356858635179], [205.55521485077145, -93.16486835649107, 24.374357614742255], [205.83697234851357, -94.12426847299962, 24.36547342386064], [206.0768308699722, -95.09499970887668, 24.35692044677972], [206.27622159763976, -96.07484833637471, 24.34870070123233], [206.43624093627358, -97.0618951573473, 24.34081736474175], [206.5577723902195, -98.05441923198454, 24.333274270786067], [206.6414936219224, -99.05084763336512, 24.32607620585189], [206.68787578929508, -100.04971246803564, 24.319229229794793], [206.6971838599025, -101.04961131842344, 24.311839919364125], [206.66947703812912, -102.0491698914566, 24.30348654988528], [206.60460885195627, -103.0470056247092, 24.294007329607854], [206.50222680563297, -104.0416909916708, 24.284921709153693], [206.36177185378662, -105.031715249203, 24.276246242674148], [206.1824783317921, -106.01544338661982, 24.268000433326268], [205.9633754270619, -106.99107108742538, 24.260207047276673], [205.70329183608615, -107.95657464202222, 24.25289243264127], [205.40086595744637, -108.90965501943215, 24.24608682564212], [205.0545648419607, -109.84767581921757, 24.239824613797353], [204.66242290819534, -110.76746261022178, 24.234148398988037], [204.22283429535867, -111.6655238620145, 24.229099541452214], [203.733696292324, -112.53756678567221, 24.224730158697884], [203.19336330417784, -113.37882420715212, 24.22109131139714], [202.60005972189916, -114.18357316935007, 24.218242319989344], [201.95266453556908, -114.94544603155774, 24.2162407622311], [201.58585572886736, -115.33128454408678, 24.21553797078273]]}, "properties": {"id": "j15c1", "name": "Carrer de Pau Claris", "highway": "secondary", "osm_way_ids": [], "junction_id": "j15", "predecessor": {"element": "road", "id": "r11", "contact": "end"}, "successor": {"element": "road", "id": "r13", "contact": "start"}, "center_marking": null, "tags": {"turn": "right", "from_lane": -3, "to_lane": -2, "to_road": "r13"}, "lanes": [{"id": -1, "type": "driving", "width": 3.6068907716169085, "direction": "forward", "marking": null, "speed_limit": 13.88888888888889, "tags": {"turn": "right"}}]}}, {"type": "Feature", "geometry": {"type": "LineString", "coordinates": [[206.71753375336877, -81.22057742982622, 24.456383208380643], [207.42239733604563, -81.92991999008872, 24.4442419381961], [208.12890264535048, -82.63762743201451, 24.43209638514162], [208.83697149785104, -83.34377055623287, 24.41994680477336], [209.54652616584553, -84.0484206963719, 24.407793444254665], [210.25748936306007, -84.75164968672505, 24.395636542733328], [210.9697842291972, -85.45352983086734, 24.383476331723358], [211.68333431340855, -86.1541338711898, 24.37131303549063], [212.3980635567607, -86.85353495932003, 24.359146871442025], [213.1138962737624, -87.55180662739214, 24.346978050517645], [213.8307571330196, -88.24902276012841, 24.3348067775857], [214.54857113708206, -88.94525756769146, 24.32263325183979], [215.26726360154476, -89.64058555926422, 24.310457667198207], [215.98676013346468, -90.33508151731303, 24.29828021270503], [216.7069866091528, -91.02882047248727, 24.286101072932738], [217.42786915139837, -91.72187767910755, 24.273920428386138], [218.14933410618266, -92.41432859119298, 24.261738455907402], [218.87130801893719, -93.10624883897657, 24.249555329082046], [219.59371761039966, -93.7977142058575, 24.237371218645677], [220.31648975212164, -94.4888006057366, 24.225186292891404], [221.03955144167873, -95.17958406068257, 24.21300071807776], [221.76282977763512, -95.87014067887343, 24.200814658837054], [222.48625193431235, -96.5605466327592, 24.188628278584016], [223.20974513641247, -97.25087813739023, 24.176441739924712], [223.93323663354465, -97.9412114288552, 24.16425520506557], [224.65665367470467, -98.63162274277337, 24.15206883622251], [225.37992348275608, -99.32218829278474, 24.139882796030058], [226.10297322896184, -100.01298424898243, 24.127697247950362], [226.82572995030984, -100.70408677613212, 24.115512356810974], [227.54812048922352, -101.39557204808558, 24.103328289295217], [228.27007183357742, -102.08751584431985, 24.091145213528286], [228.9915106963733, -102.77999394127326, 24.07896330037303], [229.71236361413673, -103.47308196110359, 24.06678272356188], [230.4325569227866, -104.16685534862565, 24.05460366010361], [231.15201673390848, -104.8613893478103, 24.042426290689257], [231.87066891148578, -105.55675897779344, 24.03025080009713], [232.58843904914337, -106.25303900834396, 24.018077377596683], [233.3052524479607, -106.9503039347417, 24.005906217351104], [234.02103409491195, -107.64862795201692, 23.993737518818314], [234.7357086419931, -108.34808492850505, 23.98157148715024], [235.44920038609618, -109.04874837867217, 23.969408333589982], [236.16143324969417, -109.7506914351682, 23.95724827586664], [236.8723307624004, -110.45398682006723, 23.945091538587413], [237.58181604346925, -111.15870681525676, 23.93293835362663], [238.2898117853055, -111.86492323194, 23.920788960511267], [238.9962402380527, -112.57270737921804, 23.908643606802563], [239.6703946478249, -113.25122310662542, 23.897030736342025]]}, "properties": {"id": "j15c2", "name": "Carrer de Pau Claris", "highway": "secondary", "osm_way_ids": [], "junction_id": "j15", "predecessor": {"element": "road", "id": "r11", "contact": "end"}, "successor": {"element": "road", "id": "r21", "contact": "start"}, "center_marking": null, "tags": {"turn": "through", "from_lane": -1, "to_lane": -1, "to_road": "r21"}, "lanes": [{"id": -1, "type": "driving", "width": 3.6068907716169085, "direction": "forward", "marking": null, "speed_limit": 13.88888888888889, "tags": {"turn": "through"}}]}}, {"type": "Feature", "geometry": {"type": "LineString", "coordinates": [[204.15597743061133, -83.7598864389302, 24.456383208380643], [204.86065060173573, -84.46941828759378, 24.444693745234225], [205.56659709131426, -85.17768327949958, 24.433000950556618], [206.2737568555472, -85.88473690872979, 24.421305012434452], [206.98207012950084, -86.59063498480394, 24.40960611389686], [207.69147741724697, -87.29543361439089, 24.397904433146383], [208.4019194814767, -87.99918918347373, 24.386200143791772], [209.11333733262097, -88.70195833995037, 24.374493415082462], [209.82567221750713, -89.40379797665315, 24.362784412144595], [210.5388656075835, -90.10476521476812, 24.351073296218388], [211.25285918673973, -90.80491738763513, 24.33936022489669], [211.96759483875306, -91.50431202490836, 24.327645352364655], [212.68301463438775, -92.20300683705618, 24.315928829640296], [213.39906081817563, -92.90105970017899, 24.304210804815927], [214.11567579490477, -93.59852864112253, 24.292491423300312], [214.83280211584244, -94.29547182286399, 24.280770828061428], [215.55038246471835, -94.99194753014743, 24.268597852608988], [216.26835964349388, -95.68801415534487, 24.25642394252791], [216.98667655794173, -96.38373018451877, 24.244249235416827], [217.70527620306117, -97.07915418366144, 24.232073866918498], [218.42410164835312, -97.7743447850863, 24.21989797145555], [219.14309602297823, -98.46936067394618, 24.20772168247553], [219.86220250082317, -99.1642605748533, 24.195545132696093], [220.5813642854973, -99.85910323857499, 24.183368454350354], [221.30052459528363, -100.55394742878036, 24.171191779432274], [222.01962664806788, -101.24885190881135, 24.159015239942136], [222.73861364626777, -101.943875428453, 24.146838968131995], [223.45742876178682, -102.63907671067719, 24.134663096751066], [224.1760151210156, -103.33451443833351, 24.12248775929108], [224.89431565166905, -104.03024738341406, 24.110313090555767], [225.61227337346222, -104.72633407786493, 24.098139226192238], [226.32983123224358, -105.42283295642139, 24.085943800782005], [227.0469320241223, -106.11980240602456, 24.073296625838477], [227.7635184262106, -106.81730070523545, 24.060650672151507], [228.47953298240114, -107.51538601008757, 24.048006082813153], [229.19491808935913, -108.2141163397129, 24.03536300336926], [229.90961598275553, -108.91354956171783, 24.022721582062207], [230.6235687237666, -109.61374337728503, 24.010081970073042], [231.33671818586652, -110.31475530597919, 23.997444321762845], [232.04900604194023, -111.01664267023386, 23.984808794913313], [232.76037375174377, -111.71946257949801, 23.972175550966323], [233.4707625497402, -112.42327191402148, 23.959544755262495], [234.1801134333405, -113.12812730825867, 23.946916577278486], [234.88836715157822, -113.83408513387177, 23.934291190862947], [235.59546419424854, -114.54120148231449, 23.92166877447095], [236.30134478154238, -115.24953214697906, 23.90904951139672], [236.97262541325944, -115.92550859684991, 23.897030736342025]]}, "properties": {"id": "j15c3", "name": "Carrer de Pau Claris", "highway": "secondary", "osm_way_ids": [], "junction_id": "j15", "predecessor": {"element": "road", "id": "r11", "contact": "end"}, "successor": {"element": "road", "id": "r21", "contact": "start"}, "center_marking": null, "tags": {"turn": "through", "from_lane": -2, "to_lane": -2, "to_road": "r21"}, "lanes": [{"id": -1, "type": "driving", "width": 3.6068907716169085, "direction": "forward", "marking": null, "speed_limit": 13.88888888888889, "tags": {"turn": "through"}}]}}, {"type": "Feature", "geometry": {"type": "LineString", "coordinates": [[201.5944211078539, -86.29919544803415, 24.456383208380643], [202.29890373924124, -87.00891657788664, 24.445145553653475], [203.00429078207182, -87.71773883435368, 24.433905525687646], [203.71054001333147, -88.42570204372319, 24.422663250887243], [204.41760935306638, -89.13284618880482, 24.411418853100518], [205.1254568587826, -89.8392114002959, 24.400172453738193], [205.83404071966072, -90.54483794831314, 24.388924171892505], [206.5433192505966, -91.24976623408317, 24.377674124456643], [207.25325088607852, -91.95403678178499, 24.36642242624486], [207.96379417391108, -92.65769023053706, 24.35516919011293], [208.67490776879563, -93.36076732652148, 24.343914527079054], [209.38655042577733, -94.06330891523771, 24.332658546445156], [210.09868099356856, -94.76535593387803, 24.321401355918503], [210.81125840775812, -95.46694940381622, 24.310143061733598], [211.5242416839155, -96.16813042320219, 24.298883768774388], [212.2375899106, -96.8689401596532, 24.287623580696657], [212.95126224228315, -97.56941984303403, 24.27545998503468], [213.66521789219385, -98.26961075831687, 24.263295697875378], [214.37941612509536, -98.96955423851291, 24.251130820421523], [215.09381625000202, -99.6692916576664, 24.238965452644432], [215.80837761284582, -100.36886442390221, 24.226799693901956], [216.52305958910017, -101.06831397251864, 24.214633643061745], [217.23782157637012, -101.7676817591158, 24.20246739862461], [217.9526229869576, -102.46700925275086, 24.190301058847943], [218.66742324041, -103.1663379291112, 24.17813472186917], [219.38218175606028, -103.86570926369619, 24.16596848582919], [220.09685794556816, -104.56516472499864, 24.15380244899587], [220.8114112054691, -105.26474576767693, 24.141636709887457], [221.52580090974158, -105.96449382570832, 24.129471367396018], [222.2399863639061, -106.66445034477783, 24.117306521004444], [222.95392678783975, -107.36465678521915, 24.10514227093477], [223.6675815238843, -108.06515439541195, 24.092930987847122], [224.3809097820727, -108.76598445729338, 24.079817568329897], [225.09387071325966, -109.46718819727664, 24.066705049929382], [225.80642340197, -110.16880677910765, 24.05359353637002], [226.51852685932474, -110.87088129664143, 24.040483132611595], [227.23014001605418, -111.57345276652941, 24.027373944971608], [227.9412217156066, -112.27656212080932, 24.01426608124748], [228.65173070736213, -112.98025019938939, 24.00115965083843], [229.36162563996166, -113.6845577424184, 23.988054764867098], [230.07086505475917, -114.38952538253402, 23.974951536300765], [230.77940737940858, -115.09519363698097, 23.9618500800723], [231.48721092159394, -115.80160289959213, 23.9487505132006], [232.1942338629136, -116.50879343262426, 23.935652954910612], [232.90043425292825, -117.2168053584418, 23.922557526752833], [233.6057700033837, -117.92567865104135, 23.909464352722257], [234.27485617869397, -118.5997940870744, 23.897030736342025]]}, "properties": {"id": "j15c4", "name": "Carrer de Pau Claris", "highway": "secondary", "osm_way_ids": [], "junction_id": "j15", "predecessor": {"element": "road", "id": "r11", "contact": "end"}, "successor": {"element": "road", "id": "r21", "contact": "start"}, "center_marking": null, "tags": {"turn": "through", "from_lane": -3, "to_lane": -3, "to_road": "r21"}, "lanes": [{"id": -1, "type": "driving", "width": 3.6068907716169085, "direction": "forward", "marking": null, "speed_limit": 13.88888888888889, "tags": {"turn": "through"}}]}}, {"type": "Feature", "geometry": {"type": "LineString", "coordinates": [[223.20835253739259, -98.66274887318615, 24.166149383726477], [222.50414165893014, -99.37273968357817, 24.167923617811198], [221.79922663987892, -100.0820314010715, 24.16970991120506], [221.09366501056815, -100.79067992006972, 24.171507287558704], [220.38751414896754, -101.49874129291399, 24.17331477087505], [219.68083129320559, -102.20627171512722, 24.17513138549332], [218.9736735543338, -102.91332751089516, 24.176956156068954], [218.26609792931217, -103.6199651187626, 24.17878810754972], [217.55816131419067, -104.32624107752291, 24.180626265148508], [216.8499205174636, -105.03221201227889, 24.18246965431312], [216.14143227357107, -105.73793462065159, 24.18431730069361], [215.43275325652576, -106.44346565911522, 24.186168230107377], [214.72394009363973, -107.14886192943415, 24.18802146850257], [214.01504937932935, -107.85418026517914, 24.189876041920144], [213.30613768897445, -108.55947751829943, 24.19173097645497], [212.59726159280865, -109.26481054572675, 24.19358529821637], [211.8884776698182, -109.9702361959881, 24.19543803328856], [211.17984252162628, -110.67581129580333, 24.197288207691315], [210.47141278633939, -111.38159263664421, 24.199134847341277], [209.7632453112037, -112.08763712051098, 24.20097697528219], [209.05539688286095, -112.79400146165973, 24.202813616526974], [208.347924236559, -113.50074216898138, 24.20464379809534], [207.64088429348953, -114.20791575664164, 24.206466545131576], [206.93433407924294, -114.91557863491927, 24.208280882506934], [206.2283307369453, -115.62378709605107, 24.210085834793205], [205.5229315401929, -116.33259729987816, 24.2118804262397], [204.81819390575984, -117.0420652592717, 24.213663680754095], [204.07296260604812, -117.79386436644384, 24.21553797078273]]}, "properties": {"id": "j15c5", "name": "Carrer de la Diputaci\u00f3", "highway": "residential", "osm_way_ids": [], "junction_id": "j15", "predecessor": {"element": "road", "id": "r12", "contact": "end"}, "successor": {"element": "road", "id": "r13", "contact": "start"}, "center_marking": null, "tags": {"turn": "through", "from_lane": -1, "to_lane": -1, "to_road": "r13"}, "lanes": [{"id": -1, "type": "driving", "width": 3.3, "direction": "forward", "marking": null, "speed_limit": 8.333333333333334, "tags": {"turn": "through"}}]}}, {"type": "Feature", "geometry": {"type": "LineString", "coordinates": [[220.86416694421655, -96.34007930892483, 24.166149383726477], [220.15938869867452, -97.04950658725679, 24.170897867463445], [219.45283235645198, -97.75716303815327, 24.17567684348057], [218.7446444347346, -98.46318673369804, 24.180483856455545], [218.0349705041929, -99.16771677010536, 24.185316452940253], [217.32395525724948, -99.87089316454711, 24.190172181439543], [216.61174258036382, -100.57285675566476, 24.195048592423433], [215.8984756298978, -101.27374910746916, 24.199943238279197], [215.18429691114127, -101.97371241631458, 24.204853673209822], [214.46934836008933, -102.67288942061695, 24.2097774530852], [213.7537714275766, -103.37142331297368, 24.214712135252537], [213.03770716538423, -104.06945765433132, 24.219655278312324], [212.32129631394497, -104.76713628983798, 24.224604441866216], [211.60467939127986, -105.46460326600973, 24.229557186243138], [210.88799678280603, -106.1620027488354, 24.231645405694742], [210.17138883165993, -106.8594789424395, 24.230489104244437], [209.45499592918236, -107.55717600792087, 24.229329066066438], [208.73895860521364, -108.25523798198438, 24.228162851465235], [208.0234176178449, -108.95380869498311, 24.226988019996337], [207.30851466758426, -109.65303232664999, 24.22580211935586], [206.59439090606952, -110.3530517053877, 24.224602712527485], [205.88118825708725, -111.05400948832428, 24.223387356116593], [205.16904926711518, -111.75604783357582, 24.222153604219514], [204.45811713930283, -112.4593082610465, 24.220899009103967], [203.74853581235814, -113.16393155926164, 24.219621121109757], [203.04045003625515, -113.87005768911072, 24.218317488603414], [202.33400544434025, -114.57782568418722, 24.216985657993263], [201.58585572886736, -115.33128454408678, 24.21553797078273]]}, "properties": {"id": "j15c6", "name": "Carrer de la Diputaci\u00f3", "highway": "residential", "osm_way_ids": [], "junction_id": "j15", "predecessor": {"element": "road", "id": "r12", "contact": "end"}, "successor": {"element": "road", "id": "r13", "contact": "start"}, "center_marking": null, "tags": {"turn": "through", "from_lane": -2, "to_lane": -2, "to_road": "r13"}, "lanes": [{"id": -1, "type": "driving", "width": 3.3, "direction": "forward", "marking": null, "speed_limit": 8.333333333333334, "tags": {"turn": "through"}}]}}, {"type": "Feature", "geometry": {"type": "LineString", "coordinates": [[223.20835253739259, -98.66274887318615, 24.166149383726477], [222.58808769278488, -99.44406920243992, 24.16657363748977], [222.24244720098503, -100.37538061239673, 24.16319000205467], [222.3241242163802, -101.36361179052196, 24.15516940767773], [222.76899702681618, -102.254951184346, 24.14426807749273], [223.40857802446448, -103.0220238946543, 24.132350325581], [224.1469372480223, -103.6957513415668, 24.120138128844015], [224.93997944897674, -104.30459600745475, 24.107859338736912], [225.76619039552972, -104.86779011902473, 24.09558610633508], [226.6138896497927, -105.39818012520158, 24.083340048459366], [227.4761374849265, -105.90462072461462, 24.071125086723807], [228.34826036016537, -106.39388316459548, 24.0589379635005], [229.22704585525523, -106.87108867278202, 24.046773031272288], [230.1100484391153, -107.34045264263365, 24.034623678670805], [230.9952832236054, -107.80559637521112, 24.022483080285618], [231.8809794159785, -108.26986157295079, 24.010344336621973], [232.76546987818188, -108.73641803058034, 23.998200779041333], [233.6470188467505, -109.20850466534988, 23.986045912287274], [234.5236742260165, -109.68960987290555, 23.973873557151208], [235.39313576294745, -110.1835840512303, 23.961678331390686], [236.25243858871968, -110.69500471186566, 23.94945611084829], [237.09758632024617, -111.22946044513458, 23.937205581201958], [237.92265965953598, -111.79435292239721, 23.92493118979718], [238.71890736610598, -112.39908670580935, 23.912650740385587], [239.4718061689937, -113.05679707529191, 23.900411825759814], [239.6703946478249, -113.25122310662542, 23.897030736342025]]}, "properties": {"id": "j15c7", "name": "Carrer de la Diputaci\u00f3", "highway": "residential", "osm_way_ids": [], "junction_id": "j15", "predecessor": {"element": "road", "id": "r12", "contact": "end"}, "successor": {"element": "road", "id": "r21", "contact": "start"}, "center_marking": null, "tags": {"turn": "left", "from_lane": -1, "to_lane": -1, "to_road": "r21"}, "lanes": [{"id": -1, "type": "driving", "width": 3.3, "direction": "forward", "marking": null, "speed_limit": 8.333333333333334, "tags": {"turn": "left"}}]}}, {"type": "Feature", "geometry": {"type": "LineString", "coordinates": [[231.7347986132273, 68.51927150665708, 26.215961075238585], [231.04597904288502, 69.24387534345108, 26.24338623990014], [230.40795461720293, 70.01369236269785, 26.27065948661616], [229.81081504489717, 70.8157258744251, 26.297731283005252], [229.24295195784308, 71.63880717926392, 26.324620495811956], [228.69202328821427, 72.47335098343616, 26.35139059263029], [228.14543107662305, 73.31074943061881, 26.378128658684076], [227.59047830279164, 74.1426152325176, 26.404927929632592], [227.01462606692687, 74.96011102550267, 26.43186996552567], [226.40570816904932, 75.7532134426197, 26.459006433312656], [225.75254514463452, 76.51019188990216, 26.486337023864447], [225.3268056120187, 76.95013922949431, 26.50313775531783]]}, "properties": {"id": "j16c1", "name": "Carrer de Roger de Ll\u00faria", "highway": "secondary", "osm_way_ids": [], "junction_id": "j16", "predecessor": {"element": "road", "id": "r58", "contact": "end"}, "successor": {"element": "road", "id": "r35", "contact": "start"}, "center_marking": null, "tags": {"turn": "through", "from_lane": -1, "to_lane": -1, "to_road": "r35"}, "lanes": [{"id": -1, "type": "driving", "width": 3.6339635259949787, "direction": "forward", "marking": null, "speed_limit": 13.88888888888889, "tags": {"turn": "through"}}]}}, {"type": "Feature", "geometry": {"type": "LineString", "coordinates": [[234.26834704333535, 71.12442471914936, 26.215961075238585], [233.57360399465122, 71.84347483261278, 26.24322017389923], [232.9185727480403, 72.59895031202467, 26.270380924897314], [232.29523468809182, 73.38083629556763, 26.297412752486267], [231.69449266013788, 74.18025230903302, 26.324328019638493], [231.1067161226265, 74.98927020091234, 26.3511677441964], [230.52205763322655, 75.80054930249716, 26.378311848560564], [229.9306276669525, 76.60689455634721, 26.405616470169644], [229.32261765881995, 77.40078584012991, 26.433014361703396], [228.68851638206, 78.17395102358195, 26.460537642023876], [228.0195891810337, 78.91712312893003, 26.488184136969814], [227.64156965220434, 79.30213145700345, 26.50313775531783]]}, "properties": {"id": "j16c2", "name": "Carrer de Roger de Ll\u00faria", "highway": "secondary", "osm_way_ids": [], "junction_id": "j16", "predecessor": {"element": "road", "id": "r58", "contact": "end"}, "successor": {"element": "road", "id": "r35", "contact": "start"}, "center_marking": null, "tags": {"turn": "through", "from_lane": -2, "to_lane": -2, "to_road": "r35"}, "lanes": [{"id": -1, "type": "driving", "width": 3.6339635259949787, "direction": "forward", "marking": null, "speed_limit": 13.88888888888889, "tags": {"turn": "through"}}]}}, {"type": "Feature", "geometry": {"type": "LineString", "coordinates": [[236.8018954734434, 73.72957793164164, 26.215961075238585], [236.10116560995914, 74.44289171480015, 26.24304983240079], [235.42910051561083, 75.18331398410521, 26.27008306799007], [234.7797077974262, 75.94373006911724, 26.297044939879296], [234.1464122232623, 76.71762506438573, 26.323942558848866], [233.5223161571634, 77.4989697186512, 26.350798650122847], [232.90036699395142, 78.28202709812273, 26.37832208692643], [232.2734503560365, 79.06110693612487, 26.406082329957528], [231.63455993750023, 79.83038222737233, 26.433894559488937], [230.97690675075643, 80.58365399917938, 26.46177611734257], [230.29411730253003, 81.3141822376286, 26.48972583160447], [229.95633369239, 81.6541236845126, 26.50313775531783]]}, "properties": {"id": "j16c3", "name": "Carrer de Roger de Ll\u00faria", "highway": "secondary", "osm_way_ids": [], "junction_id": "j16", "predecessor": {"element": "road", "id": "r58", "contact": "end"}, "successor": {"element": "road", "id": "r35", "contact": "start"}, "center_marking": null, "tags": {"turn": "through", "from_lane": -3, "to_lane": -3, "to_road": "r35"}, "lanes": [{"id": -1, "type": "driving", "width": 3.6339635259949787, "direction": "forward", "marking": null, "speed_limit": 13.88888888888889, "tags": {"turn": "through"}}]}}, {"type": "Feature", "geometry": {"type": "LineString", "coordinates": [[236.8018954734434, 73.72957793164164, 26.215961075238585], [236.1248076372661, 74.46481394419739, 26.24308844586655], [235.52860692894401, 75.267115341934, 26.269880348593976], [235.01255864887142, 76.12325520652954, 26.296100579224287], [234.57307463472938, 77.0211792332214, 26.32159186443998], [234.20493651203208, 77.95070052352165, 26.346264729684467], [233.90253366845238, 78.90368874827783, 26.37007649041139], [233.6600574967838, 79.87369321301368, 26.393020244752176], [233.4721490838546, 80.85575760146936, 26.415358384950522], [233.33416952616616, 81.84609280345887, 26.436877850009154], [233.24205037856498, 82.84175701151966, 26.457587186990292], [233.1923450702698, 83.84044924714118, 26.47751124421658], [233.18246504209915, 84.84033735888639, 26.49666671226003], [233.21020071574523, 85.83989446034677, 26.515068540168127], [233.28441168374385, 86.95970131002882, 26.534827068666097]]}, "properties": {"id": "j16c4", "name": "Carrer de Roger de Ll\u00faria", "highway": "secondary", "osm_way_ids": [], "junction_id": "j16", "predecessor": {"element": "road", "id": "r58", "contact": "end"}, "successor": {"element": "road", "id": "r37", "contact": "start"}, "center_marking": null, "tags": {"turn": "right", "from_lane": -3, "to_lane": -1, "to_road": "r37"}, "lanes": [{"id": -1, "type": "driving", "width": 3.6339635259949787, "direction": "forward", "marking": null, "speed_limit": 13.88888888888889, "tags": {"turn": "right"}}]}}]}