{"type": "FeatureCollection", "features": [{"type": "Feature", "geometry": {"type": "Point", "coordinates": [-198.8977278092336, -156.18266627297655, 29.06769650500334]}, "properties": {"id": "sig1", "kind": "traffic_light", "road_id": "r18", "s": 92.33462867068093, "t": -4.5, "heading": 2.373653544554248, "value": null, "controller_id": "lane_sig1", "orientation": "+", "validities": [[-1, -1]], "h_offset": 0.0, "osm_node_id": 6855343247, "tags": {"junction_id": "j1", "rig_anchor": "sig1", "controlled_lane": -1}}}, {"type": "Feature", "geometry": {"type": "Point", "coordinates": [-201.01773656618886, -131.04727087299213, 29.01274453662941]}, "properties": {"id": "sig2", "kind": "traffic_light", "road_id": "r55", "s": 97.38024584864814, "t": -19.105640953658206, "heading": -2.3536683357237003, "value": null, "controller_id": "lane_sig2", "orientation": "+", "validities": [[-5, -5]], "h_offset": 0.0, "osm_node_id": 9939470211, "tags": {"junction_id": "j1", "rig_anchor": "sig2", "controlled_lane": -5}}}, {"type": "Feature", "geometry": {"type": "Point", "coordinates": [-201.01773656618886, -131.04727087299213, 29.01274453662941]}, "properties": {"id": "sig2_lane_m4", "kind": "traffic_light", "road_id": "r55", "s": 97.38024584864814, "t": -19.105640953658206, "heading": -2.3536683357237003, "value": null, "controller_id": "lane_sig2_lane_m4", "orientation": "+", "validities": [[-4, -4]], "h_offset": 0.0, "osm_node_id": 9939470211, "tags": {"junction_id": "j1", "rig_anchor": "sig2", "controlled_lane": -4}}}, {"type": "Feature", "geometry": {"type": "Point", "coordinates": [-201.01773656618886, -131.04727087299213, 29.01274453662941]}, "properties": {"id": "sig2_lane_m3", "kind": "traffic_light", "road_id": "r55", "s": 97.38024584864814, "t": -19.105640953658206, "heading": -2.3536683357237003, "value": null, "controller_id": "lane_sig2_lane_m3", "orientation": "+", "validities": [[-3, -3]], "h_offset": 0.0, "osm_node_id": 9939470211, "tags": {"junction_id": "j1", "rig_anchor": "sig2", "controlled_lane": -3}}}, {"type": "Feature", "geometry": {"type": "Point", "coordinates": [-201.01773656618886, -131.04727087299213, 29.01274453662941]}, "properties": {"id": "sig2_lane_m2", "kind": "traffic_light", "road_id": "r55", "s": 97.38024584864814, "t": -19.105640953658206, "heading": -2.3536683357237003, "value": null, "controller_id": "lane_sig2_lane_m2", "orientation": "+", "validities": [[-2, -2]], "h_offset": 0.0, "osm_node_id": 9939470211, "tags": {"junction_id": "j1", "rig_anchor": "sig2", "controlled_lane": -2}}}, {"type": "Feature", "geometry": {"type": "Point", "coordinates": [-201.01773656618886, -131.04727087299213, 29.01274453662941]}, "properties": {"id": "sig2_lane_m1", "kind": "traffic_light", "road_id": "r55", "s": 97.38024584864814, "t": -19.105640953658206, "heading": -2.3536683357237003, "value": null, "controller_id": "lane_sig2_lane_m1", "orientation": "+", "validities": [[-1, -1]], "h_offset": 0.0, "osm_node_id": 9939470211, "tags": {"junction_id": "j1", "rig_anchor": "sig2", "controlled_lane": -1}}}, {"type": "Feature", "geometry": {"type": "Point", "coordinates": [-230.93621920742947, -156.57412316628023, 29.66821991378214]}, "properties": {"id": "sig3", "kind": "traffic_light", "road_id": "r56", "s": 29.987280524692736, "t": -4.5, "heading": -0.7594430753269941, "value": null, "controller_id": "lane_sig3", "orientation": "+", "validities": [[-1, -1]], "h_offset": 0.0, "osm_node_id": 26057326, "tags": {"junction_id": "j1", "rig_anchor": "sig3", "controlled_lane": -1}}}, {"type": "Feature", "geometry": {"type": "Point", "coordinates": [-211.67360612162113, 26.481348935632212, 32.147819909816654]}, "properties": {"id": "sig4", "kind": "traffic_light", "road_id": "r5", "s": 50.54103497407076, "t": -11.0, "heading": 0.8025206663338089, "value": null, "controller_id": "lane_sig4", "orientation": "+", "validities": [[-3, -3]], "h_offset": 0.0, "osm_node_id": 1311770048, "tags": {"junction_id": "j2", "rig_anchor": "sig4", "controlled_lane": -3}}}, {"type": "Feature", "geometry": {"type": "Point", "coordinates": [-211.67360612162113, 26.481348935632212, 32.147819909816654]}, "properties": {"id": "sig4_lane_m2", "kind": "traffic_light", "road_id": "r5", "s": 50.54103497407076, "t": -11.0, "heading": 0.8025206663338089, "value": null, "controller_id": "lane_sig4_lane_m2", "orientation": "+", "validities": [[-2, -2]], "h_offset": 0.0, "osm_node_id": 1311770048, "tags": {"junction_id": "j2", "rig_anchor": "sig4", "controlled_lane": -2}}}, {"type": "Feature", "geometry": {"type": "Point", "coordinates": [-211.67360612162113, 26.481348935632212, 32.147819909816654]}, "properties": {"id": "sig4_lane_m1", "kind": "traffic_light", "road_id": "r5", "s": 50.54103497407076, "t": -11.0, "heading": 0.8025206663338089, "value": null, "controller_id": "lane_sig4_lane_m1", "orientation": "+", "validities": [[-1, -1]], "h_offset": 0.0, "osm_node_id": 1311770048, "tags": {"junction_id": "j2", "rig_anchor": "sig4", "controlled_lane": -1}}}, {"type": "Feature", "geometry": {"type": "Point", "coordinates": [-167.91209684241818, 62.029813881890455, 31.87210555476188]}, "properties": {"id": "sig5", "kind": "traffic_light", "road_id": "r15", "s": 0.0, "t": 14.5, "heading": 2.3126363705740483, "value": null, "controller_id": "lane_sig5", "orientation": "-", "validities": [[1, 1]], "h_offset": 0.0, "osm_node_id": 1311770048, "tags": {"junction_id": "j2", "rig_anchor": "sig5", "controlled_lane": 1}}}, {"type": "Feature", "geometry": {"type": "Point", "coordinates": [-167.91209684241818, 62.029813881890455, 31.87210555476188]}, "properties": {"id": "sig5_lane_p2", "kind": "traffic_light", "road_id": "r15", "s": 0.0, "t": 14.5, "heading": 2.3126363705740483, "value": null, "controller_id": "lane_sig5_lane_p2", "orientation": "-", "validities": [[2, 2]], "h_offset": 0.0, "osm_node_id": 1311770048, "tags": {"junction_id": "j2", "rig_anchor": "sig5", "controlled_lane": 2}}}, {"type": "Feature", "geometry": {"type": "Point", "coordinates": [-167.91209684241818, 62.029813881890455, 31.87210555476188]}, "properties": {"id": "sig5_lane_p3", "kind": "traffic_light", "road_id": "r15", "s": 0.0, "t": 14.5, "heading": 2.3126363705740483, "value": null, "controller_id": "lane_sig5_lane_p3", "orientation": "-", "validities": [[3, 3]], "h_offset": 0.0, "osm_node_id": 1311770048, "tags": {"junction_id": "j2", "rig_anchor": "sig5", "controlled_lane": 3}}}, {"type": "Feature", "geometry": {"type": "Point", "coordinates": [-167.91209684241818, 62.029813881890455, 31.87210555476188]}, "properties": {"id": "sig5_lane_p4", "kind": "traffic_light", "road_id": "r15", "s": 0.0, "t": 14.5, "heading": 2.3126363705740483, "value": null, "controller_id": "lane_sig5_lane_p4", "orientation": "-", "validities": [[4, 4]], "h_offset": 0.0, "osm_node_id": 1311770048, "tags": {"junction_id": "j2", "rig_anchor": "sig5", "controlled_lane": 4}}}, {"type": "Feature", "geometry": {"type": "Point", "coordinates": [-206.42494881514057, 57.004522968335316, 32.28582282643352]}, "properties": {"id": "sig6", "kind": "traffic_light", "road_id": "r24", "s": 67.38445791174298, "t": -3.8, "heading": -0.8185281742498283, "value": null, "controller_id": "lane_sig6", "orientation": "+", "validities": [[-1, -1]], "h_offset": 0.0, "osm_node_id": 1311770048, "tags": {"junction_id": "j2", "rig_anchor": "sig6", "controlled_lane": -1}}}, {"type": "Feature", "geometry": {"type": "Point", "coordinates": [-162.34326476091954, 68.61673983055573, 31.88573837518443]}, "properties": {"id": "sig7", "kind": "traffic_light", "road_id": "r29", "s": 110.27776373895796, "t": -4.0, "heading": 2.3204045976299126, "value": null, "controller_id": "lane_sig7", "orientation": "+", "validities": [[-1, -1]], "h_offset": 0.0, "osm_node_id": 1311770048, "tags": {"junction_id": "j2", "rig_anchor": "sig7", "controlled_lane": -1}}}, {"type": "Feature", "geometry": {"type": "Point", "coordinates": [-199.75532936256346, 64.10828679932352, 32.2949139165488]}, "properties": {"id": "sig8", "kind": "traffic_light", "road_id": "r59", "s": 86.56803736723163, "t": -7.5, "heading": -0.8250666559829657, "value": null, "controller_id": "lane_sig8", "orientation": "+", "validities": [[-2, -2]], "h_offset": 0.0, "osm_node_id": 1311770048, "tags": {"junction_id": "j2", "rig_anchor": "sig8", "controlled_lane": -2}}}, {"type": "Feature", "geometry": {"type": "Point", "coordinates": [-199.75532936256346, 64.10828679932352, 32.2949139165488]}, "properties": {"id": "sig8_lane_m1", "kind": "traffic_light", "road_id": "r59", "s": 86.56803736723163, "t": -7.5, "heading": -0.8250666559829657, "value": null, "controller_id": "lane_sig8_lane_m1", "orientation": "+", "validities": [[-1, -1]], "h_offset": 0.0, "osm_node_id": 1311770048, "tags": {"junction_id": "j2", "rig_anchor": "sig8", "controlled_lane": -1}}}, {"type": "Feature", "geometry": {"type": "Point", "coordinates": [-49.049561902663406, -67.04926544634651, 28.564268745359865]}, "properties": {"id": "sig9", "kind": "traffic_light", "road_id": "r6", "s": 0.0, "t": 14.5, "heading": 2.3208483631547736, "value": null, "controller_id": "lane_sig9", "orientation": "-", "validities": [[1, 1]], "h_offset": 0.0, "osm_node_id": 12944474536, "tags": {"junction_id": "j4", "rig_anchor": "sig9", "controlled_lane": 1}}}, {"type": "Feature", "geometry": {"type": "Point", "coordinates": [-49.049561902663406, -67.04926544634651, 28.564268745359865]}, "properties": {"id": "sig9_lane_p2", "kind": "traffic_light", "road_id": "r6", "s": 0.0, "t": 14.5, "heading": 2.3208483631547736, "value": null, "controller_id": "lane_sig9_lane_p2", "orientation": "-", "validities": [[2, 2]], "h_offset": 0.0, "osm_node_id": 12944474536, "tags": {"junction_id": "j4", "rig_anchor": "sig9", "controlled_lane": 2}}}, {"type": "Feature", "geometry": {"type": "Point", "coordinates": [-49.049561902663406, -67.04926544634651, 28.564268745359865]}, "properties": {"id": "sig9_lane_p3", "kind": "traffic_light", "road_id": "r6", "s": 0.0, "t": 14.5, "heading": 2.3208483631547736, "value": null, "controller_id": "lane_sig9_lane_p3", "orientation": "-", "validities": [[3, 3]], "h_offset": 0.0, "osm_node_id": 12944474536, "tags": {"junction_id": "j4", "rig_anchor": "sig9", "controlled_lane": 3}}}, {"type": "Feature", "geometry": {"type": "Point", "coordinates": [-49.049561902663406, -67.04926544634651, 28.564268745359865]}, "properties": {"id": "sig9_lane_p4", "kind": "traffic_light", "road_id": "r6", "s": 0.0, "t": 14.5, "heading": 2.3208483631547736, "value": null, "controller_id": "lane_sig9_lane_p4", "orientation": "-", "validities": [[4, 4]], "h_offset": 0.0, "osm_node_id": 12944474536, "tags": {"junction_id": "j4", "rig_anchor": "sig9", "controlled_lane": 4}}}, {"type": "Feature", "geometry": {"type": "Point", "coordinates": [-110.5448850312964, -33.12752227017996, 29.964071130753844]}, "properties": {"id": "sig10", "kind": "traffic_light", "road_id": "r15", "s": 108.91242176418777, "t": -7.5, "heading": -0.8289562830157335, "value": null, "controller_id": "lane_sig10", "orientation": "+", "validities": [[-2, -2]], "h_offset": 0.0, "osm_node_id": 12944474542, "tags": {"junction_id": "j4", "rig_anchor": "sig10", "controlled_lane": -2}}}, {"type": "Feature", "geometry": {"type": "Point", "coordinates": [-110.5448850312964, -33.12752227017996, 29.964071130753844]}, "properties": {"id": "sig10_lane_m1", "kind": "traffic_light", "road_id": "r15", "s": 108.91242176418777, "t": -7.5, "heading": -0.8289562830157335, "value": null, "controller_id": "lane_sig10_lane_m1", "orientation": "+", "validities": [[-1, -1]], "h_offset": 0.0, "osm_node_id": 12944474542, "tags": {"junction_id": "j4", "rig_anchor": "sig10", "controlled_lane": -1}}}, {"type": "Feature", "geometry": {"type": "Point", "coordinates": [-67.99159633199852, 1.7237453932277127, 29.480517502524965]}, "properties": {"id": "sig11", "kind": "traffic_light", "road_id": "r17", "s": 109.10081037949695, "t": -18.5, "heading": -2.35355903846391, "value": null, "controller_id": "lane_sig11", "orientation": "+", "validities": [[-5, -5]], "h_offset": 0.0, "osm_node_id": 12944474538, "tags": {"junction_id": "j4", "rig_anchor": "sig11", "controlled_lane": -5}}}, {"type": "Feature", "geometry": {"type": "Point", "coordinates": [-67.99159633199852, 1.7237453932277127, 29.480517502524965]}, "properties": {"id": "sig11_lane_m4", "kind": "traffic_light", "road_id": "r17", "s": 109.10081037949695, "t": -18.5, "heading": -2.35355903846391, "value": null, "controller_id": "lane_sig11_lane_m4", "orientation": "+", "validities": [[-4, -4]], "h_offset": 0.0, "osm_node_id": 12944474538, "tags": {"junction_id": "j4", "rig_anchor": "sig11", "controlled_lane": -4}}}, {"type": "Feature", "geometry": {"type": "Point", "coordinates": [-67.99159633199852, 1.7237453932277127, 29.480517502524965]}, "properties": {"id": "sig11_lane_m3", "kind": "traffic_light", "road_id": "r17", "s": 109.10081037949695, "t": -18.5, "heading": -2.35355903846391, "value": null, "controller_id": "lane_sig11_lane_m3", "orientation": "+", "validities": [[-3, -3]], "h_offset": 0.0, "osm_node_id": 12944474538, "tags": {"junction_id": "j4", "rig_anchor": "sig11", "controlled_lane": -3}}}, {"type": "Feature", "geometry": {"type": "Point", "coordinates": [-67.99159633199852, 1.7237453932277127, 29.480517502524965]}, "properties": {"id": "sig11_lane_m2", "kind": "traffic_light", "road_id": "r17", "s": 109.10081037949695, "t": -18.5, "heading": -2.35355903846391, "value": null, "controller_id": "lane_sig11_lane_m2", "orientation": "+", "validities": [[-2, -2]], "h_offset": 0.0, "osm_node_id": 12944474538, "tags": {"junction_id": "j4", "rig_anchor": "sig11", "controlled_lane": -2}}}, {"type": "Feature", "geometry": {"type": "Point", "coordinates": [-67.99159633199852, 1.7237453932277127, 29.480517502524965]}, "properties": {"id": "sig11_lane_m1", "kind": "traffic_light", "road_id": "r17", "s": 109.10081037949695, "t": -18.5, "heading": -2.35355903846391, "value": null, "controller_id": "lane_sig11_lane_m1", "orientation": "+", "validities": [[-1, -1]], "h_offset": 0.0, "osm_node_id": 12944474538, "tags": {"junction_id": "j4", "rig_anchor": "sig11", "controlled_lane": -1}}}, {"type": "Feature", "geometry": {"type": "Point", "coordinates": [-114.08037066549383, -37.10524582051617, 29.959920174570744]}, "properties": {"id": "sig12", "kind": "traffic_light", "road_id": "r28", "s": 109.13988253278991, "t": -3.8, "heading": -0.8114283422129542, "value": null, "controller_id": "lane_sig12", "orientation": "+", "validities": [[-1, -1]], "h_offset": 0.0, "osm_node_id": 12944474542, "tags": {"junction_id": "j4", "rig_anchor": "sig12", "controlled_lane": -1}}}, {"type": "Feature", "geometry": {"type": "Point", "coordinates": [-72.61507604307538, -32.116070839318915, 29.430905636040084]}, "properties": {"id": "sig13", "kind": "traffic_light", "road_id": "r31", "s": 111.50717424135468, "t": -4.0, "heading": 2.309368293040009, "value": null, "controller_id": "lane_sig13", "orientation": "+", "validities": [[-1, -1]], "h_offset": 0.0, "osm_node_id": 12944474540, "tags": {"junction_id": "j4", "rig_anchor": "sig13", "controlled_lane": -1}}}, {"type": "Feature", "geometry": {"type": "Point", "coordinates": [-84.06324113606748, 195.14778375332602, 32.46565140774019]}, "properties": {"id": "sig14", "kind": "traffic_light", "road_id": "r3", "s": 31.938251966628126, "t": -11.0, "heading": -0.8040017367205405, "value": null, "controller_id": "lane_sig14", "orientation": "+", "validities": [[-3, -3]], "h_offset": 0.0, "osm_node_id": 8380184339, "tags": {"junction_id": "j5", "rig_anchor": "sig14", "controlled_lane": -3}}}, {"type": "Feature", "geometry": {"type": "Point", "coordinates": [-84.06324113606748, 195.14778375332602, 32.46565140774019]}, "properties": {"id": "sig14_lane_m2", "kind": "traffic_light", "road_id": "r3", "s": 31.938251966628126, "t": -11.0, "heading": -0.8040017367205405, "value": null, "controller_id": "lane_sig14_lane_m2", "orientation": "+", "validities": [[-2, -2]], "h_offset": 0.0, "osm_node_id": 8380184339, "tags": {"junction_id": "j5", "rig_anchor": "sig14", "controlled_lane": -2}}}, {"type": "Feature", "geometry": {"type": "Point", "coordinates": [-84.06324113606748, 195.14778375332602, 32.46565140774019]}, "properties": {"id": "sig14_lane_m1", "kind": "traffic_light", "road_id": "r3", "s": 31.938251966628126, "t": -11.0, "heading": -0.8040017367205405, "value": null, "controller_id": "lane_sig14_lane_m1", "orientation": "+", "validities": [[-1, -1]], "h_offset": 0.0, "osm_node_id": 8380184339, "tags": {"junction_id": "j5", "rig_anchor": "sig14", "controlled_lane": -1}}}, {"type": "Feature", "geometry": {"type": "Point", "coordinates": [-74.5134931550672, 161.04490970593756, 32.06996935292597]}, "properties": {"id": "sig15", "kind": "traffic_light", "road_id": "r26", "s": 44.201959219397025, "t": -14.5, "heading": 0.7812925528113926, "value": null, "controller_id": "lane_sig15", "orientation": "+", "validities": [[-4, -4]], "h_offset": 0.0, "osm_node_id": 8380184338, "tags": {"junction_id": "j5", "rig_anchor": "sig15", "controlled_lane": -4}}}, {"type": "Feature", "geometry": {"type": "Point", "coordinates": [-74.5134931550672, 161.04490970593756, 32.06996935292597]}, "properties": {"id": "sig15_lane_m3", "kind": "traffic_light", "road_id": "r26", "s": 44.201959219397025, "t": -14.5, "heading": 0.7812925528113926, "value": null, "controller_id": "lane_sig15_lane_m3", "orientation": "+", "validities": [[-3, -3]], "h_offset": 0.0, "osm_node_id": 8380184338, "tags": {"junction_id": "j5", "rig_anchor": "sig15", "controlled_lane": -3}}}, {"type": "Feature", "geometry": {"type": "Point", "coordinates": [-74.5134931550672, 161.04490970593756, 32.06996935292597]}, "properties": {"id": "sig15_lane_m2", "kind": "traffic_light", "road_id": "r26", "s": 44.201959219397025, "t": -14.5, "heading": 0.7812925528113926, "value": null, "controller_id": "lane_sig15_lane_m2", "orientation": "+", "validities": [[-2, -2]], "h_offset": 0.0, "osm_node_id": 8380184338, "tags": {"junction_id": "j5", "rig_anchor": "sig15", "controlled_lane": -2}}}, {"type": "Feature", "geometry": {"type": "Point", "coordinates": [-74.5134931550672, 161.04490970593756, 32.06996935292597]}, "properties": {"id": "sig15_lane_m1", "kind": "traffic_light", "road_id": "r26", "s": 44.201959219397025, "t": -14.5, "heading": 0.7812925528113926, "value": null, "controller_id": "lane_sig15_lane_m1", "orientation": "+", "validities": [[-1, -1]], "h_offset": 0.0, "osm_node_id": 8380184338, "tags": {"junction_id": "j5", "rig_anchor": "sig15", "controlled_lane": -1}}}, {"type": "Feature", "geometry": {"type": "Point", "coordinates": [-17.301571757765075, -133.39819009962204, 27.14314367755952]}, "properties": {"id": "sig16", "kind": "traffic_light", "road_id": "r6", "s": 70.18628556125904, "t": -7.5, "heading": -0.8207442904350389, "value": null, "controller_id": "lane_sig16", "orientation": "+", "validities": [[-2, -2]], "h_offset": 0.0, "osm_node_id": 11053313769, "tags": {"junction_id": "j6", "rig_anchor": "sig16", "controlled_lane": -2}}}, {"type": "Feature", "geometry": {"type": "Point", "coordinates": [-17.301571757765075, -133.39819009962204, 27.14314367755952]}, "properties": {"id": "sig16_lane_m1", "kind": "traffic_light", "road_id": "r6", "s": 70.18628556125904, "t": -7.5, "heading": -0.8207442904350389, "value": null, "controller_id": "lane_sig16_lane_m1", "orientation": "+", "validities": [[-1, -1]], "h_offset": 0.0, "osm_node_id": 11053313769, "tags": {"junction_id": "j6", "rig_anchor": "sig16", "controlled_lane": -1}}}, {"type": "Feature", "geometry": {"type": "Point", "coordinates": [-22.788226235633896, -139.1213295142932, 27.165987670019778]}, "properties": {"id": "sig17", "kind": "traffic_light", "road_id": "r7", "s": 70.97185946636843, "t": -3.8, "heading": -0.8026997673743691, "value": null, "controller_id": "lane_sig17", "orientation": "+", "validities": [[-1, -1]], "h_offset": 0.0, "osm_node_id": 12228680156, "tags": {"junction_id": "j6", "rig_anchor": "sig17", "controlled_lane": -1}}}, {"type": "Feature", "geometry": {"type": "Point", "coordinates": [13.902260745008677, -134.61431363173972, 26.91276565660295]}, "properties": {"id": "sig18", "kind": "traffic_light", "road_id": "r30", "s": 0.0, "t": 14.5, "heading": 2.3201219620585736, "value": null, "controller_id": "lane_sig18", "orientation": "-", "validities": [[1, 1]], "h_offset": 0.0, "osm_node_id": 11053313768, "tags": {"junction_id": "j6", "rig_anchor": "sig18", "controlled_lane": 1}}}, {"type": "Feature", "geometry": {"type": "Point", "coordinates": [13.902260745008677, -134.61431363173972, 26.91276565660295]}, "properties": {"id": "sig18_lane_p2", "kind": "traffic_light", "road_id": "r30", "s": 0.0, "t": 14.5, "heading": 2.3201219620585736, "value": null, "controller_id": "lane_sig18_lane_p2", "orientation": "-", "validities": [[2, 2]], "h_offset": 0.0, "osm_node_id": 11053313768, "tags": {"junction_id": "j6", "rig_anchor": "sig18", "controlled_lane": 2}}}, {"type": "Feature", "geometry": {"type": "Point", "coordinates": [13.902260745008677, -134.61431363173972, 26.91276565660295]}, "properties": {"id": "sig18_lane_p3", "kind": "traffic_light", "road_id": "r30", "s": 0.0, "t": 14.5, "heading": 2.3201219620585736, "value": null, "controller_id": "lane_sig18_lane_p3", "orientation": "-", "validities": [[3, 3]], "h_offset": 0.0, "osm_node_id": 11053313768, "tags": {"junction_id": "j6", "rig_anchor": "sig18", "controlled_lane": 3}}}, {"type": "Feature", "geometry": {"type": "Point", "coordinates": [13.902260745008677, -134.61431363173972, 26.91276565660295]}, "properties": {"id": "sig18_lane_p4", "kind": "traffic_light", "road_id": "r30", "s": 0.0, "t": 14.5, "heading": 2.3201219620585736, "value": null, "controller_id": "lane_sig18_lane_p4", "orientation": "-", "validities": [[4, 4]], "h_offset": 0.0, "osm_node_id": 11053313768, "tags": {"junction_id": "j6", "rig_anchor": "sig18", "controlled_lane": 4}}}, {"type": "Feature", "geometry": {"type": "Point", "coordinates": [21.343619957966926, -128.27571831479676, 26.86408907091651]}, "properties": {"id": "sig19", "kind": "traffic_light", "road_id": "r34", "s": 116.53645620818199, "t": -4.1, "heading": 2.2629994741310155, "value": null, "controller_id": "lane_sig19", "orientation": "+", "validities": [[-1, -1]], "h_offset": 0.0, "osm_node_id": 11053313768, "tags": {"junction_id": "j6", "rig_anchor": "sig19", "controlled_lane": -1}}}, {"type": "Feature", "geometry": {"type": "Point", "coordinates": [-32.22363707787476, -166.73335308808512, 27.1352279047309]}, "properties": {"id": "sig20", "kind": "traffic_light", "road_id": "r47", "s": 79.81814766680998, "t": -4.3, "heading": 0.7923616998885709, "value": null, "controller_id": "lane_sig20", "orientation": "+", "validities": [[-1, -1]], "h_offset": 0.0, "osm_node_id": 12228680154, "tags": {"junction_id": "j6", "rig_anchor": "sig20", "controlled_lane": -1}}}, {"type": "Feature", "geometry": {"type": "Point", "coordinates": [116.3674775537671, -195.71333454887318, 24.672376878144025]}, "properties": {"id": "sig21", "kind": "traffic_light", "road_id": "r13", "s": 117.07880227336791, "t": -7.5, "heading": -2.35123925654551, "value": null, "controller_id": "lane_sig21", "orientation": "+", "validities": [[-2, -2]], "h_offset": 0.0, "osm_node_id": 442540235, "tags": {"junction_id": "j8", "rig_anchor": "sig21", "controlled_lane": -2}}}, {"type": "Feature", "geometry": {"type": "Point", "coordinates": [116.3674775537671, -195.71333454887318, 24.672376878144025]}, "properties": {"id": "sig21_lane_m1", "kind": "traffic_light", "road_id": "r13", "s": 117.07880227336791, "t": -7.5, "heading": -2.35123925654551, "value": null, "controller_id": "lane_sig21_lane_m1", "orientation": "+", "validities": [[-1, -1]], "h_offset": 0.0, "osm_node_id": 442540235, "tags": {"junction_id": "j8", "rig_anchor": "sig21", "controlled_lane": -1}}}, {"type": "Feature", "geometry": {"type": "Point", "coordinates": [104.48750810504323, 7.715954813663913, 27.05383067486766]}, "properties": {"id": "sig22", "kind": "traffic_light", "road_id": "r20", "s": 82.73325534081812, "t": -11.599687428513171, "heading": -0.7527083383420585, "value": null, "controller_id": "lane_sig22", "orientation": "+", "validities": [[-3, -3]], "h_offset": 0.0, "osm_node_id": 3184416795, "tags": {"junction_id": "j9", "rig_anchor": "sig22", "controlled_lane": -3}}}, {"type": "Feature", "geometry": {"type": "Point", "coordinates": [104.48750810504323, 7.715954813663913, 27.05383067486766]}, "properties": {"id": "sig22_lane_m2", "kind": "traffic_light", "road_id": "r20", "s": 82.73325534081812, "t": -11.599687428513171, "heading": -0.7527083383420585, "value": null, "controller_id": "lane_sig22_lane_m2", "orientation": "+", "validities": [[-2, -2]], "h_offset": 0.0, "osm_node_id": 3184416795, "tags": {"junction_id": "j9", "rig_anchor": "sig22", "controlled_lane": -2}}}, {"type": "Feature", "geometry": {"type": "Point", "coordinates": [104.48750810504323, 7.715954813663913, 27.05383067486766]}, "properties": {"id": "sig22_lane_m1", "kind": "traffic_light", "road_id": "r20", "s": 82.73325534081812, "t": -11.599687428513171, "heading": -0.7527083383420585, "value": null, "controller_id": "lane_sig22_lane_m1", "orientation": "+", "validities": [[-1, -1]], "h_offset": 0.0, "osm_node_id": 3184416795, "tags": {"junction_id": "j9", "rig_anchor": "sig22", "controlled_lane": -1}}}, {"type": "Feature", "geometry": {"type": "Point", "coordinates": [128.80635347596478, -18.873350896988306, 26.47576790843555]}, "properties": {"id": "sig23", "kind": "traffic_light", "road_id": "r41", "s": 24.02111637959181, "t": -10.399999999999999, "heading": -0.756178092153046, "value": null, "controller_id": "lane_sig23", "orientation": "+", "validities": [[-3, -3]], "h_offset": 0.0, "osm_node_id": 10893648845, "tags": {"junction_id": "j11", "rig_anchor": "sig23", "controlled_lane": -3}}}, {"type": "Feature", "geometry": {"type": "Point", "coordinates": [128.80635347596478, -18.873350896988306, 26.47576790843555]}, "properties": {"id": "sig23_lane_m2", "kind": "traffic_light", "road_id": "r41", "s": 24.02111637959181, "t": -10.399999999999999, "heading": -0.756178092153046, "value": null, "controller_id": "lane_sig23_lane_m2", "orientation": "+", "validities": [[-2, -2]], "h_offset": 0.0, "osm_node_id": 10893648845, "tags": {"junction_id": "j11", "rig_anchor": "sig23", "controlled_lane": -2}}}, {"type": "Feature", "geometry": {"type": "Point", "coordinates": [128.80635347596478, -18.873350896988306, 26.47576790843555]}, "properties": {"id": "sig23_lane_m1", "kind": "traffic_light", "road_id": "r41", "s": 24.02111637959181, "t": -10.399999999999999, "heading": -0.756178092153046, "value": null, "controller_id": "lane_sig23_lane_m1", "orientation": "+", "validities": [[-1, -1]], "h_offset": 0.0, "osm_node_id": 10893648845, "tags": {"junction_id": "j11", "rig_anchor": "sig23", "controlled_lane": -1}}}, {"type": "Feature", "geometry": {"type": "Point", "coordinates": [129.83801516463342, -26.377504755902976, 26.47022599460176]}, "properties": {"id": "sig24", "kind": "traffic_light", "road_id": "r46", "s": 11.224489093991997, "t": -6.5, "heading": 0.0006279632690213163, "value": null, "controller_id": "lane_sig24", "orientation": "+", "validities": [[-1, -1]], "h_offset": 0.0, "osm_node_id": 10893648845, "tags": {"junction_id": "j11", "rig_anchor": "sig24", "controlled_lane": -1}}}, {"type": "Feature", "geometry": {"type": "Point", "coordinates": [215.50205557206343, 101.39744538089478, 26.993718831266587]}, "properties": {"id": "sig25", "kind": "traffic_light", "road_id": "r35", "s": 24.231621150530223, "t": -10.399999999999999, "heading": 2.356445067106687, "value": null, "controller_id": "lane_sig25", "orientation": "+", "validities": [[-3, -3]], "h_offset": 0.0, "osm_node_id": 10182235273, "tags": {"junction_id": "j14", "rig_anchor": "sig25", "controlled_lane": -3}}}, {"type": "Feature", "geometry": {"type": "Point", "coordinates": [215.50205557206343, 101.39744538089478, 26.993718831266587]}, "properties": {"id": "sig25_lane_m2", "kind": "traffic_light", "road_id": "r35", "s": 24.231621150530223, "t": -10.399999999999999, "heading": 2.356445067106687, "value": null, "controller_id": "lane_sig25_lane_m2", "orientation": "+", "validities": [[-2, -2]], "h_offset": 0.0, "osm_node_id": 10182235273, "tags": {"junction_id": "j14", "rig_anchor": "sig25", "controlled_lane": -2}}}, {"type": "Feature", "geometry": {"type": "Point", "coordinates": [215.50205557206343, 101.39744538089478, 26.993718831266587]}, "properties": {"id": "sig25_lane_m1", "kind": "traffic_light", "road_id": "r35", "s": 24.231621150530223, "t": -10.399999999999999, "heading": 2.356445067106687, "value": null, "controller_id": "lane_sig25_lane_m1", "orientation": "+", "validities": [[-1, -1]], "h_offset": 0.0, "osm_node_id": 10182235273, "tags": {"junction_id": "j14", "rig_anchor": "sig25", "controlled_lane": -1}}}, {"type": "Feature", "geometry": {"type": "Point", "coordinates": [207.69235845064458, 91.21557785049312, 27.01136442722206]}, "properties": {"id": "sig26", "kind": "traffic_light", "road_id": "r40", "s": 10.261245966243306, "t": -6.5, "heading": 1.5831593841309466, "value": null, "controller_id": "lane_sig26", "orientation": "+", "validities": [[-1, -1]], "h_offset": 0.0, "osm_node_id": 10182235273, "tags": {"junction_id": "j14", "rig_anchor": "sig26", "controlled_lane": -1}}}, {"type": "Feature", "geometry": {"type": "Point", "coordinates": [239.68403689464574, 76.69317629553083, 26.215961075238585]}, "properties": {"id": "sig27", "kind": "traffic_light", "road_id": "r58", "s": 20.657070837502527, "t": -11.401890577984936, "heading": 2.370127999754828, "value": null, "controller_id": "lane_sig27", "orientation": "+", "validities": [[-3, -3]], "h_offset": 0.0, "osm_node_id": 3184416523, "tags": {"junction_id": "j16", "rig_anchor": "sig27", "controlled_lane": -3}}}, {"type": "Feature", "geometry": {"type": "Point", "coordinates": [239.68403689464574, 76.69317629553083, 26.215961075238585]}, "properties": {"id": "sig27_lane_m2", "kind": "traffic_light", "road_id": "r58", "s": 20.657070837502527, "t": -11.401890577984936, "heading": 2.370127999754828, "value": null, "controller_id": "lane_sig27_lane_m2", "orientation": "+", "validities": [[-2, -2]], "h_offset": 0.0, "osm_node_id": 3184416523, "tags": {"junction_id": "j16", "rig_anchor": "sig27", "controlled_lane": -2}}}, {"type": "Feature", "geometry": {"type": "Point", "coordinates": [239.68403689464574, 76.69317629553083, 26.215961075238585]}, "properties": {"id": "sig27_lane_m1", "kind": "traffic_light", "road_id": "r58", "s": 20.657070837502527, "t": -11.401890577984936, "heading": 2.370127999754828, "value": null, "controller_id": "lane_sig27_lane_m1", "orientation": "+", "validities": [[-1, -1]], "h_offset": 0.0, "osm_node_id": 3184416523, "tags": {"junction_id": "j16", "rig_anchor": "sig27", "controlled_lane": -1}}}, {"type": "Feature", "geometry": {"type": "Point", "coordinates": [124.4142058161427, -7.073549713817764, 26.679582527417335]}, "properties": {"id": "sig28", "kind": "crosswalk", "road_id": "r41", "s": 12.936697261614533, "t": -4.950167005052, "heading": -0.7984259437171768, "value": null, "controller_id": null, "orientation": "+", "validities": [], "h_offset": 0.0, "osm_node_id": 30242865, "tags": {"crossing": "traffic_signals", "crossing:island": "no", "node_xy": [124.41420581614265, -7.073549713817721], "width": 4.0}}}, {"type": "Feature", "geometry": {"type": "Point", "coordinates": [120.51071635324563, -10.876633947157256, 26.679582527417335]}, "properties": {"id": "sig28pa", "kind": "traffic_light_ped", "road_id": "r41", "s": 12.936697261614533, "t": -10.399999999999999, "heading": -2.3692222705120733, "value": null, "controller_id": "ped_j11", "orientation": "+", "validities": [[-4, -4], [1, 1]], "h_offset": -1.5707963267948966, "osm_node_id": 30242865, "tags": {"junction_id": "j11", "crossing_signal": "sig28", "crossing_end": "right", "node_xy": [124.41420581614265, -7.073549713817721]}}}, {"type": "Feature", "geometry": {"type": "Point", "coordinates": [128.31793451663157, -3.270232396535796, 26.679582527417335]}, "properties": {"id": "sig28pb", "kind": "traffic_light_ped", "road_id": "r41", "s": 12.936697261614533, "t": 0.5, "heading": 0.7723703830777198, "value": null, "controller_id": "ped_j11", "orientation": "+", "validities": [[-4, -4], [1, 1]], "h_offset": 1.5707963267948966, "osm_node_id": 30242865, "tags": {"junction_id": "j11", "crossing_signal": "sig28", "crossing_end": "left", "node_xy": [124.41420581614265, -7.073549713817721]}}}, {"type": "Feature", "geometry": {"type": "Point", "coordinates": [-207.14245633775607, -165.12300832644968, 29.103883089438014]}, "properties": {"id": "sig29", "kind": "crosswalk", "road_id": "r53", "s": 2.5, "t": 5.9160737007550495, "heading": -0.765456140631466, "value": null, "controller_id": null, "orientation": "+", "validities": [], "h_offset": 0.0, "osm_node_id": 33098956, "tags": {"crossing": "traffic_signals", "node_xy": [-215.57992199995684, -157.0155261352419], "width": 4.0, "in_junction": "j1"}}}, {"type": "Feature", "geometry": {"type": "Point", "coordinates": [-214.3593994325781, -172.63368896841956, 29.103883089438014]}, "properties": {"id": "sig29pa", "kind": "traffic_light_ped", "road_id": "r53", "s": 2.5, "t": -4.5, "heading": -2.3362524674263625, "value": null, "controller_id": "ped_j1", "orientation": "+", "validities": [[-2, -2], [1, 1]], "h_offset": -1.5707963267948966, "osm_node_id": 33098956, "tags": {"junction_id": "j1", "crossing_signal": "sig29", "crossing_end": "right", "node_xy": [-215.57992199995684, -157.0155261352419]}}}, {"type": "Feature", "geometry": {"type": "Point", "coordinates": [-210.89506954102842, -169.0283570277357, 29.103883089438014]}, "properties": {"id": "sig29pb", "kind": "traffic_light_ped", "road_id": "r53", "s": 2.5, "t": 0.5, "heading": 0.8053401861634306, "value": null, "controller_id": "ped_j1", "orientation": "+", "validities": [[-2, -2], [1, 1]], "h_offset": 1.5707963267948966, "osm_node_id": 33098956, "tags": {"junction_id": "j1", "crossing_signal": "sig29", "crossing_end": "left", "node_xy": [-215.57992199995684, -157.0155261352419]}}}, {"type": "Feature", "geometry": {"type": "Point", "coordinates": [106.91218485391093, 165.30787152316722, 29.282603955047552]}, "properties": {"id": "sig30", "kind": "crosswalk", "road_id": "r9", "s": 2.5, "t": -11.010128224496514, "heading": -2.3578484379487614, "value": null, "controller_id": null, "orientation": "+", "validities": [], "h_offset": 0.0, "osm_node_id": 3184416530, "tags": {"crossing": "traffic_signals", "crossing:signals": "yes", "node_xy": [113.90693372816453, 172.27952068366264], "width": 4.0, "in_junction": "j10"}}}, {"type": "Feature", "geometry": {"type": "Point", "coordinates": [143.31976713490562, 201.58918173697148, 29.245821791604673]}, "properties": {"id": "sig31", "kind": "crosswalk", "road_id": "r54", "s": 29.08836505291084, "t": -8.373759026640688, "heading": -2.357774409224783, "value": null, "controller_id": null, "orientation": "+", "validities": [], "h_offset": 0.0, "osm_node_id": 3184416531, "tags": {"crossing": "traffic_signals", "crossing:signals": "yes", "node_xy": [143.3197671349057, 201.5891817369716], "width": 4.0}}}, {"type": "Feature", "geometry": {"type": "Point", "coordinates": [45.892860178831256, 104.49029574809578, 29.13867247294114]}, "properties": {"id": "sig32", "kind": "crosswalk", "road_id": "r9", "s": 88.65181662003006, "t": -11.0102957011739, "heading": -2.357848437948756, "value": null, "controller_id": null, "orientation": "+", "validities": [], "h_offset": 0.0, "osm_node_id": 3184416791, "tags": {"crossing": "traffic_signals", "crossing:signals": "yes", "node_xy": [45.889368001900316, 104.48681510385728], "width": 4.0}}}, {"type": "Feature", "geometry": {"type": "Point", "coordinates": [12.863341291008492, 71.65443351622285, 29.121307415264578]}, "properties": {"id": "sig33", "kind": "crosswalk", "road_id": "r17", "s": 2.5, "t": -10.494420332632412, "heading": -2.353559038463895, "value": null, "controller_id": null, "orientation": "+", "validities": [], "h_offset": 0.0, "osm_node_id": 3184416792, "tags": {"crossing": "traffic_signals", "crossing:signals": "yes", "node_xy": [12.887887047416623, 71.6791089931157], "width": 4.0}}}, {"type": "Feature", "geometry": {"type": "Point", "coordinates": [50.34083876997542, 67.62142650894423, 28.784006294229506]}, "properties": {"id": "sig34", "kind": "crosswalk", "road_id": "r20", "s": 2.49999999999999, "t": -7.769097629506494, "heading": -0.7910294792513136, "value": null, "controller_id": null, "orientation": "+", "validities": [], "h_offset": 0.0, "osm_node_id": 3184416793, "tags": {"crossing": "traffic_signals", "node_xy": [50.3807108874759, 67.58110277852009], "width": 4.0}}}, {"type": "Feature", "geometry": {"type": "Point", "coordinates": [196.5673860801185, -79.82833701665203, 24.60295869571218]}, "properties": {"id": "sig35", "kind": "crosswalk", "road_id": "r11", "s": 26.12811559073656, "t": -6.2283134554843285, "heading": -0.7897596140810338, "value": null, "controller_id": null, "orientation": "+", "validities": [], "h_offset": 0.0, "osm_node_id": 3184416801, "tags": {"crossing": "traffic_signals", "node_xy": [196.56738608011844, -79.82833701665199], "width": 4.0}}}, {"type": "Feature", "geometry": {"type": "Point", "coordinates": [238.36820881663436, -81.87064136838093, 24.243331080978894]}, "properties": {"id": "sig36", "kind": "crosswalk", "road_id": "r12", "s": 17.714133021659386, "t": -1.0500037905373052, "heading": -2.3542347257402447, "value": null, "controller_id": null, "orientation": "+", "validities": [], "h_offset": 0.0, "osm_node_id": 3184416802, "tags": {"crossing": "traffic_signals", "node_xy": [238.3682359900622, -81.87061408823678], "width": 4.0}}}, {"type": "Feature", "geometry": {"type": "Point", "coordinates": [236.40411414806906, -120.00925039209437, 23.824995755151203]}, "properties": {"id": "sig37", "kind": "crosswalk", "road_id": "r21", "s": 2.5, "t": -7.077395078291756, "heading": -0.7897695996460938, "value": null, "controller_id": null, "orientation": "+", "validities": [], "h_offset": 0.0, "osm_node_id": 3184416803, "tags": {"crossing": "traffic_signals", "crossing:markings": "dots", "crossing:signals": "yes", "node_xy": [236.40405653465066, -120.00919227275442], "width": 4.0}}}, {"type": "Feature", "geometry": {"type": "Point", "coordinates": [201.67020760148813, -118.93294851023198, 24.225292915710646]}, "properties": {"id": "sig38", "kind": "crosswalk", "road_id": "r13", "s": 2.5, "t": -0.9059493907320326, "heading": -2.3512392565455302, "value": null, "controller_id": null, "orientation": "+", "validities": [], "h_offset": 0.0, "osm_node_id": 3184416804, "tags": {"crossing": "traffic_signals", "crossing:signals": "yes", "node_xy": [201.67021042218948, -118.93294566143673], "width": 4.0}}}, {"type": "Feature", "geometry": {"type": "Point", "coordinates": [97.33070188561683, -213.00300348910994, 25.23275686914661]}, "properties": {"id": "sig39", "kind": "crosswalk", "road_id": "r34", "s": 2.5, "t": -1.8000915743071304, "heading": 2.3236008217702198, "value": null, "controller_id": null, "orientation": "+", "validities": [], "h_offset": 0.0, "osm_node_id": 3208549401, "tags": {"crossing:markings": "no", "crossing:signals": "no", "node_xy": [99.01734349457297, -214.80333872882318], "width": 4.0}}}, {"type": "Feature", "geometry": {"type": "Point", "coordinates": [99.00911604241219, -211.43058348006593, 25.23275686914661]}, "properties": {"id": "sig39pa", "kind": "traffic_light_ped", "road_id": "r34", "s": 2.5, "t": -4.1, "heading": 0.7528044949753232, "value": null, "controller_id": "ped_j8", "orientation": "+", "validities": [[-2, -2], [1, 1]], "h_offset": -1.5707963267948966, "osm_node_id": 3208549401, "tags": {"junction_id": "j8", "crossing_signal": "sig39", "crossing_end": "right", "node_xy": [99.01734349457297, -214.80333872882318]}}}, {"type": "Feature", "geometry": {"type": "Point", "coordinates": [95.6521540716621, -214.57554871468105, 25.23275686914661]}, "properties": {"id": "sig39pb", "kind": "traffic_light_ped", "road_id": "r34", "s": 2.5, "t": 0.5, "heading": -2.38878815861447, "value": null, "controller_id": "ped_j8", "orientation": "+", "validities": [[-2, -2], [1, 1]], "h_offset": 1.5707963267948966, "osm_node_id": 3208549401, "tags": {"junction_id": "j8", "crossing_signal": "sig39", "crossing_end": "left", "node_xy": [99.01734349457297, -214.80333872882318]}}}, {"type": "Feature", "geometry": {"type": "Point", "coordinates": [200.53420045923664, -83.82999380363628, 24.501430056899743]}, "properties": {"id": "sig40", "kind": "crosswalk", "road_id": "r11", "s": 31.762729451092646, "t": -6.228375746390923, "heading": -0.7897596140810539, "value": null, "controller_id": null, "orientation": "+", "validities": [], "h_offset": 0.0, "osm_node_id": 3497460960, "tags": {"crossing": "uncontrolled", "crossing:markings": "dots", "node_xy": [215.32728321477572, -98.7526812472162], "width": 4.0, "in_junction": "j15"}}}, {"type": "Feature", "geometry": {"type": "Point", "coordinates": [78.67152825775698, -220.29992334058093, 25.14874697032664]}, "properties": {"id": "sig41", "kind": "crosswalk", "road_id": "r30", "s": 106.83476120727016, "t": 3.4964821058440947, "heading": -0.826922582807013, "value": null, "controller_id": null, "orientation": "+", "validities": [], "h_offset": 0.0, "osm_node_id": 4719410203, "tags": {"crossing": "traffic_signals", "crossing:island": "no", "node_xy": [79.93991611058722, -221.6782788886644], "width": 4.0}}}, {"type": "Feature", "geometry": {"type": "Point", "coordinates": [70.57975583952002, -227.74611953968883, 25.14874697032664]}, "properties": {"id": "sig41pa", "kind": "traffic_light_ped", "road_id": "r30", "s": 106.83476120727016, "t": -7.5, "heading": -2.3977189096019096, "value": null, "controller_id": "ped_j8", "orientation": "+", "validities": [[-3, -3], [5, 5]], "h_offset": -1.5707963267948966, "osm_node_id": 4719410203, "tags": {"junction_id": "j8", "crossing_signal": "sig41", "crossing_end": "right", "node_xy": [79.93991611058722, -221.6782788886644]}}}, {"type": "Feature", "geometry": {"type": "Point", "coordinates": [86.76847796790001, -212.84896290326657, 25.14874697032664]}, "properties": {"id": "sig41pb", "kind": "traffic_light_ped", "road_id": "r30", "s": 106.83476120727016, "t": 14.5, "heading": 0.7438737439878835, "value": null, "controller_id": "ped_j8", "orientation": "+", "validities": [[-3, -3], [5, 5]], "h_offset": 1.5707963267948966, "osm_node_id": 4719410203, "tags": {"junction_id": "j8", "crossing_signal": "sig41", "crossing_end": "left", "node_xy": [79.93991611058722, -221.6782788886644]}}}, {"type": "Feature", "geometry": {"type": "Point", "coordinates": [-198.06732212474253, -184.81471245444442, 28.679695866050007]}, "properties": {"id": "sig42", "kind": "crosswalk", "road_id": "r53", "s": 22.68748609406702, "t": -1.9951005262828887, "heading": -0.7654561406314463, "value": null, "controller_id": null, "orientation": "+", "validities": [], "h_offset": 0.0, "osm_node_id": 5761265921, "tags": {"crossing": "traffic_signals", "node_xy": [-198.06732212474253, -184.81471245444442], "width": 4.0}}}, {"type": "Feature", "geometry": {"type": "Point", "coordinates": [-199.80288174916754, -186.62091127060336, 28.679695866050007]}, "properties": {"id": "sig42pa", "kind": "traffic_light_ped", "road_id": "r53", "s": 22.68748609406702, "t": -4.5, "heading": -2.336252467426343, "value": null, "controller_id": "ped_j1", "orientation": "+", "validities": [[-2, -2], [1, 1]], "h_offset": -1.5707963267948966, "osm_node_id": 5761265921, "tags": {"junction_id": "j1", "crossing_signal": "sig42", "crossing_end": "right", "node_xy": [-198.06732212474253, -184.81471245444442]}}}, {"type": "Feature", "geometry": {"type": "Point", "coordinates": [-196.33855185761794, -183.01557932991943, 28.679695866050007]}, "properties": {"id": "sig42pb", "kind": "traffic_light_ped", "road_id": "r53", "s": 22.68748609406702, "t": 0.5, "heading": 0.8053401861634502, "value": null, "controller_id": "ped_j1", "orientation": "+", "validities": [[-2, -2], [1, 1]], "h_offset": 1.5707963267948966, "osm_node_id": 5761265921, "tags": {"junction_id": "j1", "crossing_signal": "sig42", "crossing_end": "left", "node_xy": [-198.06732212474253, -184.81471245444442]}}}, {"type": "Feature", "geometry": {"type": "Point", "coordinates": [-186.5000921459244, -171.63202271630843, 28.676413203757026]}, "properties": {"id": "sig43", "kind": "crosswalk", "road_id": "r18", "s": 72.68450554833487, "t": -1.9986711871669927, "heading": 2.373653544554188, "value": null, "controller_id": null, "orientation": "+", "validities": [], "h_offset": 0.0, "osm_node_id": 5761265922, "tags": {"crossing": "traffic_signals", "node_xy": [-186.50009214592444, -171.6320227163084], "width": 4.0}}}, {"type": "Feature", "geometry": {"type": "Point", "coordinates": [-184.76253351616162, -169.83270733593582, 28.676413203757026]}, "properties": {"id": "sig43pa", "kind": "traffic_light_ped", "road_id": "r18", "s": 72.68450554833487, "t": -4.5, "heading": 0.8028572177592914, "value": null, "controller_id": "ped_j1", "orientation": "+", "validities": [[-2, -2], [1, 1]], "h_offset": -1.5707963267948966, "osm_node_id": 5761265922, "tags": {"junction_id": "j1", "crossing_signal": "sig43", "crossing_end": "right", "node_xy": [-186.50009214592444, -171.6320227163084]}}}, {"type": "Feature", "geometry": {"type": "Point", "coordinates": [-188.23580464478795, -173.4294263501279, 28.676413203757026]}, "properties": {"id": "sig43pb", "kind": "traffic_light_ped", "road_id": "r18", "s": 72.68450554833487, "t": 0.5, "heading": -2.338735435830502, "value": null, "controller_id": "ped_j1", "orientation": "+", "validities": [[-2, -2], [1, 1]], "h_offset": 1.5707963267948966, "osm_node_id": 5761265922, "tags": {"junction_id": "j1", "crossing_signal": "sig43", "crossing_end": "left", "node_xy": [-186.50009214592444, -171.6320227163084]}}}, {"type": "Feature", "geometry": {"type": "Point", "coordinates": [-240.40988975114422, -144.13267110793046, 30.00081822286529]}, "properties": {"id": "sig44", "kind": "crosswalk", "road_id": "r56", "s": 14.557012757861918, "t": -2.000015070393521, "heading": -0.7626345634593693, "value": null, "controller_id": null, "orientation": "+", "validities": [], "h_offset": 0.0, "osm_node_id": 5761265930, "tags": {"crossing": "traffic_signals", "node_xy": [-240.41099636823546, -144.13161375900611], "width": 4.0}}}, {"type": "Feature", "geometry": {"type": "Point", "coordinates": [-242.13695103632134, -145.94020643690797, 30.00081822286529]}, "properties": {"id": "sig44pa", "kind": "traffic_light_ped", "road_id": "r56", "s": 14.557012757861918, "t": -4.5, "heading": -2.3334308902542658, "value": null, "controller_id": "ped_j1", "orientation": "+", "validities": [[-2, -2], [1, 1]], "h_offset": -1.5707963267948966, "osm_node_id": 5761265930, "tags": {"junction_id": "j1", "crossing_signal": "sig44", "crossing_end": "right", "node_xy": [-240.41099636823546, -144.13161375900611]}}}, {"type": "Feature", "geometry": {"type": "Point", "coordinates": [-238.682807643847, -142.3251139866066, 30.00081822286529]}, "properties": {"id": "sig44pb", "kind": "traffic_light_ped", "road_id": "r56", "s": 14.557012757861918, "t": 0.5, "heading": 0.8081617633355274, "value": null, "controller_id": "ped_j1", "orientation": "+", "validities": [[-2, -2], [1, 1]], "h_offset": 1.5707963267948966, "osm_node_id": 5761265930, "tags": {"junction_id": "j1", "crossing_signal": "sig44", "crossing_end": "left", "node_xy": [-240.41099636823546, -144.13161375900611]}}}, {"type": "Feature", "geometry": {"type": "Point", "coordinates": [-191.4921407457436, -132.8270129231202, 29.03741350314051]}, "properties": {"id": "sig45", "kind": "crosswalk", "road_id": "r55", "s": 91.92331185979559, "t": -11.097749287258818, "heading": -2.3536683357236803, "value": null, "controller_id": null, "orientation": "+", "validities": [], "h_offset": 0.0, "osm_node_id": 5761265934, "tags": {"crossing": "traffic_signals", "node_xy": [-191.49214074574363, -132.82701292312024], "width": 4.0}}}, {"type": "Feature", "geometry": {"type": "Point", "coordinates": [-197.16886134778494, -127.1789006590847, 29.03741350314051]}, "properties": {"id": "sig45pa", "kind": "traffic_light_ped", "road_id": "r55", "s": 91.92331185979559, "t": -19.105640953658206, "heading": 2.358720644661009, "value": null, "controller_id": "ped_j1", "orientation": "+", "validities": [[-6, -6], [1, 1]], "h_offset": -1.5707963267948966, "osm_node_id": 5761265934, "tags": {"junction_id": "j1", "crossing_signal": "sig45", "crossing_end": "right", "node_xy": [-191.49214074574363, -132.82701292312024]}}}, {"type": "Feature", "geometry": {"type": "Point", "coordinates": [-183.27060316019646, -141.00711733929657, 29.03741350314051]}, "properties": {"id": "sig45pb", "kind": "traffic_light_ped", "road_id": "r55", "s": 91.92331185979559, "t": 0.5, "heading": -0.7828720089287837, "value": null, "controller_id": "ped_j1", "orientation": "+", "validities": [[-6, -6], [1, 1]], "h_offset": 1.5707963267948966, "osm_node_id": 5761265934, "tags": {"junction_id": "j1", "crossing_signal": "sig45", "crossing_end": "left", "node_xy": [-191.49214074574363, -132.82701292312024]}}}, {"type": "Feature", "geometry": {"type": "Point", "coordinates": [-237.56852069248953, -178.916161193085, 29.19329171946143]}, "properties": {"id": "sig46", "kind": "crosswalk", "road_id": "r57", "s": 15.547878512841413, "t": -8.250028815641834, "heading": -2.357056278768795, "value": null, "controller_id": null, "orientation": "+", "validities": [], "h_offset": 0.0, "osm_node_id": 5761265938, "tags": {"crossing": "traffic_signals", "node_xy": [-237.56852069248936, -178.91616119308483], "width": 4.0}}}, {"type": "Feature", "geometry": {"type": "Point", "coordinates": [-243.7503503280351, -172.72366750441734, 29.19329171946143]}, "properties": {"id": "sig46pa", "kind": "traffic_light_ped", "road_id": "r57", "s": 15.547878512841413, "t": -17.0, "heading": 2.355332701615895, "value": null, "controller_id": "ped_j1", "orientation": "+", "validities": [[-6, -6], [1, 1]], "h_offset": -1.5707963267948966, "osm_node_id": 5761265938, "tags": {"junction_id": "j1", "crossing_signal": "sig46", "crossing_end": "right", "node_xy": [-237.56852069248936, -178.91616119308483]}}}, {"type": "Feature", "geometry": {"type": "Point", "coordinates": [-231.38665034060676, -185.10869566832818, 29.19329171946143]}, "properties": {"id": "sig46pb", "kind": "traffic_light_ped", "road_id": "r57", "s": 15.547878512841413, "t": 0.5, "heading": -0.7862599519738986, "value": null, "controller_id": "ped_j1", "orientation": "+", "validities": [[-6, -6], [1, 1]], "h_offset": 1.5707963267948966, "osm_node_id": 5761265938, "tags": {"junction_id": "j1", "crossing_signal": "sig46", "crossing_end": "left", "node_xy": [-237.56852069248936, -178.91616119308483]}}}, {"type": "Feature", "geometry": {"type": "Point", "coordinates": [-227.85687784263123, -131.70423991438673, 29.954776882896194]}, "properties": {"id": "sig47", "kind": "crosswalk", "road_id": "r19", "s": 15.227189072198756, "t": -1.9983278377735942, "heading": 2.373717403509713, "value": null, "controller_id": null, "orientation": "+", "validities": [], "h_offset": 0.0, "osm_node_id": 5761265940, "tags": {"crossing": "traffic_signals", "node_xy": [-227.85687784263123, -131.70423991438673], "width": 4.0}}}, {"type": "Feature", "geometry": {"type": "Point", "coordinates": [-226.1191956254778, -129.90456657751494, 29.954776882896194]}, "properties": {"id": "sig47pa", "kind": "traffic_light_ped", "road_id": "r19", "s": 15.227189072198756, "t": -4.5, "heading": 0.8029210767148163, "value": null, "controller_id": "ped_j1", "orientation": "+", "validities": [[-2, -2], [1, 1]], "h_offset": -1.5707963267948966, "osm_node_id": 5761265940, "tags": {"junction_id": "j1", "crossing_signal": "sig47", "crossing_end": "right", "node_xy": [-227.85687784263123, -131.70423991438673]}}}, {"type": "Feature", "geometry": {"type": "Point", "coordinates": [-229.59223706430276, -133.50150738383977, 29.954776882896194]}, "properties": {"id": "sig47pb", "kind": "traffic_light_ped", "road_id": "r19", "s": 15.227189072198756, "t": 0.5, "heading": -2.338671576874977, "value": null, "controller_id": "ped_j1", "orientation": "+", "validities": [[-2, -2], [1, 1]], "h_offset": 1.5707963267948966, "osm_node_id": 5761265940, "tags": {"junction_id": "j1", "crossing_signal": "sig47", "crossing_end": "left", "node_xy": [-227.85687784263123, -131.70423991438673]}}}, {"type": "Feature", "geometry": {"type": "Point", "coordinates": [-67.36065460212889, -41.24642789115817, 29.13355949956901]}, "properties": {"id": "sig48", "kind": "crosswalk", "road_id": "r31", "s": 101.21642941185387, "t": -1.7384271458054465, "heading": 2.310536166668499, "value": null, "controller_id": null, "orientation": "+", "validities": [], "h_offset": 0.0, "osm_node_id": 5761275822, "tags": {"crossing": "unmarked", "crossing:markings": "no", "node_xy": [-67.35928600966156, -41.24792753349665], "width": 4.0}}}, {"type": "Feature", "geometry": {"type": "Point", "coordinates": [-65.69015748104677, -39.72191119945353, 29.13355949956901]}, "properties": {"id": "sig48pa", "kind": "traffic_light_ped", "road_id": "r31", "s": 101.21642941185387, "t": -4.0, "heading": 0.7397398398736024, "value": null, "controller_id": "ped_j4", "orientation": "+", "validities": [[-2, -2], [1, 1]], "h_offset": -1.5707963267948966, "osm_node_id": 5761275822, "tags": {"junction_id": "j4", "crossing_signal": "sig48", "crossing_end": "right", "node_xy": [-67.35928600966156, -41.24792753349665]}}}, {"type": "Feature", "geometry": {"type": "Point", "coordinates": [-69.01405528558898, -42.75534215877327, 29.13355949956901]}, "properties": {"id": "sig48pb", "kind": "traffic_light_ped", "road_id": "r31", "s": 101.21642941185387, "t": 0.5, "heading": -2.401852813716191, "value": null, "controller_id": "ped_j4", "orientation": "+", "validities": [[-2, -2], [1, 1]], "h_offset": 1.5707963267948966, "osm_node_id": 5761275822, "tags": {"junction_id": "j4", "crossing_signal": "sig48", "crossing_end": "left", "node_xy": [-67.35928600966156, -41.24792753349665]}}}, {"type": "Feature", "geometry": {"type": "Point", "coordinates": [-55.39406764974792, -76.37731969676399, 28.513648989077137]}, "properties": {"id": "sig49", "kind": "crosswalk", "road_id": "r6", "s": 2.5, "t": 3.499302327873945, "heading": -0.8207442904350241, "value": null, "controller_id": null, "orientation": "+", "validities": [], "h_offset": 0.0, "osm_node_id": 5761275827, "tags": {"crossing:island": "no", "crossing:signals": "yes", "node_xy": [-78.6249737563577, -51.44325922576383], "width": 4.0, "in_junction": "j4"}}}, {"type": "Feature", "geometry": {"type": "Point", "coordinates": [-63.44174457228357, -83.87528927862148, 28.513648989077137]}, "properties": {"id": "sig49pa", "kind": "traffic_light_ped", "road_id": "r6", "s": 2.5, "t": -7.5, "heading": -2.3915406172299205, "value": null, "controller_id": "ped_j4", "orientation": "+", "validities": [[-3, -3], [5, 5]], "h_offset": -1.5707963267948966, "osm_node_id": 5761275827, "tags": {"junction_id": "j4", "crossing_signal": "sig49", "crossing_end": "right", "node_xy": [-78.6249737563577, -51.44325922576383]}}}, {"type": "Feature", "geometry": {"type": "Point", "coordinates": [-47.345369818848994, -68.87839894105504, 28.513648989077137]}, "properties": {"id": "sig49pb", "kind": "traffic_light_ped", "road_id": "r6", "s": 2.5, "t": 14.5, "heading": 0.7500520363598726, "value": null, "controller_id": "ped_j4", "orientation": "+", "validities": [[-3, -3], [5, 5]], "h_offset": 1.5707963267948966, "osm_node_id": 5761275827, "tags": {"junction_id": "j4", "crossing_signal": "sig49", "crossing_end": "left", "node_xy": [-78.6249737563577, -51.44325922576383]}}}, {"type": "Feature", "geometry": {"type": "Point", "coordinates": [-107.4282988307453, -20.223502990507317, 30.093842589386888]}, "properties": {"id": "sig50", "kind": "crosswalk", "road_id": "r15", "s": 101.5049433362532, "t": 3.516173857347833, "heading": -0.8289562830157239, "value": null, "controller_id": null, "orientation": "+", "validities": [], "h_offset": 0.0, "osm_node_id": 5761275828, "tags": {"node_xy": [-107.4282988307453, -20.22350299050732], "width": 4.0}}}, {"type": "Feature", "geometry": {"type": "Point", "coordinates": [-115.5497151185975, -27.666532208152695, 30.093842589386888]}, "properties": {"id": "sig50pa", "kind": "traffic_light_ped", "road_id": "r15", "s": 101.5049433362532, "t": -7.5, "heading": -2.3997526098106206, "value": null, "controller_id": "ped_j4", "orientation": "+", "validities": [[-3, -3], [5, 5]], "h_offset": -1.5707963267948966, "osm_node_id": 5761275828, "tags": {"junction_id": "j4", "crossing_signal": "sig50", "crossing_end": "right", "node_xy": [-107.4282988307453, -20.22350299050732]}}}, {"type": "Feature", "geometry": {"type": "Point", "coordinates": [-99.33073013829294, -12.802329363443715, 30.093842589386888]}, "properties": {"id": "sig50pb", "kind": "traffic_light_ped", "road_id": "r15", "s": 101.5049433362532, "t": 14.5, "heading": 0.7418400437791726, "value": null, "controller_id": "ped_j4", "orientation": "+", "validities": [[-3, -3], [5, 5]], "h_offset": 1.5707963267948966, "osm_node_id": 5761275828, "tags": {"junction_id": "j4", "crossing_signal": "sig50", "crossing_end": "left", "node_xy": [-107.4282988307453, -20.22350299050732]}}}, {"type": "Feature", "geometry": {"type": "Point", "coordinates": [-117.8994226852895, -29.963490889478372, 30.01211112607296]}, "properties": {"id": "sig51", "kind": "crosswalk", "road_id": "r28", "s": 101.3540692318187, "t": -1.6531756953466576, "heading": -0.8254461726294358, "value": null, "controller_id": null, "orientation": "+", "validities": [], "h_offset": 0.0, "osm_node_id": 5761275829, "tags": {"crossing": "unmarked", "crossing:markings": "no", "node_xy": [-117.89947559204258, -29.963433565856644], "width": 4.0}}}, {"type": "Feature", "geometry": {"type": "Point", "coordinates": [-119.47701751883282, -31.419529740686578, 30.01211112607296]}, "properties": {"id": "sig51pa", "kind": "traffic_light_ped", "road_id": "r28", "s": 101.3540692318187, "t": -3.8, "heading": -2.396242499424332, "value": null, "controller_id": "ped_j4", "orientation": "+", "validities": [[-2, -2], [1, 1]], "h_offset": -1.5707963267948966, "osm_node_id": 5761275829, "tags": {"junction_id": "j4", "crossing_signal": "sig51", "crossing_end": "right", "node_xy": [-117.89947559204258, -29.963433565856644]}}}, {"type": "Feature", "geometry": {"type": "Point", "coordinates": [-116.31716052935658, -28.503144339876485, 30.01211112607296]}, "properties": {"id": "sig51pb", "kind": "traffic_light_ped", "road_id": "r28", "s": 101.3540692318187, "t": 0.5, "heading": 0.745350154165461, "value": null, "controller_id": "ped_j4", "orientation": "+", "validities": [[-2, -2], [1, 1]], "h_offset": 1.5707963267948966, "osm_node_id": 5761275829, "tags": {"junction_id": "j4", "crossing_signal": "sig51", "crossing_end": "left", "node_xy": [-117.89947559204258, -29.963433565856644]}}}, {"type": "Feature", "geometry": {"type": "Point", "coordinates": [-60.54105908516977, -2.161371032191302, 29.472093314988733]}, "properties": {"id": "sig52", "kind": "crosswalk", "road_id": "r17", "s": 106.60081037949695, "t": -10.47786593820292, "heading": -2.3535590384638923, "value": null, "controller_id": null, "orientation": "+", "validities": [], "h_offset": 0.0, "osm_node_id": 5761275831, "tags": {"crossing": "traffic_signals", "node_xy": [-74.16688051856724, -15.859202801367259], "width": 4.0, "in_junction": "j4"}}}, {"type": "Feature", "geometry": {"type": "Point", "coordinates": [-66.22849437721365, 3.4961650661697803, 29.472093314988733]}, "properties": {"id": "sig52pa", "kind": "traffic_light_ped", "road_id": "r17", "s": 106.60081037949695, "t": -18.5, "heading": 2.3588299419207974, "value": null, "controller_id": "ped_j4", "orientation": "+", "validities": [[-6, -6], [1, 1]], "h_offset": -1.5707963267948966, "osm_node_id": 5761275831, "tags": {"junction_id": "j4", "crossing_signal": "sig52", "crossing_end": "right", "node_xy": [-74.16688051856724, -15.859202801367259]}}}, {"type": "Feature", "geometry": {"type": "Point", "coordinates": [-52.75810486285215, -9.903409790197111, 29.472093314988733]}, "properties": {"id": "sig52pb", "kind": "traffic_light_ped", "road_id": "r17", "s": 106.60081037949695, "t": 0.5, "heading": -0.7827627116689957, "value": null, "controller_id": "ped_j4", "orientation": "+", "validities": [[-6, -6], [1, 1]], "h_offset": 1.5707963267948966, "osm_node_id": 5761275831, "tags": {"junction_id": "j4", "crossing_signal": "sig52", "crossing_end": "left", "node_xy": [-74.16688051856724, -15.859202801367259]}}}, {"type": "Feature", "geometry": {"type": "Point", "coordinates": [-96.55570566742492, -10.461350197861616, 30.104261909624036]}, "properties": {"id": "sig53", "kind": "crosswalk", "road_id": "r29", "s": 7.004656368853977, "t": -1.7303530904482856, "heading": 2.360412071657737, "value": null, "controller_id": null, "orientation": "+", "validities": [], "h_offset": 0.0, "osm_node_id": 5761275834, "tags": {"crossing": "unmarked", "crossing:markings": "no", "node_xy": [-96.55570566742492, -10.461350197861611], "width": 4.0}}}, {"type": "Feature", "geometry": {"type": "Point", "coordinates": [-94.95760592413201, -8.849713047469258, 30.104261909624036]}, "properties": {"id": "sig53pa", "kind": "traffic_light_ped", "road_id": "r29", "s": 7.004656368853977, "t": -4.0, "heading": 0.7896157448628403, "value": null, "controller_id": "ped_j4", "orientation": "+", "validities": [[-2, -2], [1, 1]], "h_offset": -1.5707963267948966, "osm_node_id": 5761275834, "tags": {"junction_id": "j4", "crossing_signal": "sig53", "crossing_end": "right", "node_xy": [-96.55570566742492, -10.461350197861611]}}}, {"type": "Feature", "geometry": {"type": "Point", "coordinates": [-98.12613791673101, -12.045085484584622, 30.104261909624036]}, "properties": {"id": "sig53pb", "kind": "traffic_light_ped", "road_id": "r29", "s": 7.004656368853977, "t": 0.5, "heading": -2.351976908726953, "value": null, "controller_id": "ped_j4", "orientation": "+", "validities": [[-2, -2], [1, 1]], "h_offset": 1.5707963267948966, "osm_node_id": 5761275834, "tags": {"junction_id": "j4", "crossing_signal": "sig53", "crossing_end": "left", "node_xy": [-96.55570566742492, -10.461350197861611]}}}, {"type": "Feature", "geometry": {"type": "Point", "coordinates": [-70.39373444704009, -88.6449889323564, 28.515355346388393]}, "properties": {"id": "sig54", "kind": "crosswalk", "road_id": "r7", "s": 2.5, "t": -6.223214498957995, "heading": -0.9906887127924445, "value": null, "controller_id": null, "orientation": "+", "validities": [], "h_offset": 0.0, "osm_node_id": 5761275836, "tags": {"crossing": "unmarked", "crossing:markings": "no", "node_xy": [-89.26341010536973, -59.850490981980506], "width": 4.0, "in_junction": "j4"}}}, {"type": "Feature", "geometry": {"type": "Point", "coordinates": [-68.36694894685968, -87.31679126475615, 28.515355346388393]}, "properties": {"id": "sig54pa", "kind": "traffic_light_ped", "road_id": "r7", "s": 2.5, "t": -3.8, "heading": -2.561485039587341, "value": null, "controller_id": "ped_j4", "orientation": "+", "validities": [[-2, -2], [1, 1]], "h_offset": -1.5707963267948966, "osm_node_id": 5761275836, "tags": {"junction_id": "j4", "crossing_signal": "sig54", "crossing_end": "right", "node_xy": [-89.26341010536973, -59.850490981980506]}}}, {"type": "Feature", "geometry": {"type": "Point", "coordinates": [-64.77041316576259, -84.95990128529417, 28.515355346388393]}, "properties": {"id": "sig54pb", "kind": "traffic_light_ped", "road_id": "r7", "s": 2.5, "t": 0.5, "heading": 0.5801076140024519, "value": null, "controller_id": "ped_j4", "orientation": "+", "validities": [[-2, -2], [1, 1]], "h_offset": 1.5707963267948966, "osm_node_id": 5761275836, "tags": {"junction_id": "j4", "crossing_signal": "sig54", "crossing_end": "left", "node_xy": [-89.26341010536973, -59.850490981980506]}}}, {"type": "Feature", "geometry": {"type": "Point", "coordinates": [-128.37377235916549, -69.48189019073864, 29.441666274034837]}, "properties": {"id": "sig55", "kind": "crosswalk", "road_id": "r55", "s": 2.5, "t": -11.032191755064758, "heading": -2.35366833572367, "value": null, "controller_id": null, "orientation": "+", "validities": [], "h_offset": 0.0, "osm_node_id": 5761281538, "tags": {"crossing": "traffic_signals", "node_xy": [-112.54723786431524, -53.57519247902515], "width": 4.0, "in_junction": "j4"}}}, {"type": "Feature", "geometry": {"type": "Point", "coordinates": [-134.0969660916048, -63.787539001776324, 29.441666274034837]}, "properties": {"id": "sig55pa", "kind": "traffic_light_ped", "road_id": "r55", "s": 2.5, "t": -19.105640953658206, "heading": 2.3587206446610196, "value": null, "controller_id": "ped_j4", "orientation": "+", "validities": [[-6, -6], [1, 1]], "h_offset": -1.5707963267948966, "osm_node_id": 5761281538, "tags": {"junction_id": "j4", "crossing_signal": "sig55", "crossing_end": "right", "node_xy": [-112.54723786431524, -53.57519247902515]}}}, {"type": "Feature", "geometry": {"type": "Point", "coordinates": [-120.19870790401619, -77.61575568198803, 29.441666274034837]}, "properties": {"id": "sig55pb", "kind": "traffic_light_ped", "road_id": "r55", "s": 2.5, "t": 0.5, "heading": -0.7828720089287735, "value": null, "controller_id": "ped_j4", "orientation": "+", "validities": [[-6, -6], [1, 1]], "h_offset": 1.5707963267948966, "osm_node_id": 5761281538, "tags": {"junction_id": "j4", "crossing_signal": "sig55", "crossing_end": "left", "node_xy": [-112.54723786431524, -53.57519247902515]}}}, {"type": "Feature", "geometry": {"type": "Point", "coordinates": [10.780503714112642, 107.32054548758128, 29.758956214131373]}, "properties": {"id": "sig56", "kind": "crosswalk", "road_id": "r16", "s": 84.02658413782014, "t": -5.723806996131085, "heading": -0.7678387256237128, "value": null, "controller_id": null, "orientation": "+", "validities": [], "h_offset": 0.0, "osm_node_id": 5761294809, "tags": {"crossing": "traffic_signals", "crossing:signals": "yes", "node_xy": [10.805365494796536, 107.29653433723428], "width": 4.0}}}, {"type": "Feature", "geometry": {"type": "Point", "coordinates": [-46.70788210010217, 165.30340964855478, 31.54018070822153]}, "properties": {"id": "sig57", "kind": "crosswalk", "road_id": "r16", "s": 2.5, "t": -5.710519911985271, "heading": -0.7896230848536228, "value": null, "controller_id": null, "orientation": "+", "validities": [], "h_offset": 0.0, "osm_node_id": 6762205308, "tags": {"crossing": "traffic_signals", "node_xy": [-46.708578351939906, 165.30411180860807], "width": 4.0}}}, {"type": "Feature", "geometry": {"type": "Point", "coordinates": [-50.463878077185, 161.57901791007694, 31.54018070822153]}, "properties": {"id": "sig57pa", "kind": "traffic_light_ped", "road_id": "r16", "s": 2.5, "t": -11.0, "heading": -2.360419411648519, "value": null, "controller_id": "ped_j5", "orientation": "+", "validities": [[-4, -4], [1, 1]], "h_offset": -1.5707963267948966, "osm_node_id": 6762205308, "tags": {"junction_id": "j5", "crossing_signal": "sig57", "crossing_end": "right", "node_xy": [-46.708578351939906, 165.30411180860807]}}}, {"type": "Feature", "geometry": {"type": "Point", "coordinates": [-42.29786685912135, 169.67631750848992, 31.54018070822153]}, "properties": {"id": "sig57pb", "kind": "traffic_light_ped", "road_id": "r16", "s": 2.5, "t": 0.5, "heading": 0.781173241941274, "value": null, "controller_id": "ped_j5", "orientation": "+", "validities": [[-4, -4], [1, 1]], "h_offset": 1.5707963267948966, "osm_node_id": 6762205308, "tags": {"junction_id": "j5", "crossing_signal": "sig57", "crossing_end": "left", "node_xy": [-46.708578351939906, 165.30411180860807]}}}, {"type": "Feature", "geometry": {"type": "Point", "coordinates": [-81.13996383395842, 164.17158791763944, 32.074173472667624]}, "properties": {"id": "sig58", "kind": "crosswalk", "road_id": "r26", "s": 41.69893875351188, "t": -7.613700642210177, "heading": 0.7812925528113926, "value": null, "controller_id": null, "orientation": "+", "validities": [], "h_offset": 0.0, "osm_node_id": 6762205309, "tags": {"crossing": "traffic_signals", "crossing:markings": "dots", "crossing:signals": "yes", "node_xy": [-81.13996383395843, 164.17158791763944], "width": 4.0}}}, {"type": "Feature", "geometry": {"type": "Point", "coordinates": [-76.29064749422155, 159.28228838884624, 32.074173472667624]}, "properties": {"id": "sig58pa", "kind": "traffic_light_ped", "road_id": "r26", "s": 41.69893875351188, "t": -14.5, "heading": -0.7895037739835038, "value": null, "controller_id": "ped_j5", "orientation": "+", "validities": [[-5, -5], [1, 1]], "h_offset": -1.5707963267948966, "osm_node_id": 6762205309, "tags": {"junction_id": "j5", "crossing_signal": "sig58", "crossing_end": "right", "node_xy": [-81.13996383395843, 164.17158791763944]}}}, {"type": "Feature", "geometry": {"type": "Point", "coordinates": [-86.85361336554537, 169.93234716808536, 32.074173472667624]}, "properties": {"id": "sig58pb", "kind": "traffic_light_ped", "road_id": "r26", "s": 41.69893875351188, "t": 0.5, "heading": 2.3520888796062893, "value": null, "controller_id": "ped_j5", "orientation": "+", "validities": [[-5, -5], [1, 1]], "h_offset": 1.5707963267948966, "osm_node_id": 6762205309, "tags": {"junction_id": "j5", "crossing_signal": "sig58", "crossing_end": "left", "node_xy": [-81.13996383395843, 164.17158791763944]}}}, {"type": "Feature", "geometry": {"type": "Point", "coordinates": [-81.65806562564555, 201.25503995483967, 32.50166532155809]}, "properties": {"id": "sig59", "kind": "crosswalk", "road_id": "r3", "s": 29.208966451841636, "t": -5.03054038244365, "heading": -0.80400173672055, "value": null, "controller_id": null, "orientation": "+", "validities": [], "h_offset": 0.0, "osm_node_id": 6762205310, "tags": {"crossing": "traffic_signals", "node_xy": [-81.65806562564556, 201.25503995483967], "width": 4.0}}}, {"type": "Feature", "geometry": {"type": "Point", "coordinates": [-85.9569025829464, 197.11324699282667, 32.50166532155809]}, "properties": {"id": "sig59pa", "kind": "traffic_light_ped", "road_id": "r3", "s": 29.208966451841636, "t": -11.0, "heading": -2.3747980635154464, "value": null, "controller_id": "ped_j5", "orientation": "+", "validities": [[-4, -4], [1, 1]], "h_offset": -1.5707963267948966, "osm_node_id": 6762205310, "tags": {"junction_id": "j5", "crossing_signal": "sig59", "crossing_end": "right", "node_xy": [-81.65806562564556, 201.25503995483967]}}}, {"type": "Feature", "geometry": {"type": "Point", "coordinates": [-77.67531125371364, 205.09229737840369, 32.50166532155809]}, "properties": {"id": "sig59pb", "kind": "traffic_light_ped", "road_id": "r3", "s": 29.208966451841636, "t": 0.5, "heading": 0.7667945900743467, "value": null, "controller_id": "ped_j5", "orientation": "+", "validities": [[-4, -4], [1, 1]], "h_offset": 1.5707963267948966, "osm_node_id": 6762205310, "tags": {"junction_id": "j5", "crossing_signal": "sig59", "crossing_end": "left", "node_xy": [-81.65806562564556, 201.25503995483967]}}}, {"type": "Feature", "geometry": {"type": "Point", "coordinates": [-43.62233344670269, 201.3657727101043, 32.19492401858211]}, "properties": {"id": "sig60", "kind": "crosswalk", "road_id": "r4", "s": 4.477484940450722, "t": -7.73857503009779, "heading": 0.7813415286222156, "value": null, "controller_id": null, "orientation": "+", "validities": [], "h_offset": 0.0, "osm_node_id": 6762205311, "tags": {"crossing": "traffic_signals", "crossing:markings": "dots", "crossing:signals": "yes", "node_xy": [-43.62233344670265, 201.36577271010432], "width": 4.0}}}, {"type": "Feature", "geometry": {"type": "Point", "coordinates": [-38.86071825735743, 196.5653676842535, 32.19492401858211]}, "properties": {"id": "sig60pa", "kind": "traffic_light_ped", "road_id": "r4", "s": 4.477484940450722, "t": -14.5, "heading": -0.7894547981726809, "value": null, "controller_id": "ped_j5", "orientation": "+", "validities": [[-5, -5], [1, 1]], "h_offset": -1.5707963267948966, "osm_node_id": 6762205311, "tags": {"junction_id": "j5", "crossing_signal": "sig60", "crossing_end": "right", "node_xy": [-43.62233344670265, 201.36577271010432]}}}, {"type": "Feature", "geometry": {"type": "Point", "coordinates": [-49.424205711276755, 207.21490912090178, 32.19492401858211]}, "properties": {"id": "sig60pb", "kind": "traffic_light_ped", "road_id": "r4", "s": 4.477484940450722, "t": 0.5, "heading": 2.352137855417112, "value": null, "controller_id": "ped_j5", "orientation": "+", "validities": [[-5, -5], [1, 1]], "h_offset": 1.5707963267948966, "osm_node_id": 6762205311, "tags": {"junction_id": "j5", "crossing_signal": "sig60", "crossing_end": "left", "node_xy": [-43.62233344670265, 201.36577271010432]}}}, {"type": "Feature", "geometry": {"type": "Point", "coordinates": [-209.1085169095589, 63.030422478225276, 32.410016498279]}, "properties": {"id": "sig61", "kind": "crosswalk", "road_id": "r24", "s": 61.15102913456623, "t": -1.6419063272099756, "heading": -0.8185281742498443, "value": null, "controller_id": null, "orientation": "+", "validities": [], "h_offset": 0.0, "osm_node_id": 6762205312, "tags": {"crossing": "unmarked", "crossing:markings": "no", "node_xy": [-209.10851690955886, 63.03042247822526], "width": 4.0}}}, {"type": "Feature", "geometry": {"type": "Point", "coordinates": [-210.68422942526763, 61.555804436705685, 32.410016498279]}, "properties": {"id": "sig61pa", "kind": "traffic_light_ped", "road_id": "r24", "s": 61.15102913456623, "t": -3.8, "heading": -2.389324501044741, "value": null, "controller_id": "ped_j2", "orientation": "+", "validities": [[-2, -2], [1, 1]], "h_offset": -1.5707963267948966, "osm_node_id": 6762205312, "tags": {"junction_id": "j2", "crossing_signal": "sig61", "crossing_end": "right", "node_xy": [-209.10851690955886, 63.03042247822526]}}}, {"type": "Feature", "geometry": {"type": "Point", "coordinates": [-207.54462343736438, 64.49397976175386, 32.410016498279]}, "properties": {"id": "sig61pb", "kind": "traffic_light_ped", "road_id": "r24", "s": 61.15102913456623, "t": 0.5, "heading": 0.7522681525450521, "value": null, "controller_id": "ped_j2", "orientation": "+", "validities": [[-2, -2], [1, 1]], "h_offset": 1.5707963267948966, "osm_node_id": 6762205312, "tags": {"junction_id": "j2", "crossing_signal": "sig61", "crossing_end": "left", "node_xy": [-209.10851690955886, 63.03042247822526]}}}, {"type": "Feature", "geometry": {"type": "Point", "coordinates": [-187.4807378178834, 39.767663088738225, 31.807704180344796]}, "properties": {"id": "sig62", "kind": "crosswalk", "road_id": "r28", "s": 2.5, "t": -1.6499130078205984, "heading": -0.8184667754359795, "value": null, "controller_id": null, "orientation": "+", "validities": [], "h_offset": 0.0, "osm_node_id": 6762205313, "tags": {"crossing": "unmarked", "crossing:markings": "no", "node_xy": [-189.43013838081012, 41.85045115797086], "width": 4.0}}}, {"type": "Feature", "geometry": {"type": "Point", "coordinates": [-189.050514121537, 38.298419599582424, 31.807704180344796]}, "properties": {"id": "sig62pa", "kind": "traffic_light_ped", "road_id": "r28", "s": 2.5, "t": -3.8, "heading": -2.389263102230876, "value": null, "controller_id": "ped_j2", "orientation": "+", "validities": [[-2, -2], [1, 1]], "h_offset": -1.5707963267948966, "osm_node_id": 6762205313, "tags": {"junction_id": "j2", "crossing_signal": "sig62", "crossing_end": "right", "node_xy": [-189.43013838081012, 41.85045115797086]}}}, {"type": "Feature", "geometry": {"type": "Point", "coordinates": [-185.9110885400314, 41.23678768717596, 31.807704180344796]}, "properties": {"id": "sig62pb", "kind": "traffic_light_ped", "road_id": "r28", "s": 2.5, "t": 0.5, "heading": 0.7523295513589172, "value": null, "controller_id": "ped_j2", "orientation": "+", "validities": [[-2, -2], [1, 1]], "h_offset": 1.5707963267948966, "osm_node_id": 6762205313, "tags": {"junction_id": "j2", "crossing_signal": "sig62", "crossing_end": "left", "node_xy": [-189.43013838081012, 41.85045115797086]}}}, {"type": "Feature", "geometry": {"type": "Point", "coordinates": [-162.28683030753396, 65.253766048559, 31.82534910264817]}, "properties": {"id": "sig63", "kind": "crosswalk", "road_id": "r29", "s": 107.77776373895796, "t": -1.7499383328614608, "heading": 2.320404597629922, "value": null, "controller_id": null, "orientation": "+", "validities": [], "h_offset": 0.0, "osm_node_id": 6762205314, "tags": {"crossing": "unmarked", "crossing:markings": "no", "node_xy": [-164.11366861963097, 67.21628291114708], "width": 4.0}}}, {"type": "Feature", "geometry": {"type": "Point", "coordinates": [-160.6398845512653, 66.7868502542812, 31.82534910264817]}, "properties": {"id": "sig63pa", "kind": "traffic_light_ped", "road_id": "r29", "s": 107.77776373895796, "t": -4.0, "heading": 0.7496082708350253, "value": null, "controller_id": "ped_j2", "orientation": "+", "validities": [[-2, -2], [1, 1]], "h_offset": -1.5707963267948966, "osm_node_id": 6762205314, "tags": {"junction_id": "j2", "crossing_signal": "sig63", "crossing_end": "right", "node_xy": [-164.11366861963097, 67.21628291114708]}}}, {"type": "Feature", "geometry": {"type": "Point", "coordinates": [-163.93368578855944, 63.72076587690349, 31.82534910264817]}, "properties": {"id": "sig63pb", "kind": "traffic_light_ped", "road_id": "r29", "s": 107.77776373895796, "t": 0.5, "heading": -2.3919843827547673, "value": null, "controller_id": "ped_j2", "orientation": "+", "validities": [[-2, -2], [1, 1]], "h_offset": 1.5707963267948966, "osm_node_id": 6762205314, "tags": {"junction_id": "j2", "crossing_signal": "sig63", "crossing_end": "left", "node_xy": [-164.11366861963097, 67.21628291114708]}}}, {"type": "Feature", "geometry": {"type": "Point", "coordinates": [-181.8434578255101, 86.15269451885692, 32.36563677297786]}, "properties": {"id": "sig64", "kind": "crosswalk", "road_id": "r27", "s": 3.091224528321259, "t": -1.7589320713733616, "heading": 2.32191486218692, "value": null, "controller_id": null, "orientation": "+", "validities": [], "h_offset": 0.0, "osm_node_id": 6762205315, "tags": {"crossing": "unmarked", "crossing:markings": "no", "node_xy": [-181.8434578255101, 86.15269451885692], "width": 4.0}}}, {"type": "Feature", "geometry": {"type": "Point", "coordinates": [-180.20540306644202, 87.68212646144652, 32.36563677297786]}, "properties": {"id": "sig64pa", "kind": "traffic_light_ped", "road_id": "r27", "s": 3.091224528321259, "t": -4.0, "heading": 0.7511185353920236, "value": null, "controller_id": "ped_j2", "orientation": "+", "validities": [[-2, -2], [1, 1]], "h_offset": -1.5707963267948966, "osm_node_id": 6762205315, "tags": {"junction_id": "j2", "crossing_signal": "sig64", "crossing_end": "right", "node_xy": [-181.8434578255101, 86.15269451885692]}}}, {"type": "Feature", "geometry": {"type": "Point", "coordinates": [-183.49456995051924, 84.61107107140715, 32.36563677297786]}, "properties": {"id": "sig64pb", "kind": "traffic_light_ped", "road_id": "r27", "s": 3.091224528321259, "t": 0.5, "heading": -2.390474118197769, "value": null, "controller_id": "ped_j2", "orientation": "+", "validities": [[-2, -2], [1, 1]], "h_offset": 1.5707963267948966, "osm_node_id": 6762205315, "tags": {"junction_id": "j2", "crossing_signal": "sig64", "crossing_end": "left", "node_xy": [-181.8434578255101, 86.15269451885692]}}}, {"type": "Feature", "geometry": {"type": "Point", "coordinates": [-216.88791208938545, 28.0435603801004, 32.14275599197779]}, "properties": {"id": "sig65", "kind": "crosswalk", "road_id": "r5", "s": 48.04103497407076, "t": -6.164765639321088, "heading": 0.8025206663338115, "value": null, "controller_id": null, "orientation": "+", "validities": [], "h_offset": 0.0, "osm_node_id": 6762205316, "tags": {"crossing": "traffic_signals", "crossing:signals": "yes", "node_xy": [-202.56895107635793, 42.86146624295439], "width": 4.0, "in_junction": "j2"}}}, {"type": "Feature", "geometry": {"type": "Point", "coordinates": [-213.41084682802685, 24.683573997547132, 32.14275599197779]}, "properties": {"id": "sig65pa", "kind": "traffic_light_ped", "road_id": "r5", "s": 48.04103497407076, "t": -11.0, "heading": -0.768275660461085, "value": null, "controller_id": "ped_j2", "orientation": "+", "validities": [[-4, -4], [1, 1]], "h_offset": -1.5707963267948966, "osm_node_id": 6762205316, "tags": {"junction_id": "j2", "crossing_signal": "sig65", "crossing_end": "right", "node_xy": [-202.56895107635793, 42.86146624295439]}}}, {"type": "Feature", "geometry": {"type": "Point", "coordinates": [-221.6806115432183, 32.67488124701356, 32.14275599197779]}, "properties": {"id": "sig65pb", "kind": "traffic_light_ped", "road_id": "r5", "s": 48.04103497407076, "t": 0.5, "heading": 2.373316993128708, "value": null, "controller_id": "ped_j2", "orientation": "+", "validities": [[-4, -4], [1, 1]], "h_offset": 1.5707963267948966, "osm_node_id": 6762205316, "tags": {"junction_id": "j2", "crossing_signal": "sig65", "crossing_end": "left", "node_xy": [-202.56895107635793, 42.86146624295439]}}}, {"type": "Feature", "geometry": {"type": "Point", "coordinates": [-195.0076036509436, 75.18015898521794, 32.44653738588845]}, "properties": {"id": "sig66", "kind": "crosswalk", "road_id": "r59", "s": 81.67410073683438, "t": 3.500046354364258, "heading": -0.8199200147669901, "value": null, "controller_id": null, "orientation": "+", "validities": [], "h_offset": 0.0, "osm_node_id": 6762205317, "tags": {"crossing": "traffic_signals", "crossing:island": "no", "crossing:markings": "dots", "crossing:signals": "yes", "node_xy": [-195.00760365094357, 75.18015898521791], "width": 4.0}}}, {"type": "Feature", "geometry": {"type": "Point", "coordinates": [-203.04964139763928, 67.67505081285401, 32.44653738588845]}, "properties": {"id": "sig66pa", "kind": "traffic_light_ped", "road_id": "r59", "s": 81.67410073683438, "t": -7.5, "heading": -2.3907163415618866, "value": null, "controller_id": "ped_j2", "orientation": "+", "validities": [[-3, -3], [5, 5]], "h_offset": -1.5707963267948966, "osm_node_id": 6762205317, "tags": {"junction_id": "j2", "crossing_signal": "sig66", "crossing_end": "right", "node_xy": [-195.00760365094357, 75.18015898521791]}}}, {"type": "Feature", "geometry": {"type": "Point", "coordinates": [-186.96563368278902, 82.6852039042997, 32.44653738588845]}, "properties": {"id": "sig66pb", "kind": "traffic_light_ped", "road_id": "r59", "s": 81.67410073683438, "t": 14.5, "heading": 0.7508763120279065, "value": null, "controller_id": "ped_j2", "orientation": "+", "validities": [[-3, -3], [5, 5]], "h_offset": 1.5707963267948966, "osm_node_id": 6762205317, "tags": {"junction_id": "j2", "crossing_signal": "sig66", "crossing_end": "left", "node_xy": [-195.00760365094357, 75.18015898521791]}}}, {"type": "Feature", "geometry": {"type": "Point", "coordinates": [-151.0345749324896, 94.84854538622176, 32.22251036841535]}, "properties": {"id": "sig67", "kind": "crosswalk", "road_id": "r25", "s": 2.5, "t": -7.250106431205394, "heading": 0.7812734230364408, "value": null, "controller_id": null, "orientation": "+", "validities": [], "h_offset": 0.0, "osm_node_id": 6762205318, "tags": {"crossing": "traffic_signals", "crossing:markings": "dots", "crossing:signals": "yes", "node_xy": [-163.9126125380271, 82.07630910069064], "width": 4.0, "in_junction": "j2"}}}, {"type": "Feature", "geometry": {"type": "Point", "coordinates": [-145.9293148471777, 89.70099487941071, 32.22251036841535]}, "properties": {"id": "sig67pa", "kind": "traffic_light_ped", "road_id": "r25", "s": 2.5, "t": -14.5, "heading": -0.7895229037584559, "value": null, "controller_id": "ped_j2", "orientation": "+", "validities": [[-5, -5], [1, 1]], "h_offset": -1.5707963267948966, "osm_node_id": 6762205318, "tags": {"junction_id": "j2", "crossing_signal": "sig67", "crossing_end": "right", "node_xy": [-163.9126125380271, 82.07630910069064]}}}, {"type": "Feature", "geometry": {"type": "Point", "coordinates": [-156.49207698334112, 100.35125572386107, 32.22251036841535]}, "properties": {"id": "sig67pb", "kind": "traffic_light_ped", "road_id": "r25", "s": 2.5, "t": 0.5, "heading": 2.3520697498313368, "value": null, "controller_id": "ped_j2", "orientation": "+", "validities": [[-5, -5], [1, 1]], "h_offset": 1.5707963267948966, "osm_node_id": 6762205318, "tags": {"junction_id": "j2", "crossing_signal": "sig67", "crossing_end": "left", "node_xy": [-163.9126125380271, 82.07630910069064]}}}, {"type": "Feature", "geometry": {"type": "Point", "coordinates": [-174.33255256045558, 52.75457524451255, 31.82830810739313]}, "properties": {"id": "sig68", "kind": "crosswalk", "road_id": "r15", "s": 2.5, "t": 3.4998953001533426, "heading": -0.8289562830157239, "value": null, "controller_id": null, "orientation": "+", "validities": [], "h_offset": 0.0, "osm_node_id": 6762205319, "tags": {"crossing": "traffic_signals", "crossing:island": "no", "crossing:markings": "dots", "crossing:signals": "yes", "node_xy": [-176.34952206001708, 54.95537930786433], "width": 4.0}}}, {"type": "Feature", "geometry": {"type": "Point", "coordinates": [-182.44196786309695, 45.32254456214709, 31.82830810739313]}, "properties": {"id": "sig68pa", "kind": "traffic_light_ped", "road_id": "r15", "s": 2.5, "t": -7.5, "heading": -2.3997526098106206, "value": null, "controller_id": "ped_j2", "orientation": "+", "validities": [[-3, -3], [5, 5]], "h_offset": -1.5707963267948966, "osm_node_id": 6762205319, "tags": {"junction_id": "j2", "crossing_signal": "sig68", "crossing_end": "right", "node_xy": [-176.34952206001708, 54.95537930786433]}}}, {"type": "Feature", "geometry": {"type": "Point", "coordinates": [-166.2229828827924, 60.18674740685607, 31.82830810739313]}, "properties": {"id": "sig68pb", "kind": "traffic_light_ped", "road_id": "r15", "s": 2.5, "t": 14.5, "heading": 0.7418400437791726, "value": null, "controller_id": "ped_j2", "orientation": "+", "validities": [[-3, -3], [5, 5]], "h_offset": 1.5707963267948966, "osm_node_id": 6762205319, "tags": {"junction_id": "j2", "crossing_signal": "sig68", "crossing_end": "left", "node_xy": [-176.34952206001708, 54.95537930786433]}}}, {"type": "Feature", "geometry": {"type": "Point", "coordinates": [238.13005216328747, 71.37100590963804, 26.162491888804098]}, "properties": {"id": "sig69", "kind": "crosswalk", "road_id": "r58", "s": 18.157070837502527, "t": -6.503778220504155, "heading": 2.3552890021071047, "value": null, "controller_id": null, "orientation": "+", "validities": [], "h_offset": 0.0, "osm_node_id": 6900682070, "tags": {"crossing": "traffic_signals", "crossing:signals": "yes", "node_xy": [238.1290224961717, 71.37203766466412], "width": 4.0}}}, {"type": "Feature", "geometry": {"type": "Point", "coordinates": [241.5966753535118, 74.83135680564628, 26.162491888804098]}, "properties": {"id": "sig69pa", "kind": "traffic_light_ped", "road_id": "r58", "s": 18.157070837502527, "t": -11.401890577984936, "heading": 0.7844926753122081, "value": null, "controller_id": "ped_j16", "orientation": "+", "validities": [[-4, -4], [1, 1]], "h_offset": -1.5707963267948966, "osm_node_id": 6900682070, "tags": {"junction_id": "j16", "crossing_signal": "sig69", "crossing_end": "right", "node_xy": [238.1290224961717, 71.37203766466412]}}}, {"type": "Feature", "geometry": {"type": "Point", "coordinates": [233.17315076405637, 66.42307322210995, 26.162491888804098]}, "properties": {"id": "sig69pb", "kind": "traffic_light_ped", "road_id": "r58", "s": 18.157070837502527, "t": 0.5, "heading": -2.357099978277585, "value": null, "controller_id": "ped_j16", "orientation": "+", "validities": [[-4, -4], [1, 1]], "h_offset": 1.5707963267948966, "osm_node_id": 6900682070, "tags": {"junction_id": "j16", "crossing_signal": "sig69", "crossing_end": "left", "node_xy": [238.1290224961717, 71.37203766466412]}}}, {"type": "Feature", "geometry": {"type": "Point", "coordinates": [202.82863164690167, 106.48935713044568, 27.26070711748656]}, "properties": {"id": "sig70", "kind": "crosswalk", "road_id": "r22", "s": 2.5, "t": -5.943111720439527, "heading": 2.354888117775592, "value": null, "controller_id": null, "orientation": "+", "validities": [], "h_offset": 0.0, "osm_node_id": 6900682073, "tags": {"crossing": "traffic_signals", "crossing:signals": "yes", "node_xy": [202.8515249306556, 106.4664039541068], "width": 4.0}}}, {"type": "Feature", "geometry": {"type": "Point", "coordinates": [206.40905986276684, 110.06044280051754, 27.26070711748656]}, "properties": {"id": "sig70pa", "kind": "traffic_light_ped", "road_id": "r22", "s": 2.5, "t": -11.0, "heading": 0.7840917909806953, "value": null, "controller_id": "ped_j14", "orientation": "+", "validities": [[-4, -4], [1, 1]], "h_offset": -1.5707963267948966, "osm_node_id": 6900682073, "tags": {"junction_id": "j14", "crossing_signal": "sig70", "crossing_end": "right", "node_xy": [202.8515249306556, 106.4664039541068]}}}, {"type": "Feature", "geometry": {"type": "Point", "coordinates": [198.2667157558434, 101.9393448178277, 27.26070711748656]}, "properties": {"id": "sig70pb", "kind": "traffic_light_ped", "road_id": "r22", "s": 2.5, "t": 0.5, "heading": -2.357500862609098, "value": null, "controller_id": "ped_j14", "orientation": "+", "validities": [[-4, -4], [1, 1]], "h_offset": 1.5707963267948966, "osm_node_id": 6900682073, "tags": {"junction_id": "j14", "crossing_signal": "sig70", "crossing_end": "left", "node_xy": [202.8515249306556, 106.4664039541068]}}}, {"type": "Feature", "geometry": {"type": "Point", "coordinates": [104.67625256716667, 12.783934996844607, 27.13918981097355]}, "properties": {"id": "sig71", "kind": "crosswalk", "road_id": "r20", "s": 79.40644654928683, "t": -7.7718432736807515, "heading": -0.7527083383420559, "value": null, "controller_id": null, "orientation": "+", "validities": [], "h_offset": 0.0, "osm_node_id": 6900682074, "tags": {"crossing": "traffic_signals", "node_xy": [104.67625256716666, 12.783934996844618], "width": 4.0}}}, {"type": "Feature", "geometry": {"type": "Point", "coordinates": [102.05946971301941, 9.990220915567566, 27.13918981097355]}, "properties": {"id": "sig71pa", "kind": "traffic_light_ped", "road_id": "r20", "s": 79.40644654928683, "t": -11.599687428513171, "heading": -2.3235046651369524, "value": null, "controller_id": "ped_j9", "orientation": "+", "validities": [[-4, -4], [1, 1]], "h_offset": -1.5707963267948966, "osm_node_id": 6900682074, "tags": {"junction_id": "j9", "crossing_signal": "sig71", "crossing_end": "right", "node_xy": [104.67625256716666, 12.783934996844618]}}}, {"type": "Feature", "geometry": {"type": "Point", "coordinates": [110.33103284954439, 18.821057747159504, 27.13918981097355]}, "properties": {"id": "sig71pb", "kind": "traffic_light_ped", "road_id": "r20", "s": 79.40644654928683, "t": 0.5, "heading": 0.8180879884528407, "value": null, "controller_id": "ped_j9", "orientation": "+", "validities": [[-4, -4], [1, 1]], "h_offset": 1.5707963267948966, "osm_node_id": 6900682074, "tags": {"junction_id": "j9", "crossing_signal": "sig71", "crossing_end": "left", "node_xy": [104.67625256716666, 12.783934996844618]}}}, {"type": "Feature", "geometry": {"type": "Point", "coordinates": [139.8424519766396, -22.172476828597407, 26.31729977563078]}, "properties": {"id": "sig72", "kind": "crosswalk", "road_id": "r10", "s": 2.5, "t": -5.949715582507576, "heading": -0.7971554171814468, "value": null, "controller_id": null, "orientation": "+", "validities": [], "h_offset": 0.0, "osm_node_id": 6900682077, "tags": {"crossing": "traffic_signals", "node_xy": [139.8366397958779, -22.166526344830917], "width": 4.0}}}, {"type": "Feature", "geometry": {"type": "Point", "coordinates": [136.02893785376872, -25.89735606351027, 26.31729977563078]}, "properties": {"id": "sig72pa", "kind": "traffic_light_ped", "road_id": "r10", "s": 2.5, "t": -11.280533088296039, "heading": -2.3679517439763433, "value": null, "controller_id": "ped_j11", "orientation": "+", "validities": [[-4, -4], [1, 1]], "h_offset": -1.5707963267948966, "osm_node_id": 6900682077, "tags": {"junction_id": "j11", "crossing_signal": "sig72", "crossing_end": "right", "node_xy": [139.8366397958779, -22.166526344830917]}}}, {"type": "Feature", "geometry": {"type": "Point", "coordinates": [144.45639372866646, -17.66577375382707, 26.31729977563078]}, "properties": {"id": "sig72pb", "kind": "traffic_light_ped", "road_id": "r10", "s": 2.5, "t": 0.5, "heading": 0.7736409096134498, "value": null, "controller_id": "ped_j11", "orientation": "+", "validities": [[-4, -4], [1, 1]], "h_offset": 1.5707963267948966, "osm_node_id": 6900682077, "tags": {"junction_id": "j11", "crossing_signal": "sig72", "crossing_end": "left", "node_xy": [139.8366397958779, -22.166526344830917]}}}, {"type": "Feature", "geometry": {"type": "Point", "coordinates": [7.552725165828587, -143.93613388255204, 26.869779215634622]}, "properties": {"id": "sig73", "kind": "crosswalk", "road_id": "r30", "s": 2.5, "t": 3.5016849081449006, "heading": -0.8214706915312379, "value": null, "controller_id": null, "orientation": "+", "validities": [], "h_offset": 0.0, "osm_node_id": 6900682083, "tags": {"crossing": "traffic_signals", "crossing:island": "no", "node_xy": [7.552309052759875, -143.9356866115204], "width": 4.0}}}, {"type": "Feature", "geometry": {"type": "Point", "coordinates": [-0.5021405686141698, -151.4298785284686, 26.869779215634622]}, "properties": {"id": "sig73pa", "kind": "traffic_light_ped", "road_id": "r30", "s": 2.5, "t": -7.5, "heading": -2.3922670183261343, "value": null, "controller_id": "ped_j6", "orientation": "+", "validities": [[-3, -3], [5, 5]], "h_offset": -1.5707963267948966, "osm_node_id": 6900682083, "tags": {"junction_id": "j6", "crossing_signal": "sig73", "crossing_end": "right", "node_xy": [7.552309052759875, -143.9356866115204]}}}, {"type": "Feature", "geometry": {"type": "Point", "coordinates": [15.605123694748672, -136.4446845707584, 26.869779215634622]}, "properties": {"id": "sig73pb", "kind": "traffic_light_ped", "road_id": "r30", "s": 2.5, "t": 14.5, "heading": 0.7493256352636588, "value": null, "controller_id": "ped_j6", "orientation": "+", "validities": [[-3, -3], [5, 5]], "h_offset": 1.5707963267948966, "osm_node_id": 6900682083, "tags": {"junction_id": "j6", "crossing_signal": "sig73", "crossing_end": "left", "node_xy": [7.552309052759875, -143.9356866115204]}}}, {"type": "Feature", "geometry": {"type": "Point", "coordinates": [20.022371319589574, -133.284867149539, 26.82885102472522]}, "properties": {"id": "sig74", "kind": "crosswalk", "road_id": "r34", "s": 113.52822150814674, "t": 0.135075541486339, "heading": 2.301113655629068, "value": null, "controller_id": null, "orientation": "+", "validities": [], "h_offset": 0.0, "osm_node_id": 6900682084, "tags": {"crossing": "unmarked", "crossing:markings": "no", "node_xy": [20.022371319589574, -133.284867149539], "width": 4.0}}}, {"type": "Feature", "geometry": {"type": "Point", "coordinates": [23.177344832395196, -130.4596225626774, 26.82885102472522]}, "properties": {"id": "sig74pa", "kind": "traffic_light_ped", "road_id": "r34", "s": 113.52822150814674, "t": -4.1, "heading": 0.7303173288341713, "value": null, "controller_id": "ped_j6", "orientation": "+", "validities": [[-2, -2], [1, 1]], "h_offset": -1.5707963267948966, "osm_node_id": 6900682084, "tags": {"junction_id": "j6", "crossing_signal": "sig74", "crossing_end": "right", "node_xy": [20.022371319589574, -133.284867149539]}}}, {"type": "Feature", "geometry": {"type": "Point", "coordinates": [19.750516192211737, -133.52831046971818, 26.82885102472522]}, "properties": {"id": "sig74pb", "kind": "traffic_light_ped", "road_id": "r34", "s": 113.52822150814674, "t": 0.5, "heading": -2.4112753247556213, "value": null, "controller_id": "ped_j6", "orientation": "+", "validities": [[-2, -2], [1, 1]], "h_offset": 1.5707963267948966, "osm_node_id": 6900682084, "tags": {"junction_id": "j6", "crossing_signal": "sig74", "crossing_end": "left", "node_xy": [20.022371319589574, -133.284867149539]}}}, {"type": "Feature", "geometry": {"type": "Point", "coordinates": [21.340854528776383, -131.89158376260758, 26.830824517087766]}, "properties": {"id": "sig75", "kind": "crosswalk", "road_id": "r34", "s": 113.69474572886615, "t": -1.7766318181471061, "heading": 2.296527349974363, "value": null, "controller_id": null, "orientation": "+", "validities": [], "h_offset": 0.0, "osm_node_id": 6900704485, "tags": {"crossing": "unmarked", "crossing:markings": "no", "node_xy": [21.33544668919675, -131.88548876603184], "width": 4.0}}}, {"type": "Feature", "geometry": {"type": "Point", "coordinates": [2.22013755354932, -110.87728944574734, 27.13930474395973]}, "properties": {"id": "sig76", "kind": "crosswalk", "road_id": "r31", "s": 2.5, "t": -1.7783203582771243, "heading": 2.3243043057019412, "value": null, "controller_id": null, "orientation": "+", "validities": [], "h_offset": 0.0, "osm_node_id": 6900704486, "tags": {"crossing": "unmarked", "crossing:markings": "no", "node_xy": [2.6846958066148563, -111.37246413904629], "width": 4.0}}}, {"type": "Feature", "geometry": {"type": "Point", "coordinates": [3.840393402925316, -109.35721332495314, 27.13930474395973]}, "properties": {"id": "sig76pa", "kind": "traffic_light_ped", "road_id": "r31", "s": 2.5, "t": -4.0, "heading": 0.7535079789070447, "value": null, "controller_id": "ped_j6", "orientation": "+", "validities": [[-2, -2], [1, 1]], "h_offset": -1.5707963267948966, "osm_node_id": 6900704486, "tags": {"junction_id": "j6", "crossing_signal": "sig76", "crossing_end": "right", "node_xy": [2.6846958066148563, -111.37246413904629]}}}, {"type": "Feature", "geometry": {"type": "Point", "coordinates": [0.5585740148978797, -112.43611921899524, 27.13930474395973]}, "properties": {"id": "sig76pb", "kind": "traffic_light_ped", "road_id": "r31", "s": 2.5, "t": 0.5, "heading": -2.388084674682748, "value": null, "controller_id": "ped_j6", "orientation": "+", "validities": [[-2, -2], [1, 1]], "h_offset": 1.5707963267948966, "osm_node_id": 6900704486, "tags": {"junction_id": "j6", "crossing_signal": "sig76", "crossing_end": "left", "node_xy": [2.6846958066148563, -111.37246413904629]}}}, {"type": "Feature", "geometry": {"type": "Point", "coordinates": [-10.95714816020472, -124.07021238739583, 27.19376343384225]}, "properties": {"id": "sig77", "kind": "crosswalk", "road_id": "r6", "s": 67.68628556125904, "t": 3.5005853928357125, "heading": -0.8207442904350292, "value": null, "controller_id": null, "orientation": "+", "validities": [], "h_offset": 0.0, "osm_node_id": 6900704487, "tags": {"crossing": "traffic_signals", "crossing:island": "no", "node_xy": [-10.546440964048621, -124.5110302365936], "width": 4.0}}}, {"type": "Feature", "geometry": {"type": "Point", "coordinates": [-19.005763841579395, -131.56905660491364, 27.19376343384225]}, "properties": {"id": "sig77pa", "kind": "traffic_light_ped", "road_id": "r6", "s": 67.68628556125904, "t": -7.5, "heading": -2.391540617229926, "value": null, "controller_id": "ped_j6", "orientation": "+", "validities": [[-3, -3], [5, 5]], "h_offset": -1.5707963267948966, "osm_node_id": 6900704487, "tags": {"junction_id": "j6", "crossing_signal": "sig77", "crossing_end": "right", "node_xy": [-10.546440964048621, -124.5110302365936]}}}, {"type": "Feature", "geometry": {"type": "Point", "coordinates": [-2.9093890881447386, -116.57216626734727, 27.19376343384225]}, "properties": {"id": "sig77pb", "kind": "traffic_light_ped", "road_id": "r6", "s": 67.68628556125904, "t": 14.5, "heading": 0.7500520363598673, "value": null, "controller_id": "ped_j6", "orientation": "+", "validities": [[-3, -3], [5, 5]], "h_offset": 1.5707963267948966, "osm_node_id": 6900704487, "tags": {"junction_id": "j6", "crossing_signal": "sig77", "crossing_end": "left", "node_xy": [-10.546440964048621, -124.5110302365936]}}}, {"type": "Feature", "geometry": {"type": "Point", "coordinates": [-22.961667662194497, -135.8129526205308, 27.19628828319775]}, "properties": {"id": "sig78", "kind": "crosswalk", "road_id": "r7", "s": 68.47185946636843, "t": -1.6261923729022212, "heading": -0.8026997673743519, "value": null, "controller_id": null, "orientation": "+", "validities": [], "h_offset": 0.0, "osm_node_id": 6900704488, "tags": {"crossing": "unmarked", "crossing:markings": "no", "node_xy": [-22.313997601013238, -136.48343104062312], "width": 4.0}}}, {"type": "Feature", "geometry": {"type": "Point", "coordinates": [-24.525144930816353, -137.3232434634254, 27.19628828319775]}, "properties": {"id": "sig78pa", "kind": "traffic_light_ped", "road_id": "r7", "s": 68.47185946636843, "t": -3.8, "heading": -2.3734960941692487, "value": null, "controller_id": "ped_j6", "orientation": "+", "validities": [[-2, -2], [1, 1]], "h_offset": -1.5707963267948966, "osm_node_id": 6900704488, "tags": {"junction_id": "j6", "crossing_signal": "sig78", "crossing_end": "right", "node_xy": [-22.313997601013238, -136.48343104062312]}}}, {"type": "Feature", "geometry": {"type": "Point", "coordinates": [-21.432436923323667, -134.33574330771148, 27.19628828319775]}, "properties": {"id": "sig78pb", "kind": "traffic_light_ped", "road_id": "r7", "s": 68.47185946636843, "t": 0.5, "heading": 0.7680965594205444, "value": null, "controller_id": "ped_j6", "orientation": "+", "validities": [[-2, -2], [1, 1]], "h_offset": 1.5707963267948966, "osm_node_id": 6900704488, "tags": {"junction_id": "j6", "crossing_signal": "sig78", "crossing_end": "left", "node_xy": [-22.313997601013238, -136.48343104062312]}}}, {"type": "Feature", "geometry": {"type": "Point", "coordinates": [234.8387508047798, -79.20525359912449, 24.24132259559078]}, "properties": {"id": "sig79", "kind": "crosswalk", "road_id": "r12", "s": 18.302138101035148, "t": -5.433187881367569, "heading": -2.3515841314508203, "value": null, "controller_id": null, "orientation": "+", "validities": [], "h_offset": 0.0, "osm_node_id": 6985354121, "tags": {"crossing": "traffic_signals", "node_xy": [234.83875080477983, -79.20525359912448], "width": 4.0}}}, {"type": "Feature", "geometry": {"type": "Point", "coordinates": [239.75774939095623, -117.28807580230257, 23.812650822847278]}, "properties": {"id": "sig80", "kind": "crosswalk", "road_id": "r21", "s": 2.928435327525915, "t": -2.779941918501486, "heading": -0.7897695996460938, "value": null, "controller_id": null, "orientation": "+", "validities": [], "h_offset": 0.0, "osm_node_id": 7511926386, "tags": {"crossing": "traffic_signals", "crossing:markings": "dots", "crossing:signals": "yes", "node_xy": [239.75774939095623, -117.28807580230259], "width": 4.0}}}, {"type": "Feature", "geometry": {"type": "Point", "coordinates": [200.2723176941042, -76.21873719945843, 24.602150535566686]}, "properties": {"id": "sig81", "kind": "crosswalk", "road_id": "r11", "s": 26.17296668310262, "t": -1.0559138688216474, "heading": -0.7897596140810539, "value": null, "controller_id": null, "orientation": "+", "validities": [], "h_offset": 0.0, "osm_node_id": 7511926389, "tags": {"crossing": "traffic_signals", "node_xy": [200.2723176941042, -76.21873719945843], "width": 4.0}}}, {"type": "Feature", "geometry": {"type": "Point", "coordinates": [-45.02886646984808, 199.97576373259471, 32.1975762128423]}, "properties": {"id": "sig82", "kind": "crosswalk", "road_id": "r4", "s": 2.5, "t": -7.734912647416554, "heading": 0.7813415286222358, "value": null, "controller_id": null, "orientation": "+", "validities": [], "h_offset": 0.0, "osm_node_id": 7511926405, "tags": {"crossing": "traffic_signals", "node_xy": [-60.164834583771814, 184.96210232515315], "width": 4.0, "in_junction": "j5"}}}, {"type": "Feature", "geometry": {"type": "Point", "coordinates": [-40.264672111602415, 195.17275852700263, 32.1975762128423]}, "properties": {"id": "sig82pa", "kind": "traffic_light_ped", "road_id": "r4", "s": 2.5, "t": -14.5, "heading": -0.7894547981726605, "value": null, "controller_id": "ped_j5", "orientation": "+", "validities": [[-5, -5], [1, 1]], "h_offset": -1.5707963267948966, "osm_node_id": 7511926405, "tags": {"junction_id": "j5", "crossing_signal": "sig82", "crossing_end": "right", "node_xy": [-60.164834583771814, 184.96210232515315]}}}, {"type": "Feature", "geometry": {"type": "Point", "coordinates": [-50.82815956552195, 205.82229996365072, 32.1975762128423]}, "properties": {"id": "sig82pb", "kind": "traffic_light_ped", "road_id": "r4", "s": 2.5, "t": 0.5, "heading": 2.3521378554171326, "value": null, "controller_id": "ped_j5", "orientation": "+", "validities": [[-5, -5], [1, 1]], "h_offset": 1.5707963267948966, "osm_node_id": 7511926405, "tags": {"junction_id": "j5", "crossing_signal": "sig82", "crossing_end": "left", "node_xy": [-60.164834583771814, 184.96210232515315]}}}, {"type": "Feature", "geometry": {"type": "Point", "coordinates": [106.91279854002912, 165.30725580367454, 29.282603955047552]}, "properties": {"id": "sig83", "kind": "crosswalk", "road_id": "r9", "s": 2.5, "t": -11.009258902263188, "heading": -2.3578484379487614, "value": null, "controller_id": null, "orientation": "+", "validities": [], "h_offset": 0.0, "osm_node_id": 7515360122, "tags": {"crossing": "uncontrolled", "crossing:markings": "zebra", "node_xy": [123.85898529739617, 182.19747885592142], "width": 4.0, "in_junction": "j10"}}}, {"type": "Feature", "geometry": {"type": "Point", "coordinates": [220.6407816929448, 88.55270067643349, 26.781134190598667]}, "properties": {"id": "sig84", "kind": "crosswalk", "road_id": "r35", "s": 11.516752767956865, "t": -4.947835779981566, "heading": 2.3564450671066774, "value": null, "controller_id": null, "orientation": "+", "validities": [], "h_offset": 0.0, "osm_node_id": 7515360140, "tags": {"crossing": "traffic_signals", "crossing:island": "no", "node_xy": [220.6407816929448, 88.55270067643349], "width": 4.0}}}, {"type": "Feature", "geometry": {"type": "Point", "coordinates": [224.4950778243099, 92.40892888723656, 26.781134190598667]}, "properties": {"id": "sig84pa", "kind": "traffic_light_ped", "road_id": "r35", "s": 11.516752767956865, "t": -10.399999999999999, "heading": 0.7856487403117809, "value": null, "controller_id": "ped_j16", "orientation": "+", "validities": [[-4, -4], [1, 1]], "h_offset": -1.5707963267948966, "osm_node_id": 7515360140, "tags": {"junction_id": "j16", "crossing_signal": "sig84", "crossing_end": "right", "node_xy": [220.6407816929448, 88.55270067643349]}}}, {"type": "Feature", "geometry": {"type": "Point", "coordinates": [216.78954546385262, 84.69953390176943, 26.781134190598667]}, "properties": {"id": "sig84pb", "kind": "traffic_light_ped", "road_id": "r35", "s": 11.516752767956865, "t": 0.5, "heading": -2.3559439132780122, "value": null, "controller_id": "ped_j16", "orientation": "+", "validities": [[-4, -4], [1, 1]], "h_offset": 1.5707963267948966, "osm_node_id": 7515360140, "tags": {"junction_id": "j16", "crossing_signal": "sig84", "crossing_end": "left", "node_xy": [220.6407816929448, 88.55270067643349]}}}, {"type": "Feature", "geometry": {"type": "Point", "coordinates": [107.38915883912989, 202.45723466967826, 29.825491323685416]}, "properties": {"id": "sig85", "kind": "crosswalk", "road_id": "r23", "s": 2.5, "t": -5.685656860916332, "heading": 2.354499505414728, "value": null, "controller_id": null, "orientation": "+", "validities": [], "h_offset": 0.0, "osm_node_id": 7515360142, "tags": {"crossing": "traffic_signals", "crossing:signals": "yes", "node_xy": [107.39154518068125, 202.45484022475884], "width": 4.0}}}, {"type": "Feature", "geometry": {"type": "Point", "coordinates": [148.98248494501613, 160.39657306301964, 28.934271223800643]}, "properties": {"id": "sig86", "kind": "crosswalk", "road_id": "r22", "s": 78.69312481091721, "t": -5.886757571206366, "heading": 2.354888117775582, "value": null, "controller_id": null, "orientation": "+", "validities": [], "h_offset": 0.0, "osm_node_id": 7515360143, "tags": {"crossing": "traffic_signals", "crossing:signals": "yes", "node_xy": [148.9824849450161, 160.39657306301967], "width": 4.0}}}, {"type": "Feature", "geometry": {"type": "Point", "coordinates": [223.79753912074983, 85.40047573123628, 26.70624000629601]}, "properties": {"id": "sig87", "kind": "crosswalk", "road_id": "r35", "s": 7.037267829456432, "t": -4.9499569244190145, "heading": 2.3601542103399322, "value": null, "controller_id": null, "orientation": "+", "validities": [], "h_offset": 0.0, "osm_node_id": 7515360153, "tags": {"crossing:signals": "yes", "node_xy": [223.81057303654592, 85.38754463017793], "width": 4.0}}}, {"type": "Feature", "geometry": {"type": "Point", "coordinates": [227.63601154417447, 89.2694677162754, 26.70624000629601]}, "properties": {"id": "sig87pa", "kind": "traffic_light_ped", "road_id": "r35", "s": 7.037267829456432, "t": -10.399999999999999, "heading": 0.7893578835450357, "value": null, "controller_id": "ped_j16", "orientation": "+", "validities": [[-4, -4], [1, 1]], "h_offset": -1.5707963267948966, "osm_node_id": 7515360153, "tags": {"junction_id": "j16", "crossing_signal": "sig87", "crossing_end": "right", "node_xy": [223.81057303654592, 85.38754463017793]}}}, {"type": "Feature", "geometry": {"type": "Point", "coordinates": [219.95912737370057, 81.53154490500832, 26.70624000629601]}, "properties": {"id": "sig87pb", "kind": "traffic_light_ped", "road_id": "r35", "s": 7.037267829456432, "t": 0.5, "heading": -2.352234770044758, "value": null, "controller_id": "ped_j16", "orientation": "+", "validities": [[-4, -4], [1, 1]], "h_offset": 1.5707963267948966, "osm_node_id": 7515360153, "tags": {"junction_id": "j16", "crossing_signal": "sig87", "crossing_end": "left", "node_xy": [223.81057303654592, 85.38754463017793]}}}, {"type": "Feature", "geometry": {"type": "Point", "coordinates": [-81.49730813355602, 201.09153378350476, 32.49863981589939]}, "properties": {"id": "sig88", "kind": "crosswalk", "road_id": "r3", "s": 29.438251966628126, "t": -5.028218306516337, "heading": -0.80400173672055, "value": null, "controller_id": null, "orientation": "+", "validities": [], "h_offset": 0.0, "osm_node_id": 7526529976, "tags": {"crossing": "uncontrolled", "crossing:markings": "dots", "node_xy": [-66.73829945294356, 185.77290908370725], "width": 4.0, "in_junction": "j5"}}}, {"type": "Feature", "geometry": {"type": "Point", "coordinates": [-181.46414913014976, 85.69797987019895, 32.35455574755595]}, "properties": {"id": "sig89", "kind": "crosswalk", "road_id": "r27", "s": 2.5, "t": -1.7258555662468744, "heading": 2.32191486218692, "value": null, "controller_id": null, "orientation": "+", "validities": [], "h_offset": 0.0, "osm_node_id": 7526529978, "tags": {"crossing": "uncontrolled", "crossing:markings": "dashes", "crossing:signals": "no", "node_xy": [-174.04905419349672, 77.75625247998899], "width": 4.0, "in_junction": "j2"}}}, {"type": "Feature", "geometry": {"type": "Point", "coordinates": [-193.3710762523844, 73.40835734879617, 32.37236867372622]}, "properties": {"id": "sig90", "kind": "crosswalk", "road_id": "r59", "s": 84.06803736723163, "t": 3.4999999999999645, "heading": -0.8250666559829545, "value": null, "controller_id": null, "orientation": "+", "validities": [], "h_offset": 0.0, "osm_node_id": 7526529979, "tags": {"crossing": "traffic_signals", "crossing:markings": "dots", "crossing:signals": "yes", "node_xy": [-186.226358743756, 65.67306236705397], "width": 4.0, "in_junction": "j2"}}}, {"type": "Feature", "geometry": {"type": "Point", "coordinates": [-201.4515993678434, 65.94476932556418, 32.37236867372622]}, "properties": {"id": "sig90pa", "kind": "traffic_light_ped", "road_id": "r59", "s": 84.06803736723163, "t": -7.5, "heading": -2.3958629827778513, "value": null, "controller_id": "ped_j2", "orientation": "+", "validities": [[-3, -3], [5, 5]], "h_offset": -1.5707963267948966, "osm_node_id": 7526529979, "tags": {"junction_id": "j2", "crossing_signal": "sig90", "crossing_end": "right", "node_xy": [-186.226358743756, 65.67306236705397]}}}, {"type": "Feature", "geometry": {"type": "Point", "coordinates": [-185.29055313692535, 80.87194537202822, 32.37236867372622]}, "properties": {"id": "sig90pb", "kind": "traffic_light_ped", "road_id": "r59", "s": 84.06803736723163, "t": 14.5, "heading": 0.7457296708119419, "value": null, "controller_id": "ped_j2", "orientation": "+", "validities": [[-3, -3], [5, 5]], "h_offset": 1.5707963267948966, "osm_node_id": 7526529979, "tags": {"junction_id": "j2", "crossing_signal": "sig90", "crossing_end": "left", "node_xy": [-186.226358743756, 65.67306236705397]}}}, {"type": "Feature", "geometry": {"type": "Point", "coordinates": [-206.58957934310618, 60.27445132384794, 32.33563235995229]}, "properties": {"id": "sig91", "kind": "crosswalk", "road_id": "r24", "s": 64.88445791174298, "t": -1.6858726005929734, "heading": -0.818528174249849, "value": null, "controller_id": null, "orientation": "+", "validities": [], "h_offset": 0.0, "osm_node_id": 7526529980, "tags": {"crossing": "traffic_signals", "crossing:signals": "yes", "node_xy": [-199.3153387645999, 52.50151514708935], "width": 4.0, "in_junction": "j2"}}}, {"type": "Feature", "geometry": {"type": "Point", "coordinates": [-208.13319028319194, 58.829875286883755, 32.33563235995229]}, "properties": {"id": "sig91pa", "kind": "traffic_light_ped", "road_id": "r24", "s": 64.88445791174298, "t": -3.8, "heading": -2.3893245010447455, "value": null, "controller_id": "ped_j2", "orientation": "+", "validities": [[-2, -2], [1, 1]], "h_offset": -1.5707963267948966, "osm_node_id": 7526529980, "tags": {"junction_id": "j2", "crossing_signal": "sig91", "crossing_end": "right", "node_xy": [-199.3153387645999, 52.50151514708935]}}}, {"type": "Feature", "geometry": {"type": "Point", "coordinates": [-204.99358429528866, 61.76805061193193, 32.33563235995229]}, "properties": {"id": "sig91pb", "kind": "traffic_light_ped", "road_id": "r24", "s": 64.88445791174298, "t": 0.5, "heading": 0.7522681525450476, "value": null, "controller_id": "ped_j2", "orientation": "+", "validities": [[-2, -2], [1, 1]], "h_offset": 1.5707963267948966, "osm_node_id": 7526529980, "tags": {"junction_id": "j2", "crossing_signal": "sig91", "crossing_end": "left", "node_xy": [-199.3153387645999, 52.50151514708935]}}}, {"type": "Feature", "geometry": {"type": "Point", "coordinates": [45.89232110031989, 104.4908366127784, 29.13867247294114]}, "properties": {"id": "sig92", "kind": "crosswalk", "road_id": "r9", "s": 88.65181662003006, "t": -11.01105933737414, "heading": -2.357848437948756, "value": null, "controller_id": null, "orientation": "+", "validities": [], "h_offset": 0.0, "osm_node_id": 7529986450, "tags": {"crossing": "uncontrolled", "crossing:markings": "zebra", "node_xy": [32.7172467316825, 91.35927209018811], "width": 4.0, "in_junction": "j7"}}}, {"type": "Feature", "geometry": {"type": "Point", "coordinates": [31.116314119971012, -100.3231660997168, 26.95012206765821]}, "properties": {"id": "sig93", "kind": "crosswalk", "road_id": "r42", "s": 2.5, "t": -1.8890756088297227, "heading": 0.7844271911932863, "value": null, "controller_id": null, "orientation": "+", "validities": [], "h_offset": 0.0, "osm_node_id": 8172129448, "tags": {"crossing": "unmarked", "crossing:island": "no", "crossing:markings": "no", "node_xy": [17.86452325654277, -113.54924767690046], "width": 4.0, "in_junction": "j6"}}}, {"type": "Feature", "geometry": {"type": "Point", "coordinates": [32.819439007581515, -102.02960157671014, 26.95012206765821]}, "properties": {"id": "sig93pa", "kind": "traffic_light_ped", "road_id": "r42", "s": 2.5, "t": -4.3, "heading": -0.7863691356016105, "value": null, "controller_id": "ped_j6", "orientation": "+", "validities": [[-2, -2], [1, 1]], "h_offset": -1.5707963267948966, "osm_node_id": 8172129448, "tags": {"junction_id": "j6", "crossing_signal": "sig93", "crossing_end": "right", "node_xy": [17.86452325654277, -113.54924767690046]}}}, {"type": "Feature", "geometry": {"type": "Point", "coordinates": [29.428623646274303, -98.6321950385515, 26.95012206765821]}, "properties": {"id": "sig93pb", "kind": "traffic_light_ped", "road_id": "r42", "s": 2.5, "t": 0.5, "heading": 2.3552235179881826, "value": null, "controller_id": "ped_j6", "orientation": "+", "validities": [[-2, -2], [1, 1]], "h_offset": 1.5707963267948966, "osm_node_id": 8172129448, "tags": {"junction_id": "j6", "crossing_signal": "sig93", "crossing_end": "left", "node_xy": [17.86452325654277, -113.54924767690046]}}}, {"type": "Feature", "geometry": {"type": "Point", "coordinates": [-35.39248610420175, -167.11950144082803, 27.118170649085588]}, "properties": {"id": "sig94", "kind": "crosswalk", "road_id": "r47", "s": 77.31814766680998, "t": -2.3148766532077865, "heading": 0.7923616998885658, "value": null, "controller_id": null, "orientation": "+", "validities": [], "h_offset": 0.0, "osm_node_id": 8172129455, "tags": {"crossing": "unmarked", "crossing:island": "no", "crossing:markings": "no", "node_xy": [-19.31987872330312, -150.82147633579615], "width": 4.0, "in_junction": "j6"}}}, {"type": "Feature", "geometry": {"type": "Point", "coordinates": [-33.979051360562984, -168.5133869911708, 27.118170649085588]}, "properties": {"id": "sig94pa", "kind": "traffic_light_ped", "road_id": "r47", "s": 77.31814766680998, "t": -4.3, "heading": -0.7784346269063307, "value": null, "controller_id": "ped_j6", "orientation": "+", "validities": [[-2, -2], [1, 1]], "h_offset": -1.5707963267948966, "osm_node_id": 8172129455, "tags": {"junction_id": "j6", "crossing_signal": "sig94", "crossing_end": "right", "node_xy": [-19.31987872330312, -150.82147633579615]}}}, {"type": "Feature", "geometry": {"type": "Point", "coordinates": [-37.39671645448737, -165.14299156840943, 27.118170649085588]}, "properties": {"id": "sig94pb", "kind": "traffic_light_ped", "road_id": "r47", "s": 77.31814766680998, "t": 0.5, "heading": 2.363158026683463, "value": null, "controller_id": "ped_j6", "orientation": "+", "validities": [[-2, -2], [1, 1]], "h_offset": 1.5707963267948966, "osm_node_id": 8172129455, "tags": {"junction_id": "j6", "crossing_signal": "sig94", "crossing_end": "left", "node_xy": [-19.31987872330312, -150.82147633579615]}}}, {"type": "Feature", "geometry": {"type": "Point", "coordinates": [-84.57720734487259, 167.6034285299677, 32.07421338378348]}, "properties": {"id": "sig95", "kind": "crosswalk", "road_id": "r26", "s": 41.675176742448706, "t": -2.7565812995774426, "heading": 0.7812925528113825, "value": null, "controller_id": null, "orientation": "+", "validities": [], "h_offset": 0.0, "osm_node_id": 8205064242, "tags": {"crossing": "traffic_signals", "crossing:markings": "dots", "crossing:signals": "yes", "node_xy": [-84.57720734487258, 167.6034285299677], "width": 4.0}}}, {"type": "Feature", "geometry": {"type": "Point", "coordinates": [-47.43592119662122, 204.597687412982, 32.19550275974963]}, "properties": {"id": "sig96", "kind": "crosswalk", "road_id": "r4", "s": 4.045973583846352, "t": -2.7583619701848487, "heading": 0.7813415286222156, "value": null, "controller_id": null, "orientation": "+", "validities": [], "h_offset": 0.0, "osm_node_id": 8205064243, "tags": {"crossing": "traffic_signals", "crossing:markings": "dots", "crossing:signals": "yes", "node_xy": [-47.43592119662121, 204.59768741298203], "width": 4.0}}}, {"type": "Feature", "geometry": {"type": "Point", "coordinates": [-78.62462532981569, 203.85927248511348, 32.49863981589939]}, "properties": {"id": "sig97", "kind": "crosswalk", "road_id": "r3", "s": 29.438251966628126, "t": -1.0391477366607256, "heading": -0.80400173672055, "value": null, "controller_id": null, "orientation": "+", "validities": [], "h_offset": 0.0, "osm_node_id": 8205064246, "tags": {"crossing": "traffic_signals", "node_xy": [-78.28768071525984, 203.50955197158203], "width": 4.0}}}, {"type": "Feature", "geometry": {"type": "Point", "coordinates": [235.0999793727676, 68.2140579947089, 26.160137809802148]}, "properties": {"id": "sig98", "kind": "crosswalk", "road_id": "r58", "s": 18.068956607288673, "t": -2.130291661306532, "heading": 2.3526738177402096, "value": null, "controller_id": null, "orientation": "+", "validities": [], "h_offset": 0.0, "osm_node_id": 8205146840, "tags": {"crossing:signals": "yes", "node_xy": [235.11832766692092, 68.19558004688422], "width": 4.0}}}, {"type": "Feature", "geometry": {"type": "Point", "coordinates": [-204.3264584102332, 220.20412188132045, 34.7082104951534]}, "properties": {"id": "sig99", "kind": "crosswalk", "road_id": "r8", "s": 116.86747359402534, "t": -0.018440982318030957, "heading": 2.335178425519941, "value": null, "controller_id": null, "orientation": "+", "validities": [], "h_offset": 0.0, "osm_node_id": 8235449347, "tags": {"crossing:island": "no", "crossing:markings": "no", "crossing:signals": "no", "node_xy": [-204.4122487865284, 220.29341068376712], "width": 4.0}}}, {"type": "Feature", "geometry": {"type": "Point", "coordinates": [-123.05879518886462, 139.7348087239852, 32.30480888327478]}, "properties": {"id": "sig100", "kind": "crosswalk", "road_id": "r8", "s": 2.5, "t": -0.059874786213904074, "heading": 2.360975396895235, "value": null, "controller_id": null, "orientation": "+", "validities": [], "h_offset": 0.0, "osm_node_id": 8238740385, "tags": {"crossing": "uncontrolled", "crossing:island": "no", "crossing:markings": "zebra", "crossing:signals": "no", "node_xy": [-120.50609043327589, 137.20639649970937], "width": 4.0}}}, {"type": "Feature", "geometry": {"type": "Point", "coordinates": [-173.91080469024308, 92.75044633740504, 32.35455574755595]}, "properties": {"id": "sig101", "kind": "crosswalk", "road_id": "r27", "s": 2.5, "t": -12.059794578014635, "heading": 2.32191486218692, "value": null, "controller_id": null, "orientation": "+", "validities": [], "h_offset": 0.0, "osm_node_id": 8238740387, "tags": {"crossing": "traffic_signals", "crossing:markings": "dots", "crossing:signals": "yes", "node_xy": [-166.84806454011522, 85.1860985604198], "width": 4.0, "in_junction": "j2"}}}, {"type": "Feature", "geometry": {"type": "Point", "coordinates": [197.8670908164618, 103.3565435681174, 27.288945617967066]}, "properties": {"id": "sig102", "kind": "crosswalk", "road_id": "r22", "s": 3.7856272332004357, "t": -0.21785444712130245, "heading": 2.354888117775592, "value": null, "controller_id": null, "orientation": "+", "validities": [], "h_offset": 0.0, "osm_node_id": 8381037095, "tags": {"crossing": "traffic_signals", "crossing:island": "no", "node_xy": [197.8670908164618, 103.3565435681174], "width": 4.0}}}, {"type": "Feature", "geometry": {"type": "Point", "coordinates": [206.10889425641403, 109.76106042755299, 27.26070711748656]}, "properties": {"id": "sig103", "kind": "crosswalk", "road_id": "r22", "s": 2.5, "t": -10.576055196424075, "heading": 2.354888117775592, "value": null, "controller_id": null, "orientation": "+", "validities": [], "h_offset": 0.0, "osm_node_id": 8381037096, "tags": {"crossing": "traffic_signals", "crossing:island": "no", "node_xy": [206.54801641003237, 109.320789458362], "width": 4.0}}}, {"type": "Feature", "geometry": {"type": "Point", "coordinates": [-212.6275703467916, -170.83137252793807, 29.103883089438014]}, "properties": {"id": "sig104", "kind": "crosswalk", "road_id": "r53", "s": 2.5, "t": -2.000484740193411, "heading": -0.765456140631466, "value": null, "controller_id": null, "orientation": "+", "validities": [], "h_offset": 0.0, "osm_node_id": 8941504710, "tags": {"crossing": "traffic_signals", "node_xy": [-216.04859695717144, -167.54413991215907], "width": 4.0}}}, {"type": "Feature", "geometry": {"type": "Point", "coordinates": [224.22207345794365, -96.1478194715454, 24.174688788650684]}, "properties": {"id": "sig105", "kind": "crosswalk", "road_id": "r12", "s": 37.80988118486674, "t": -1.0499999999999992, "heading": -2.3515841314508203, "value": null, "controller_id": null, "orientation": "+", "validities": [], "h_offset": 0.0, "osm_node_id": 9274870888, "tags": {"crossing": "traffic_signals", "crossing:markings": "dots", "crossing:signals": "yes", "node_xy": [221.3992089431336, -98.9968335667596], "width": 4.0}}}, {"type": "Feature", "geometry": {"type": "Point", "coordinates": [-4.96303894907532, -154.52877113272618, 26.889270791263336]}, "properties": {"id": "sig106", "kind": "crosswalk", "road_id": "r32", "s": 2.5, "t": -1.6382723251995828, "heading": -0.8271349409375898, "value": null, "controller_id": null, "orientation": "+", "validities": [], "h_offset": 0.0, "osm_node_id": 9591512257, "tags": {"crossing": "unmarked", "crossing:markings": "no", "node_xy": [-4.9512441886166725, -154.54205982613345], "width": 4.0}}}, {"type": "Feature", "geometry": {"type": "Point", "coordinates": [-6.554059246840683, -155.99223310766666, 26.889270791263336]}, "properties": {"id": "sig106pa", "kind": "traffic_light_ped", "road_id": "r32", "s": 2.5, "t": -3.8, "heading": -2.397931267732486, "value": null, "controller_id": "ped_j6", "orientation": "+", "validities": [[-2, -2], [1, 1]], "h_offset": -1.5707963267948966, "osm_node_id": 9591512257, "tags": {"junction_id": "j6", "crossing_signal": "sig106", "crossing_end": "right", "node_xy": [-4.9512441886166725, -154.54205982613345]}}}, {"type": "Feature", "geometry": {"type": "Point", "coordinates": [-3.3892816663238876, -153.081188129337, 26.889270791263336]}, "properties": {"id": "sig106pb", "kind": "traffic_light_ped", "road_id": "r32", "s": 2.5, "t": 0.5, "heading": 0.7436613858573069, "value": null, "controller_id": "ped_j6", "orientation": "+", "validities": [[-2, -2], [1, 1]], "h_offset": 1.5707963267948966, "osm_node_id": 9591512257, "tags": {"junction_id": "j6", "crossing_signal": "sig106", "crossing_end": "left", "node_xy": [-4.9512441886166725, -154.54205982613345]}}}, {"type": "Feature", "geometry": {"type": "Point", "coordinates": [-2.33862801891833, -152.2745669735894, 26.885896070630523]}, "properties": {"id": "sig107", "kind": "crosswalk", "road_id": "r32", "s": 2.6090214837537538, "t": 1.8209294529980071, "heading": -0.831866416114941, "value": null, "controller_id": null, "orientation": "+", "validities": [], "h_offset": 0.0, "osm_node_id": 9591512260, "tags": {"crossing": "unmarked", "crossing:markings": "no", "node_xy": [-2.316713202189314, -152.2986193439449], "width": 4.0}}}, {"type": "Feature", "geometry": {"type": "Point", "coordinates": [127.33581778590678, -22.879074793779303, 26.50037064456927]}, "properties": {"id": "sig108", "kind": "crosswalk", "road_id": "r46", "s": 8.724489093991997, "t": -2.9999994397155887, "heading": 0.0006279632690248779, "value": null, "controller_id": null, "orientation": "+", "validities": [], "h_offset": 0.0, "osm_node_id": 10182235281, "tags": {"crossing": "unmarked", "crossing:markings": "no", "node_xy": [129.83398379773445, -22.877506037077744], "width": 4.0}}}, {"type": "Feature", "geometry": {"type": "Point", "coordinates": [127.33801565755576, -26.379074663972357, 26.50037064456927]}, "properties": {"id": "sig108pa", "kind": "traffic_light_ped", "road_id": "r46", "s": 8.724489093991997, "t": -6.5, "heading": -1.5701683635258716, "value": null, "controller_id": "ped_j11", "orientation": "+", "validities": [[-3, -3], [1, 1]], "h_offset": -1.5707963267948966, "osm_node_id": 10182235281, "tags": {"junction_id": "j11", "crossing_signal": "sig108", "crossing_end": "right", "node_xy": [129.83398379773445, -22.877506037077744]}}}, {"type": "Feature", "geometry": {"type": "Point", "coordinates": [127.33361991496149, -19.37907604415485, 26.50037064456927]}, "properties": {"id": "sig108pb", "kind": "traffic_light_ped", "road_id": "r46", "s": 8.724489093991997, "t": 0.5, "heading": 1.5714242900639217, "value": null, "controller_id": "ped_j11", "orientation": "+", "validities": [[-3, -3], [1, 1]], "h_offset": 1.5707963267948966, "osm_node_id": 10182235281, "tags": {"junction_id": "j11", "crossing_signal": "sig108", "crossing_end": "left", "node_xy": [129.83398379773445, -22.877506037077744]}}}, {"type": "Feature", "geometry": {"type": "Point", "coordinates": [122.85846221898227, -198.62216324866293, 24.66262193321611]}, "properties": {"id": "sig109", "kind": "crosswalk", "road_id": "r13", "s": 114.57880227336791, "t": -0.8408584390494669, "heading": -2.35123925654551, "value": null, "controller_id": null, "orientation": "+", "validities": [], "h_offset": 0.0, "osm_node_id": 11484566927, "tags": {"crossing": "uncontrolled", "crossing:markings": "yes", "node_xy": [109.98205053657915, -211.6268227354214], "width": 4.0, "in_junction": "j8"}}}, {"type": "Feature", "geometry": {"type": "Point", "coordinates": [118.126463141165, -193.9368296366012, 24.66262193321611]}, "properties": {"id": "sig109pa", "kind": "traffic_light_ped", "road_id": "r13", "s": 114.57880227336791, "t": -7.5, "heading": 2.36114972383918, "value": null, "controller_id": "ped_j8", "orientation": "+", "validities": [[-3, -3], [2, 2]], "h_offset": -1.5707963267948966, "osm_node_id": 11484566927, "tags": {"junction_id": "j8", "crossing_signal": "sig109", "crossing_end": "right", "node_xy": [109.98205053657915, -211.6268227354214]}}}, {"type": "Feature", "geometry": {"type": "Point", "coordinates": [127.00898770252492, -202.73175757359067, 24.66262193321611]}, "properties": {"id": "sig109pb", "kind": "traffic_light_ped", "road_id": "r13", "s": 114.57880227336791, "t": 5.0, "heading": -0.7804429297506132, "value": null, "controller_id": "ped_j8", "orientation": "+", "validities": [[-3, -3], [2, 2]], "h_offset": 1.5707963267948966, "osm_node_id": 11484566927, "tags": {"junction_id": "j8", "crossing_signal": "sig109", "crossing_end": "left", "node_xy": [109.98205053657915, -211.6268227354214]}}}, {"type": "Feature", "geometry": {"type": "Point", "coordinates": [-128.43516877662532, -69.42080318598137, 29.441666274034837]}, "properties": {"id": "sig110", "kind": "crosswalk", "road_id": "r55", "s": 2.5, "t": -11.118800889843454, "heading": -2.35366833572367, "value": null, "controller_id": null, "orientation": "+", "validities": [], "h_offset": 0.0, "osm_node_id": 12244493797, "tags": {"crossing": "uncontrolled", "crossing:markings": "yes", "crossing:signals": "no", "node_xy": [-107.45380591101824, -48.333167305139725], "width": 4.0, "in_junction": "j4"}}}, {"type": "Feature", "geometry": {"type": "Point", "coordinates": [-213.13314371773225, 54.15070858113823, 32.33563235995229]}, "properties": {"id": "sig111", "kind": "crosswalk", "road_id": "r24", "s": 64.88445791174298, "t": -10.64792927882065, "heading": -0.818528174249849, "value": null, "controller_id": null, "orientation": "+", "validities": [], "h_offset": 0.0, "osm_node_id": 13539075656, "tags": {"crossing:signals": "yes", "node_xy": [-205.69675296268474, 46.20450579878659], "width": 4.0, "in_junction": "j2"}}}, {"type": "Feature", "geometry": {"type": "Point", "coordinates": [-123.99886069811733, 135.23315233954585, 32.25149960510629]}, "properties": {"id": "sig112", "kind": "yield", "road_id": "r8", "s": 0.0, "t": 3.8, "heading": -0.7806172566945371, "value": null, "controller_id": null, "orientation": "-", "validities": [[1, 1]], "h_offset": 0.0, "osm_node_id": null, "tags": {"junction_id": "j3", "control": "minor_yield", "source": "unsignalised_control"}}}, {"type": "Feature", "geometry": {"type": "Point", "coordinates": [-113.17924083693508, 122.18200607381719, 32.209660931399654]}, "properties": {"id": "sig113", "kind": "priority_road", "road_id": "r25", "s": 48.62573507151435, "t": -14.5, "heading": 0.7812734230364408, "value": null, "controller_id": null, "orientation": "+", "validities": [[-4, -1]], "h_offset": 0.0, "osm_node_id": null, "tags": {"junction_id": "j3", "control": "minor_yield", "source": "unsignalised_control"}}}, {"type": "Feature", "geometry": {"type": "Point", "coordinates": [38.19898717328146, 108.66826543739847, 29.134495791364557]}, "properties": {"id": "sig114", "kind": "traffic_light", "road_id": "r9", "s": 91.15181662003006, "t": -19.400832784713874, "heading": -2.357848437948751, "value": null, "controller_id": "lane_sig114", "orientation": "+", "validities": [[-5, -5]], "h_offset": 0.0, "osm_node_id": null, "tags": {"junction_id": "j7", "control": "one_approach_per_stage", "source": "inferred_wide_crossing", "inferred": true, "rig_anchor": "sig114", "controlled_lane": -5}}}, {"type": "Feature", "geometry": {"type": "Point", "coordinates": [38.19898717328146, 108.66826543739847, 29.134495791364557]}, "properties": {"id": "sig114_lane_m4", "kind": "traffic_light", "road_id": "r9", "s": 91.15181662003006, "t": -19.400832784713874, "heading": -2.357848437948751, "value": null, "controller_id": "lane_sig114_lane_m4", "orientation": "+", "validities": [[-4, -4]], "h_offset": 0.0, "osm_node_id": null, "tags": {"junction_id": "j7", "control": "one_approach_per_stage", "source": "inferred_wide_crossing", "inferred": true, "rig_anchor": "sig114", "controlled_lane": -4}}}, {"type": "Feature", "geometry": {"type": "Point", "coordinates": [38.19898717328146, 108.66826543739847, 29.134495791364557]}, "properties": {"id": "sig114_lane_m3", "kind": "traffic_light", "road_id": "r9", "s": 91.15181662003006, "t": -19.400832784713874, "heading": -2.357848437948751, "value": null, "controller_id": "lane_sig114_lane_m3", "orientation": "+", "validities": [[-3, -3]], "h_offset": 0.0, "osm_node_id": null, "tags": {"junction_id": "j7", "control": "one_approach_per_stage", "source": "inferred_wide_crossing", "inferred": true, "rig_anchor": "sig114", "controlled_lane": -3}}}, {"type": "Feature", "geometry": {"type": "Point", "coordinates": [38.19898717328146, 108.66826543739847, 29.134495791364557]}, "properties": {"id": "sig114_lane_m2", "kind": "traffic_light", "road_id": "r9", "s": 91.15181662003006, "t": -19.400832784713874, "heading": -2.357848437948751, "value": null, "controller_id": "lane_sig114_lane_m2", "orientation": "+", "validities": [[-2, -2]], "h_offset": 0.0, "osm_node_id": null, "tags": {"junction_id": "j7", "control": "one_approach_per_stage", "source": "inferred_wide_crossing", "inferred": true, "rig_anchor": "sig114", "controlled_lane": -2}}}, {"type": "Feature", "geometry": {"type": "Point", "coordinates": [38.19898717328146, 108.66826543739847, 29.134495791364557]}, "properties": {"id": "sig114_lane_m1", "kind": "traffic_light", "road_id": "r9", "s": 91.15181662003006, "t": -19.400832784713874, "heading": -2.357848437948751, "value": null, "controller_id": "lane_sig114_lane_m1", "orientation": "+", "validities": [[-1, -1]], "h_offset": 0.0, "osm_node_id": null, "tags": {"junction_id": "j7", "control": "one_approach_per_stage", "source": "inferred_wide_crossing", "inferred": true, "rig_anchor": "sig114", "controlled_lane": -1}}}, {"type": "Feature", "geometry": {"type": "Point", "coordinates": [9.095521457936977, 101.68089876020571, 29.703833078434037]}, "properties": {"id": "sig115", "kind": "traffic_light", "road_id": "r16", "s": 86.52658413782014, "t": -11.0, "heading": -0.7491618072753434, "value": null, "controller_id": "lane_sig115", "orientation": "+", "validities": [[-3, -3]], "h_offset": 0.0, "osm_node_id": null, "tags": {"junction_id": "j7", "control": "one_approach_per_stage", "source": "inferred_wide_crossing", "inferred": true, "rig_anchor": "sig115", "controlled_lane": -3}}}, {"type": "Feature", "geometry": {"type": "Point", "coordinates": [9.095521457936977, 101.68089876020571, 29.703833078434037]}, "properties": {"id": "sig115_lane_m2", "kind": "traffic_light", "road_id": "r16", "s": 86.52658413782014, "t": -11.0, "heading": -0.7491618072753434, "value": null, "controller_id": "lane_sig115_lane_m2", "orientation": "+", "validities": [[-2, -2]], "h_offset": 0.0, "osm_node_id": null, "tags": {"junction_id": "j7", "control": "one_approach_per_stage", "source": "inferred_wide_crossing", "inferred": true, "rig_anchor": "sig115", "controlled_lane": -2}}}, {"type": "Feature", "geometry": {"type": "Point", "coordinates": [9.095521457936977, 101.68089876020571, 29.703833078434037]}, "properties": {"id": "sig115_lane_m1", "kind": "traffic_light", "road_id": "r16", "s": 86.52658413782014, "t": -11.0, "heading": -0.7491618072753434, "value": null, "controller_id": "lane_sig115_lane_m1", "orientation": "+", "validities": [[-1, -1]], "h_offset": 0.0, "osm_node_id": null, "tags": {"junction_id": "j7", "control": "one_approach_per_stage", "source": "inferred_wide_crossing", "inferred": true, "rig_anchor": "sig115", "controlled_lane": -1}}}, {"type": "Feature", "geometry": {"type": "Point", "coordinates": [149.63945347111533, 166.97856779306034, 29.026442179096442]}, "properties": {"id": "sig116", "kind": "traffic_light", "road_id": "r22", "s": 82.88943439613035, "t": -11.0, "heading": 2.354888117775602, "value": null, "controller_id": "lane_sig116", "orientation": "+", "validities": [[-3, -3]], "h_offset": 0.0, "osm_node_id": null, "tags": {"junction_id": "j10", "control": "one_approach_per_stage", "source": "inferred_wide_crossing", "inferred": true, "rig_anchor": "sig116", "controlled_lane": -3}}}, {"type": "Feature", "geometry": {"type": "Point", "coordinates": [149.63945347111533, 166.97856779306034, 29.026442179096442]}, "properties": {"id": "sig116_lane_m2", "kind": "traffic_light", "road_id": "r22", "s": 82.88943439613035, "t": -11.0, "heading": 2.354888117775602, "value": null, "controller_id": "lane_sig116_lane_m2", "orientation": "+", "validities": [[-2, -2]], "h_offset": 0.0, "osm_node_id": null, "tags": {"junction_id": "j10", "control": "one_approach_per_stage", "source": "inferred_wide_crossing", "inferred": true, "rig_anchor": "sig116", "controlled_lane": -2}}}, {"type": "Feature", "geometry": {"type": "Point", "coordinates": [149.63945347111533, 166.97856779306034, 29.026442179096442]}, "properties": {"id": "sig116_lane_m1", "kind": "traffic_light", "road_id": "r22", "s": 82.88943439613035, "t": -11.0, "heading": 2.354888117775602, "value": null, "controller_id": "lane_sig116_lane_m1", "orientation": "+", "validities": [[-1, -1]], "h_offset": 0.0, "osm_node_id": null, "tags": {"junction_id": "j10", "control": "one_approach_per_stage", "source": "inferred_wide_crossing", "inferred": true, "rig_anchor": "sig116", "controlled_lane": -1}}}, {"type": "Feature", "geometry": {"type": "Point", "coordinates": [124.07581347765992, 196.7040353294999, 29.32491925296557]}, "properties": {"id": "sig117", "kind": "traffic_light", "road_id": "r54", "s": 46.16623528119473, "t": -18.5, "heading": -2.357774409224783, "value": null, "controller_id": "lane_sig117", "orientation": "+", "validities": [[-5, -5]], "h_offset": 0.0, "osm_node_id": null, "tags": {"junction_id": "j10", "control": "one_approach_per_stage", "source": "inferred_wide_crossing", "inferred": true, "rig_anchor": "sig117", "controlled_lane": -5}}}, {"type": "Feature", "geometry": {"type": "Point", "coordinates": [124.07581347765992, 196.7040353294999, 29.32491925296557]}, "properties": {"id": "sig117_lane_m4", "kind": "traffic_light", "road_id": "r54", "s": 46.16623528119473, "t": -18.5, "heading": -2.357774409224783, "value": null, "controller_id": "lane_sig117_lane_m4", "orientation": "+", "validities": [[-4, -4]], "h_offset": 0.0, "osm_node_id": null, "tags": {"junction_id": "j10", "control": "one_approach_per_stage", "source": "inferred_wide_crossing", "inferred": true, "rig_anchor": "sig117", "controlled_lane": -4}}}, {"type": "Feature", "geometry": {"type": "Point", "coordinates": [124.07581347765992, 196.7040353294999, 29.32491925296557]}, "properties": {"id": "sig117_lane_m3", "kind": "traffic_light", "road_id": "r54", "s": 46.16623528119473, "t": -18.5, "heading": -2.357774409224783, "value": null, "controller_id": "lane_sig117_lane_m3", "orientation": "+", "validities": [[-3, -3]], "h_offset": 0.0, "osm_node_id": null, "tags": {"junction_id": "j10", "control": "one_approach_per_stage", "source": "inferred_wide_crossing", "inferred": true, "rig_anchor": "sig117", "controlled_lane": -3}}}, {"type": "Feature", "geometry": {"type": "Point", "coordinates": [124.07581347765992, 196.7040353294999, 29.32491925296557]}, "properties": {"id": "sig117_lane_m2", "kind": "traffic_light", "road_id": "r54", "s": 46.16623528119473, "t": -18.5, "heading": -2.357774409224783, "value": null, "controller_id": "lane_sig117_lane_m2", "orientation": "+", "validities": [[-2, -2]], "h_offset": 0.0, "osm_node_id": null, "tags": {"junction_id": "j10", "control": "one_approach_per_stage", "source": "inferred_wide_crossing", "inferred": true, "rig_anchor": "sig117", "controlled_lane": -2}}}, {"type": "Feature", "geometry": {"type": "Point", "coordinates": [124.07581347765992, 196.7040353294999, 29.32491925296557]}, "properties": {"id": "sig117_lane_m1", "kind": "traffic_light", "road_id": "r54", "s": 46.16623528119473, "t": -18.5, "heading": -2.357774409224783, "value": null, "controller_id": "lane_sig117_lane_m1", "orientation": "+", "validities": [[-1, -1]], "h_offset": 0.0, "osm_node_id": null, "tags": {"junction_id": "j10", "control": "one_approach_per_stage", "source": "inferred_wide_crossing", "inferred": true, "rig_anchor": "sig117", "controlled_lane": -1}}}, {"type": "Feature", "geometry": {"type": "Point", "coordinates": [198.67777275640032, -89.19051248425751, 24.456383208380643]}, "properties": {"id": "sig118", "kind": "traffic_light", "road_id": "r11", "s": 34.262729451092646, "t": -11.320672314850725, "heading": -0.7897596140810539, "value": null, "controller_id": "lane_sig118", "orientation": "+", "validities": [[-3, -3]], "h_offset": 0.0, "osm_node_id": null, "tags": {"junction_id": "j15", "control": "one_approach_per_stage", "source": "inferred_wide_crossing", "inferred": true, "rig_anchor": "sig118", "controlled_lane": -3}}}, {"type": "Feature", "geometry": {"type": "Point", "coordinates": [198.67777275640032, -89.19051248425751, 24.456383208380643]}, "properties": {"id": "sig118_lane_m2", "kind": "traffic_light", "road_id": "r11", "s": 34.262729451092646, "t": -11.320672314850725, "heading": -0.7897596140810539, "value": null, "controller_id": "lane_sig118_lane_m2", "orientation": "+", "validities": [[-2, -2]], "h_offset": 0.0, "osm_node_id": null, "tags": {"junction_id": "j15", "control": "one_approach_per_stage", "source": "inferred_wide_crossing", "inferred": true, "rig_anchor": "sig118", "controlled_lane": -2}}}, {"type": "Feature", "geometry": {"type": "Point", "coordinates": [198.67777275640032, -89.19051248425751, 24.456383208380643]}, "properties": {"id": "sig118_lane_m1", "kind": "traffic_light", "road_id": "r11", "s": 34.262729451092646, "t": -11.320672314850725, "heading": -0.7897596140810539, "value": null, "controller_id": "lane_sig118_lane_m1", "orientation": "+", "validities": [[-1, -1]], "h_offset": 0.0, "osm_node_id": null, "tags": {"junction_id": "j15", "control": "one_approach_per_stage", "source": "inferred_wide_crossing", "inferred": true, "rig_anchor": "sig118", "controlled_lane": -1}}}, {"type": "Feature", "geometry": {"type": "Point", "coordinates": [218.16480171571078, -93.66549011371482, 24.166149383726477]}, "properties": {"id": "sig119", "kind": "traffic_light", "road_id": "r12", "s": 40.30988118486674, "t": -7.1, "heading": -2.3515841314508203, "value": null, "controller_id": "lane_sig119", "orientation": "+", "validities": [[-2, -2]], "h_offset": 0.0, "osm_node_id": null, "tags": {"junction_id": "j15", "control": "one_approach_per_stage", "source": "inferred_wide_crossing", "inferred": true, "rig_anchor": "sig119", "controlled_lane": -2}}}, {"type": "Feature", "geometry": {"type": "Point", "coordinates": [218.16480171571078, -93.66549011371482, 24.166149383726477]}, "properties": {"id": "sig119_lane_m1", "kind": "traffic_light", "road_id": "r12", "s": 40.30988118486674, "t": -7.1, "heading": -2.3515841314508203, "value": null, "controller_id": "lane_sig119_lane_m1", "orientation": "+", "validities": [[-1, -1]], "h_offset": 0.0, "osm_node_id": null, "tags": {"junction_id": "j15", "control": "one_approach_per_stage", "source": "inferred_wide_crossing", "inferred": true, "rig_anchor": "sig119", "controlled_lane": -1}}}, {"type": "Feature", "geometry": {"type": "Point", "coordinates": [-106.30644723752648, 217.9484541708005, 33.208260267373134]}, "properties": {"id": "sig120", "kind": "speed_limit", "road_id": "r3", "s": 0.0, "t": -11.0, "heading": -0.7962894951373108, "value": 13.88888888888889, "controller_id": null, "orientation": "+", "validities": [], "h_offset": 0.0, "osm_node_id": null, "tags": {"maxspeed": "50"}}}, {"type": "Feature", "geometry": {"type": "Point", "coordinates": [-42.03959568437733, 193.41217728468254, 32.200929202043305]}, "properties": {"id": "sig121", "kind": "speed_limit", "road_id": "r4", "s": 0.0, "t": -14.5, "heading": 0.7813415286222156, "value": 13.88888888888889, "controller_id": null, "orientation": "+", "validities": [], "h_offset": 0.0, "osm_node_id": null, "tags": {"maxspeed": "50"}}}, {"type": "Feature", "geometry": {"type": "Point", "coordinates": [-247.52633869522546, -9.590150087367586, 32.13256297699538]}, "properties": {"id": "sig122", "kind": "speed_limit", "road_id": "r5", "s": 0.0, "t": -11.0, "heading": 0.7731794196380922, "value": 13.88888888888889, "controller_id": null, "orientation": "+", "validities": [], "h_offset": 0.0, "osm_node_id": null, "tags": {"maxspeed": "50"}}}, {"type": "Feature", "geometry": {"type": "Point", "coordinates": [-65.14593665609792, -82.04615578391304, 28.564268745359865]}, "properties": {"id": "sig123", "kind": "speed_limit", "road_id": "r6", "s": 0.0, "t": -7.5, "heading": -0.8207442904350195, "value": 13.88888888888889, "controller_id": null, "orientation": "+", "validities": [], "h_offset": 0.0, "osm_node_id": null, "tags": {"maxspeed": "50"}}}, {"type": "Feature", "geometry": {"type": "Point", "coordinates": [-1.2051970043302713, -118.40129976205584, 27.14314367755952]}, "properties": {"id": "sig124", "kind": "speed_limit", "road_id": "r6", "s": 70.18628556125904, "t": 14.5, "heading": 2.320848363154754, "value": 13.88888888888889, "controller_id": null, "orientation": "-", "validities": [], "h_offset": 0.0, "osm_node_id": null, "tags": {"maxspeed": "50"}}}, {"type": "Feature", "geometry": {"type": "Point", "coordinates": [-69.73723381863991, -85.2257820896997, 28.572094165108286]}, "properties": {"id": "sig125", "kind": "speed_limit", "road_id": "r7", "s": 0.0, "t": -3.8, "heading": -0.9906887127924445, "value": 2.7777777777777777, "controller_id": null, "orientation": "+", "validities": [], "h_offset": 0.0, "osm_node_id": null, "tags": {"maxspeed": "10"}}}, {"type": "Feature", "geometry": {"type": "Point", "coordinates": [102.75957027633217, 173.0156413164948, 29.286780636624133]}, "properties": {"id": "sig126", "kind": "speed_limit", "road_id": "r9", "s": 0.0, "t": -19.400832784713874, "heading": -2.3578484379487614, "value": 13.88888888888889, "controller_id": null, "orientation": "+", "validities": [], "h_offset": 0.0, "osm_node_id": null, "tags": {"maxspeed": "50"}}}, {"type": "Feature", "geometry": {"type": "Point", "coordinates": [134.28207668713318, -24.10892768515633, 26.366934571810955]}, "properties": {"id": "sig127", "kind": "speed_limit", "road_id": "r10", "s": 0.0, "t": -11.280533088296039, "heading": -0.7971554171814645, "value": 13.88888888888889, "controller_id": null, "orientation": "+", "validities": [], "h_offset": 0.0, "osm_node_id": null, "tags": {"maxspeed": "50"}}}, {"type": "Feature", "geometry": {"type": "Point", "coordinates": [174.55626116079134, -64.85766826534893, 25.073754401754364]}, "properties": {"id": "sig128", "kind": "speed_limit", "road_id": "r11", "s": 0.0, "t": -11.320672314850725, "heading": -0.7897596140810539, "value": 13.88888888888889, "controller_id": null, "orientation": "+", "validities": [], "h_offset": 0.0, "osm_node_id": null, "tags": {"maxspeed": "50"}}}, {"type": "Feature", "geometry": {"type": "Point", "coordinates": [246.6295723580467, -65.07059704835906, 24.061669992180235]}, "properties": {"id": "sig129", "kind": "speed_limit", "road_id": "r12", "s": 0.0, "t": -7.1, "heading": -2.3568853200296487, "value": 8.333333333333334, "controller_id": null, "orientation": "+", "validities": [], "h_offset": 0.0, "osm_node_id": null, "tags": {"maxspeed": "30"}}}, {"type": "Feature", "geometry": {"type": "Point", "coordinates": [198.74344786923217, -112.51690760425016, 24.21553797078273]}, "properties": {"id": "sig130", "kind": "speed_limit", "road_id": "r13", "s": 0.0, "t": -7.5, "heading": -2.35123925654551, "value": 8.333333333333334, "controller_id": null, "orientation": "+", "validities": [], "h_offset": 0.0, "osm_node_id": null, "tags": {"maxspeed": "30"}}}, {"type": "Feature", "geometry": {"type": "Point", "coordinates": [-218.07780019943348, 226.52258561463694, 34.683546811864645]}, "properties": {"id": "sig131", "kind": "speed_limit", "road_id": "r14", "s": 0.0, "t": -11.466714168961325, "heading": -2.3618194896068667, "value": 13.88888888888889, "controller_id": null, "orientation": "+", "validities": [], "h_offset": 0.0, "osm_node_id": null, "tags": {"maxspeed": "50"}}}, {"type": "Feature", "geometry": {"type": "Point", "coordinates": [-184.13108182272308, 47.16561103718181, 31.87210555476188]}, "properties": {"id": "sig132", "kind": "speed_limit", "road_id": "r15", "s": 0.0, "t": -7.5, "heading": -0.8289562830157449, "value": 13.88888888888889, "controller_id": null, "orientation": "+", "validities": [], "h_offset": 0.0, "osm_node_id": null, "tags": {"maxspeed": "50"}}}, {"type": "Feature", "geometry": {"type": "Point", "coordinates": [-94.32590005099168, -18.26331942547113, 29.964071130753844]}, "properties": {"id": "sig133", "kind": "speed_limit", "road_id": "r15", "s": 108.91242176418777, "t": 14.5, "heading": 2.31263637057406, "value": 13.88888888888889, "controller_id": null, "orientation": "-", "validities": [], "h_offset": 0.0, "osm_node_id": null, "tags": {"maxspeed": "50"}}}, {"type": "Feature", "geometry": {"type": "Point", "coordinates": [-52.22416059857916, 163.35423774009084, 31.59483318911721]}, "properties": {"id": "sig134", "kind": "speed_limit", "road_id": "r16", "s": 0.0, "t": -11.0, "heading": -0.7896230848536278, "value": 13.88888888888889, "controller_id": null, "orientation": "+", "validities": [], "h_offset": 0.0, "osm_node_id": null, "tags": {"maxspeed": "50"}}}, {"type": "Feature", "geometry": {"type": "Point", "coordinates": [8.950744487493976, 79.07271445345472, 29.112883227728346]}, "properties": {"id": "sig135", "kind": "speed_limit", "road_id": "r17", "s": 0.0, "t": -18.5, "heading": -2.3535590384638976, "value": 13.88888888888889, "controller_id": null, "orientation": "+", "validities": [], "h_offset": 0.0, "osm_node_id": null, "tags": {"maxspeed": "50"}}}, {"type": "Feature", "geometry": {"type": "Point", "coordinates": [-132.4773848875914, -220.32330625983684, 27.229082156346628]}, "properties": {"id": "sig136", "kind": "speed_limit", "road_id": "r18", "s": 0.0, "t": -4.5, "heading": 2.3736535445542084, "value": 8.333333333333334, "controller_id": null, "orientation": "+", "validities": [], "h_offset": 0.0, "osm_node_id": null, "tags": {"maxspeed": "30"}}}, {"type": "Feature", "geometry": {"type": "Point", "coordinates": [-215.16493607759483, -140.48149830642865, 29.629330955575774]}, "properties": {"id": "sig137", "kind": "speed_limit", "road_id": "r19", "s": 0.0, "t": -4.5, "heading": 2.373717403509733, "value": 8.333333333333334, "controller_id": null, "orientation": "+", "validities": [], "h_offset": 0.0, "osm_node_id": null, "tags": {"maxspeed": "30"}}}, {"type": "Feature", "geometry": {"type": "Point", "coordinates": [45.90602933874461, 66.63291621992698, 28.866543119871757]}, "properties": {"id": "sig138", "kind": "speed_limit", "road_id": "r20", "s": 0.0, "t": -11.599687428513171, "heading": -0.7837304436765191, "value": 13.88888888888889, "controller_id": null, "orientation": "+", "validities": [], "h_offset": 0.0, "osm_node_id": null, "tags": {"maxspeed": "50"}}}, {"type": "Feature", "geometry": {"type": "Point", "coordinates": [231.22199140045106, -121.62608405860618, 23.897030736342025]}, "properties": {"id": "sig139", "kind": "speed_limit", "road_id": "r21", "s": 0.0, "t": -11.895957859510471, "heading": -0.7897695996460838, "value": 13.88888888888889, "controller_id": null, "orientation": "+", "validities": [], "h_offset": 0.0, "osm_node_id": null, "tags": {"maxspeed": "50"}}}, {"type": "Feature", "geometry": {"type": "Point", "coordinates": [208.17451594596037, 108.29036799466454, 27.205795204158843]}, "properties": {"id": "sig140", "kind": "speed_limit", "road_id": "r22", "s": 0.0, "t": -11.0, "heading": 2.354888117775582, "value": 13.88888888888889, "controller_id": null, "orientation": "+", "validities": [], "h_offset": 0.0, "osm_node_id": null, "tags": {"maxspeed": "50"}}}, {"type": "Feature", "geometry": {"type": "Point", "coordinates": [112.91809901366864, 204.43790716817412, 29.786349046839813]}, "properties": {"id": "sig141", "kind": "speed_limit", "road_id": "r23", "s": 0.0, "t": -11.0, "heading": 2.354499505414708, "value": 13.88888888888889, "controller_id": null, "orientation": "+", "validities": [], "h_offset": 0.0, "osm_node_id": null, "tags": {"maxspeed": "50"}}}, {"type": "Feature", "geometry": {"type": "Point", "coordinates": [-252.46851893793917, 106.20467356166567, 33.6283781924334]}, "properties": {"id": "sig142", "kind": "speed_limit", "road_id": "r24", "s": 0.0, "t": -3.8, "heading": -0.8185281742498186, "value": 2.7777777777777777, "controller_id": null, "orientation": "+", "validities": [], "h_offset": 0.0, "osm_node_id": null, "tags": {"maxspeed": "10"}}}, {"type": "Feature", "geometry": {"type": "Point", "coordinates": [-147.70435832125276, 87.94053452338348, 32.22320680376732]}, "properties": {"id": "sig143", "kind": "speed_limit", "road_id": "r25", "s": 0.0, "t": -14.5, "heading": 0.7812734230364408, "value": 13.88888888888889, "controller_id": null, "orientation": "+", "validities": [], "h_offset": 0.0, "osm_node_id": null, "tags": {"maxspeed": "50"}}}, {"type": "Feature", "geometry": {"type": "Point", "coordinates": [-105.89705741134117, 129.9179905939284, 32.14421178598097]}, "properties": {"id": "sig144", "kind": "speed_limit", "road_id": "r26", "s": 0.0, "t": -14.5, "heading": 0.7812925528113926, "value": 13.88888888888889, "controller_id": null, "orientation": "+", "validities": [], "h_offset": 0.0, "osm_node_id": null, "tags": {"maxspeed": "50"}}}, {"type": "Feature", "geometry": {"type": "Point", "coordinates": [-178.09577601099252, 85.42267016149066, 32.30769949882515]}, "properties": {"id": "sig145", "kind": "speed_limit", "road_id": "r27", "s": 0.0, "t": -4.0, "heading": 2.32191486218693, "value": 2.7777777777777777, "controller_id": null, "orientation": "+", "validities": [], "h_offset": 0.0, "osm_node_id": null, "tags": {"maxspeed": "10"}}}, {"type": "Feature", "geometry": {"type": "Point", "coordinates": [-190.75886766083553, 40.12366703069035, 31.86384815760283]}, "properties": {"id": "sig146", "kind": "speed_limit", "road_id": "r28", "s": 0.0, "t": -3.8, "heading": -0.8184667754359746, "value": 2.7777777777777777, "controller_id": null, "orientation": "+", "validities": [], "h_offset": 0.0, "osm_node_id": null, "tags": {"maxspeed": "10"}}}, {"type": "Feature", "geometry": {"type": "Point", "coordinates": [-89.983720170243, -13.781819225663924, 29.956919869274245]}, "properties": {"id": "sig147", "kind": "speed_limit", "road_id": "r29", "s": 0.0, "t": -4.0, "heading": 2.3604120716577466, "value": 2.7777777777777777, "controller_id": null, "orientation": "+", "validities": [], "h_offset": 0.0, "osm_node_id": null, "tags": {"maxspeed": "10"}}}, {"type": "Feature", "geometry": {"type": "Point", "coordinates": [-2.205003518353884, -149.59950758945024, 26.91276565660295]}, "properties": {"id": "sig148", "kind": "speed_limit", "road_id": "r30", "s": 0.0, "t": -7.5, "heading": -0.8214706915312192, "value": 13.88888888888889, "controller_id": null, "orientation": "+", "validities": [], "h_offset": 0.0, "osm_node_id": null, "tags": {"maxspeed": "50"}}}, {"type": "Feature", "geometry": {"type": "Point", "coordinates": [88.46133667658437, -214.6885904178552, 25.105783782076973]}, "properties": {"id": "sig149", "kind": "speed_limit", "road_id": "r30", "s": 109.33476120727016, "t": 14.5, "heading": 2.31467007078278, "value": 13.88888888888889, "controller_id": null, "orientation": "-", "validities": [], "h_offset": 0.0, "osm_node_id": null, "tags": {"maxspeed": "50"}}}, {"type": "Feature", "geometry": {"type": "Point", "coordinates": [5.550896677393127, -111.18044631830168, 27.103094042402184]}, "properties": {"id": "sig150", "kind": "speed_limit", "road_id": "r31", "s": 0.0, "t": -4.0, "heading": 2.3243043057019506, "value": 2.7777777777777777, "controller_id": null, "orientation": "+", "validities": [], "h_offset": 0.0, "osm_node_id": null, "tags": {"maxspeed": "10"}}}, {"type": "Feature", "geometry": {"type": "Point", "coordinates": [-8.230324965449231, -154.24543007233322, 26.946753823208667]}, "properties": {"id": "sig151", "kind": "speed_limit", "road_id": "r32", "s": 0.0, "t": -3.8, "heading": -0.806341030058996, "value": 2.7777777777777777, "controller_id": null, "orientation": "+", "validities": [], "h_offset": 0.0, "osm_node_id": null, "tags": {"maxspeed": "10"}}}, {"type": "Feature", "geometry": {"type": "Point", "coordinates": [100.71833627861606, -213.2550193337345, 25.196767388098657]}, "properties": {"id": "sig152", "kind": "speed_limit", "road_id": "r34", "s": 0.0, "t": -4.1, "heading": 2.323600821770209, "value": 2.7777777777777777, "controller_id": null, "orientation": "+", "validities": [], "h_offset": 0.0, "osm_node_id": null, "tags": {"maxspeed": "10"}}}, {"type": "Feature", "geometry": {"type": "Point", "coordinates": [232.62181955684616, 84.36247837073526, 26.50313775531783]}, "properties": {"id": "sig153", "kind": "speed_limit", "road_id": "r35", "s": 0.0, "t": -10.399999999999999, "heading": 2.364171636525794, "value": 13.88888888888889, "controller_id": null, "orientation": "+", "validities": [], "h_offset": 0.0, "osm_node_id": null, "tags": {"maxspeed": "50"}}}, {"type": "Feature", "geometry": {"type": "Point", "coordinates": [239.76024253429858, 86.39968810036005, 26.534827068666097]}, "properties": {"id": "sig155", "kind": "speed_limit", "road_id": "r37", "s": 0.0, "t": -6.5, "heading": 1.48453350395674, "value": 2.7777777777777777, "controller_id": null, "orientation": "+", "validities": [], "h_offset": 0.0, "osm_node_id": null, "tags": {"maxspeed": "10"}}}, {"type": "Feature", "geometry": {"type": "Point", "coordinates": [111.50009059221927, -1.4753379549487953, 26.92128852720974]}, "properties": {"id": "sig157", "kind": "speed_limit", "road_id": "r41", "s": 0.0, "t": -10.399999999999999, "heading": -0.8066402538895957, "value": 13.88888888888889, "controller_id": null, "orientation": "+", "validities": [], "h_offset": 0.0, "osm_node_id": null, "tags": {"maxspeed": "50"}}}, {"type": "Feature", "geometry": {"type": "Point", "coordinates": [31.049956435623905, -103.79565124405764, 26.959843170404937]}, "properties": {"id": "sig158", "kind": "speed_limit", "road_id": "r42", "s": 0.0, "t": -4.3, "heading": 0.7844271911932887, "value": 2.7777777777777777, "controller_id": null, "orientation": "+", "validities": [], "h_offset": 0.0, "osm_node_id": null, "tags": {"maxspeed": "10"}}}, {"type": "Feature", "geometry": {"type": "Point", "coordinates": [119.82786360621596, 6.08637927633965, 26.914260059371696]}, "properties": {"id": "sig159", "kind": "speed_limit", "road_id": "r44", "s": 0.0, "t": -6.5, "heading": 0.1871268459814925, "value": 2.7777777777777777, "controller_id": null, "orientation": "+", "validities": [], "h_offset": 0.0, "osm_node_id": null, "tags": {"maxspeed": "10"}}}, {"type": "Feature", "geometry": {"type": "Point", "coordinates": [-88.26920365068838, -223.56495665945206, 26.59063648477562]}, "properties": {"id": "sig161", "kind": "speed_limit", "road_id": "r47", "s": 0.0, "t": -4.3, "heading": 0.7923616998885608, "value": 2.7777777777777777, "controller_id": null, "orientation": "+", "validities": [], "h_offset": 0.0, "osm_node_id": null, "tags": {"maxspeed": "10"}}}, {"type": "Feature", "geometry": {"type": "Point", "coordinates": [-216.16206540292015, -170.90152402264468, 29.156414051120343]}, "properties": {"id": "sig166", "kind": "speed_limit", "road_id": "r53", "s": 0.0, "t": -4.5, "heading": -0.7654561406314865, "value": 8.333333333333334, "controller_id": null, "orientation": "+", "validities": [], "h_offset": 0.0, "osm_node_id": null, "tags": {"maxspeed": "30"}}}, {"type": "Feature", "geometry": {"type": "Point", "coordinates": [156.77180634330617, 229.29687703697056, 29.11109680540506]}, "properties": {"id": "sig167", "kind": "speed_limit", "road_id": "r54", "s": 0.0, "t": -18.5, "heading": -2.357774409224783, "value": 13.88888888888889, "controller_id": null, "orientation": "+", "validities": [], "h_offset": 0.0, "osm_node_id": null, "tags": {"maxspeed": "50"}}}, {"type": "Feature", "geometry": {"type": "Point", "coordinates": [-132.33367042673743, -62.01531204163244, 29.452967934711644]}, "properties": {"id": "sig168", "kind": "speed_limit", "road_id": "r55", "s": 0.0, "t": -19.105640953658206, "heading": -2.3536683357236803, "value": 13.88888888888889, "controller_id": null, "orientation": "+", "validities": [], "h_offset": 0.0, "osm_node_id": null, "tags": {"maxspeed": "50"}}}, {"type": "Feature", "geometry": {"type": "Point", "coordinates": [-252.64015990834957, -135.840327419188, 30.286298599478116]}, "properties": {"id": "sig169", "kind": "speed_limit", "road_id": "r56", "s": 0.0, "t": -4.5, "heading": -0.7658260515917445, "value": 8.333333333333334, "controller_id": null, "orientation": "+", "validities": [], "h_offset": 0.0, "osm_node_id": null, "tags": {"maxspeed": "30"}}}, {"type": "Feature", "geometry": {"type": "Point", "coordinates": [-232.6860350100619, -161.73655471068062, 29.21168979214722]}, "properties": {"id": "sig170", "kind": "speed_limit", "road_id": "r57", "s": 0.0, "t": -17.0, "heading": -2.359699305406132, "value": 13.88888888888889, "controller_id": null, "orientation": "+", "validities": [], "h_offset": 0.0, "osm_node_id": null, "tags": {"maxspeed": "50"}}}, {"type": "Feature", "geometry": {"type": "Point", "coordinates": [254.37818692775937, 61.896201978195876, 25.668654295463945]}, "properties": {"id": "sig171", "kind": "speed_limit", "road_id": "r58", "s": 0.0, "t": -11.401890577984936, "heading": 2.3528406431443245, "value": 13.88888888888889, "controller_id": null, "orientation": "+", "validities": [], "h_offset": 0.0, "osm_node_id": null, "tags": {"maxspeed": "50"}}}, {"type": "Feature", "geometry": {"type": "Point", "coordinates": [-258.9290573639794, 127.2262539667236, 34.091204668748766]}, "properties": {"id": "sig172", "kind": "speed_limit", "road_id": "r59", "s": 0.0, "t": -7.5, "heading": -0.8185118938848067, "value": 13.88888888888889, "controller_id": null, "orientation": "+", "validities": [], "h_offset": 0.0, "osm_node_id": null, "tags": {"maxspeed": "50"}}}, {"type": "Feature", "geometry": {"type": "Point", "coordinates": [-183.59428313164528, 79.03546284578739, 32.2949139165488]}, "properties": {"id": "sig173", "kind": "speed_limit", "road_id": "r59", "s": 86.56803736723163, "t": 14.5, "heading": 2.3165259976068278, "value": 13.88888888888889, "controller_id": null, "orientation": "-", "validities": [], "h_offset": 0.0, "osm_node_id": null, "tags": {"maxspeed": "50"}}}]}