{"type": "FeatureCollection", "features": [{"type": "Feature", "geometry": {"type": "Polygon", "coordinates": [[[-118.59, 140.118], [-117.872, 139.218], [-117.755, 138.734], [-116.986, 139.382], [-81.885, 174.159], [-82.467, 174.386], [-82.437, 194.185], [-105.949, 218.298], [-98.444, 225.641], [-76.142, 202.78], [-75.553, 203.348], [-72.356, 201.949], [-54.57, 201.889], [-53.007, 203.018], [-52.251, 203.707], [-28.146, 227.617], [-18.287, 217.677], [-44.247, 191.926], [-44.423, 191.317], [-44.045, 190.107], [-44.363, 175.454], [-44.647, 174.526], [-44.502, 171.501], [-44.394, 171.312], [-44.414, 171.1], [14.756, 111.438], [27.258, 99.949], [29.13, 99.687], [30.462, 100.229], [103.112, 172.661], [103.238, 172.533], [107.153, 176.67], [111.667, 181.881], [111.784, 189.941], [83.761, 218.111], [91.198, 225.523], [112.561, 204.086], [112.632, 204.156], [115.618, 201.27], [117.724, 199.44], [119.506, 198.09], [125.955, 197.871], [157.125, 228.943], [169.833, 216.195], [140.738, 187.192], [140.739, 175.281], [149.286, 166.623], [203.806, 111.963], [208.972, 106.93], [215.442, 106.93], [221.599, 100.758], [228.59, 87.629], [231.154, 90.266], [233.49, 89.341], [233.603, 90.643], [233.796, 98.335], [233.963, 100.562], [234.135, 101.685], [234.651, 103.898], [235.392, 106.046], [236.35, 108.106], [237.514, 110.057], [238.873, 111.878], [240.385, 113.521], [248.799, 121.765], [252.998, 117.479], [244.696, 109.345], [243.498, 108.042], [242.462, 106.654], [241.693, 105.366], [240.964, 103.797], [240.424, 102.234], [239.929, 99.882], [239.79, 98.033], [239.596, 90.309], [239.262, 86.443], [237.447, 79.748], [237.899, 78.491], [238.55, 77.294], [239.407, 76.265], [254.023, 61.544], [246.289, 53.861], [231.735, 68.519], [231.046, 69.244], [230.097, 70.431], [223.57, 70.483], [217.58, 76.308], [221.687, 80.531], [211.504, 90.689], [207.53, 86.726], [207.246, 86.876], [207.319, 80.949], [206.73, 73.958], [206.232, 70.544], [204.233, 70.572], [205.24, 69.416], [194.761, 60.278], [190.567, 56.006], [187.943, 52.867], [185.06, 49.988], [185.225, 49.823], [173.929, 38.672], [159.755, 26.852], [147.075, 12.737], [144.351, 9.915], [144.009, 10.244], [144.052, 8.232], [131.4, 6.948], [127.484, 6.864], [122.754, 1.814], [127.96, -3.619], [131.801, -7.402], [135.819, -3.478], [144.232, -12.091], [144.226, -16.12], [144.965, -18.566], [145.427, -19.375], [168.915, -43.422], [169.018, -43.32], [172.209, -46.449], [172.986, -46.73], [173.975, -46.865], [174.973, -46.828], [175.953, -46.634], [176.969, -46.231], [177.793, -45.422], [176.514, -44.065], [248.305, 23.598], [253.757, 17.814], [186.331, -45.734], [182.156, -50.054], [178.91, -53.274], [182.596, -56.888], [208.741, -83.247], [215.56, -83.27], [220.491, -87.54], [222.715, -89.783], [246.983, -65.424], [254.826, -73.279], [230.529, -97.667], [237.442, -104.64], [237.451, -111.029], [255.933, -129.657], [247.84, -137.68], [231.578, -121.274], [231.714, -121.139], [230.516, -119.934], [206.823, -119.856], [206.49, -120.188], [207.271, -120.96], [124.895, -204.156], [117.448, -205.6], [114.799, -211.656], [116.792, -214.004], [116.7, -217.782], [113.367, -219.521], [114.007, -221.044], [104.087, -231.062], [90.025, -217.138], [94.502, -212.617], [20.712, -133.852], [14.438, -126.545], [13.956, -135.407], [51.59, -175.359], [88.093, -215.027], [72.641, -229.247], [36.226, -189.676], [4.589, -156.152], [4.281, -156.439], [-1.252, -153.472], [-4.382, -152.768], [-0.994, -156.562], [58.715, -221.001], [56.294, -223.244], [-3.444, -158.774], [-6.174, -155.667], [-7.714, -154.06], [-8.047, -154.424], [-8.717, -153.814], [-9.57, -153.303], [-10.579, -153.014], [-11.797, -152.954], [-13.194, -153.135], [-15.475, -153.813], [-17.83, -154.87], [-20.18, -156.197], [-23.13, -158.176], [-27.664, -161.886], [-30.55, -164.428], [-32.604, -166.407], [-88.625, -223.214], [-91.331, -220.546], [-33.177, -161.579], [-19.448, -147.8], [-19.256, -142.061], [-47.793, -112.516], [-58.452, -100.998], [-60.631, -98.209], [-69.319, -84.952], [-69.591, -85.084], [-70.578, -83.493], [-71.655, -81.533], [-75.747, -76.116], [-78.862, -72.346], [-81.445, -69.392], [-84.688, -65.853], [-86.742, -65.672], [-89.739, -65.547], [-93.737, -65.638], [-97.717, -66.029], [-101.653, -66.734], [-105.515, -67.772], [-109.26, -69.171], [-111.073, -70.016], [-112.834, -70.963], [-114.533, -72.017], [-116.159, -73.181], [-117.699, -74.457], [-187.478, -144.526], [-199.229, -156.558], [-132.825, -220.683], [-135.603, -223.56], [-202.024, -159.42], [-205.571, -162.281], [-205.563, -163.054], [-206.543, -163.064], [-212.677, -168.01], [-157.864, -220.679], [-160.635, -223.563], [-215.816, -170.541], [-220.707, -173.799], [-245.065, -198.127], [-256.753, -186.481], [-232.384, -162.141], [-232.887, -161.656], [-232.295, -160.973], [-231.768, -160.179], [-230.627, -156.333], [-230.789, -156.026], [-252.294, -135.48], [-249.521, -132.597], [-227.838, -153.311], [-218.325, -143.686], [-252.294, -110.885], [-249.517, -108.008], [-215.512, -140.841], [-200.663, -131.4], [-131.979, -62.368], [-131.893, -62.452], [-115.389, -45.991], [-114.044, -43.924], [-113.384, -42.643], [-113.216, -37.399], [-113.78, -36.696], [-119.11, -31.081], [-123.299, -26.412], [-137.439, -11.19], [-138.675, -9.941], [-140.605, -8.272], [-142.011, -7.239], [-143.457, -6.311], [-146.665, -4.527], [-149.05, -2.946], [-151.278, -1.15], [-152.697, 0.189], [-190.295, 40.359], [-190.433, 40.218], [-191.164, 40.85], [-191.936, 41.19], [-192.906, 41.277], [-194.146, 41.075], [-195.558, 40.585], [-197.039, 39.864], [-198.536, 38.97], [-200.764, 37.399], [-204.382, 34.381], [-207.194, 31.741], [-209.959, 28.97], [-230.411, 7.811], [-247.876, -9.232], [-255.209, -1.718], [-237.855, 15.218], [-215.422, 38.447], [-201.791, 52.759], [-252.103, 106.546], [-249.694, 108.801], [-203.65, 59.601], [-202.181, 58.248], [-200.978, 57.447], [-204.38, 69.815], [-229.823, 96.798], [-258.564, 127.568], [-243.231, 141.917], [-214.418, 111.072], [-187.331, 82.344], [-181.162, 75.666], [-178.303, 78.082], [-178.821, 79.514], [-179.286, 80.399], [-179.829, 81.239], [-181.019, 82.693], [-252.176, 158.903], [-249.618, 161.292], [-174.766, 81.136], [-162.133, 94.026], [-128.741, 127.17], [-122.008, 134.103], [-121.743, 134.504], [-122.678, 134.923], [-121.39, 137.789], [-121.436, 137.82], [-123.647, 135.588], [-206.028, 217.185], [-207.135, 218.338], [-208.5, 219.973], [-203.434, 224.203], [-202.216, 222.744], [-118.728, 140.008], [-118.59, 140.118]], [[164.492, 37.063], [165.148, 36.473], [170.299, 42.395], [181.551, 53.502], [181.715, 53.338], [184.598, 56.217], [187.844, 58.923], [187.664, 59.13], [202.251, 71.851], [202.28, 74.02], [201.831, 74.027], [201.32, 80.875], [201.084, 99.486], [200.84, 99.971], [200.386, 100.522], [141.115, 159.887], [139.494, 161.055], [138.625, 161.55], [136.803, 162.372], [135.86, 162.704], [133.929, 163.222], [130.963, 163.657], [128.965, 163.731], [126.968, 163.635], [124.987, 163.366], [123.039, 162.916], [121.147, 162.271], [119.341, 161.415], [117.665, 160.326], [116.894, 159.689], [51.895, 94.927], [51.235, 94.177], [50.675, 93.349], [50.216, 92.461], [49.582, 90.567], [49.28, 88.592], [49.235, 87.593], [49.33, 85.597], [49.643, 83.622], [50.152, 81.689], [50.849, 79.815], [51.733, 78.022], [52.815, 76.342], [53.437, 75.559], [87.205, 40.783], [108.545, 19.808], [114.589, 14.113], [115.367, 13.485], [116.529, 12.809], [123.724, 12.785], [131.271, 12.947], [139.735, 12.453], [139.743, 12.116], [141.936, 12.163], [144.659, 14.986], [164.492, 37.063]], [[25.591, -109.157], [24.022, -111.464], [22.611, -113.841], [21.389, -116.273], [20.406, -118.736], [19.915, -120.377], [19.483, -122.78], [19.435, -124.296], [19.489, -125.014], [19.761, -126.347], [20.25, -127.535], [21.02, -128.668], [23.366, -131.42], [97.036, -210.057], [104.604, -202.414], [111.459, -202.532], [114.512, -198.553], [116.68, -196.108], [199.048, -112.919], [198.972, -112.847], [200.221, -111.332], [201.08, -109.883], [201.086, -91.747], [199.995, -89.968], [198.98, -88.785], [174.286, -63.859], [164.249, -54.068], [136.677, -25.845], [118.613, -25.885], [114.872, -25.549], [114.872, -25.211], [111.493, -25.39], [108.414, -25.26], [82.217, -52.022], [27.758, -106.372], [25.591, -109.157]], [[114.868, -20.224], [118.609, -19.885], [124.152, -19.882], [122.049, -16.927], [120.869, -10.528], [113.914, -7.624], [109.172, -3.485], [109.167, 1.702], [106.744, 5.657], [105.315, 7.58], [100.86, 11.799], [79.331, 32.959], [46.259, 66.987], [44.286, 67.768], [39.855, 72.46], [29.032, 72.572], [23.151, 67.112], [-54.876, -11.323], [-56.245, -12.78], [-58.148, -15.098], [-59.877, -17.55], [-61.438, -20.111], [-63.272, -23.665], [-64.47, -26.415], [-65.84, -30.172], [-66.958, -34.012], [-67.858, -38.084], [-65.781, -40.365], [-43.941, -63.073], [-42.615, -64.244], [-41.198, -65.299], [-39.648, -66.266], [-37.143, -67.665], [-35.433, -68.835], [-33.837, -70.135], [-32.396, -71.526], [5.184, -111.521], [5.447, -111.363], [7.039, -113.342], [8.96, -115.367], [13.123, -115.541], [79.514, -49.35], [84.072, -45.424], [106.636, -22.359], [107.601, -23.303], [107.468, -21.34], [114.868, -20.224]], [[45.476, 86.414], [45.5, 88.662], [43.469, 86.705], [43.135, 85.397], [45.969, 82.73], [45.569, 85.205], [45.476, 86.414]], [[-159.053, 77.587], [-160.802, 75.481], [-161.809, 74.064], [-162.947, 71.983], [-163.348, 70.744], [-163.423, 70.216], [-163.353, 69.383], [-163.008, 68.659], [-119.524, 21.884], [-118.205, 20.177], [-117.048, 18.356], [-116.055, 16.424], [-114.962, 13.637], [-114.171, 11.911], [-113.256, 10.323], [-112.197, 8.826], [-110.964, 7.388], [-95.697, -8.821], [-90.443, -14.031], [-90.378, -13.959], [-89.593, -14.593], [-88.806, -14.919], [-87.864, -14.988], [-86.665, -14.769], [-85.994, -14.546], [-84.577, -13.904], [-83.121, -13.054], [-81.661, -12.052], [-78.434, -9.425], [9.307, 78.721], [9.177, 78.848], [10.574, 80.252], [9.93, 81.69], [9.788, 90.613], [9.96, 100.955], [9.448, 102.03], [5.676, 105.673], [-51.868, 163.705], [-52.314, 163.263], [-63.425, 163.48], [-71.878, 163.528], [-72.301, 163.39], [-74.293, 161.93], [-100.959, 135.519], [-100.899, 135.459], [-103.748, 132.617], [-106.836, 129.679], [-113.519, 122.548], [-148.074, 88.278], [-155.755, 81.013], [-159.053, 77.587]], [[2.634, -113.917], [-34.878, -73.994], [-36.162, -72.756], [-37.531, -71.64], [-38.988, -70.643], [-41.428, -69.281], [-43.173, -68.193], [-44.822, -66.964], [-46.365, -65.603], [-68.527, -42.547], [-68.776, -45.267], [-68.035, -47.416], [-3.898, -116.244], [-0.66, -114.991], [0.361, -114.991], [1.41, -115.315], [3.691, -115.185], [2.634, -113.917]], [[-19.1, -137.371], [-18.885, -130.965], [-70.101, -75.997], [-70.16, -76.035], [-68.884, -79.023], [-67.967, -80.8], [-66.955, -82.525], [-57.921, -96.324], [-55.968, -98.824], [-45.395, -110.249], [-20.055, -136.481], [-19.1, -137.371]], [[-114.96, 6.672], [-116.207, 8.434], [-117.285, 10.305], [-118.184, 12.267], [-119.249, 14.981], [-120.088, 16.615], [-121.073, 18.164], [-122.195, 19.617], [-167.83, 68.632], [-168.64, 67.145], [-169.172, 65.741], [-167.133, 60.439], [-98.063, -14.926], [-94.45, -14.985], [-98.204, -11.264], [-113.568, 5.048], [-114.96, 6.672]], [[-135.056, -8.906], [-120.862, -24.187], [-116.685, -28.842], [-113.065, -32.656], [-113.037, -31.81], [-112.097, -30.694], [-180.22, 43.638], [-188.996, 43.803], [-150.358, 2.519], [-149.107, 1.339], [-147.099, -0.281], [-144.949, -1.706], [-141.762, -3.478], [-140.141, -4.518], [-137.84, -6.265], [-136.402, -7.546], [-135.056, -8.906]]]}, "properties": {"id": "drivable_0", "kind": "drivable", "z_offset": 0.0, "source": "osm_tags", "confidence": 1.0, "road_ids": ["r2", "r3", "r4", "r5", "r6", "r7", "r8", "r9", "r10", "r11", "r12", "r13", "r15", "r16", "r17", "r18", "r19", "r20", "r21", "r22", "r23", "r24", "r25", "r26", "r27", "r28", "r29", "r30", "r31", "r32", "r34", "r35", "r36", "r37", "r40", "r41", "r42", "r44", "r46", "r47", "r49", "r50", "r51", "r52", "r53", "r54", "r55", "r56", "r57", "r58", "r59", "r60", "r61", "r62", "r63", "r64", "r65", "r66", "r67", "r68", "r69", "r70", "r71", "r72", "j1c1", "j1c2", "j1c3", "j1c4", "j1c5", "j1c6", "j1c7", "j1c8", "j1c9", "j1c10", "j1c11", "j2c1", "j2c2", "j2c3", "j2c4", "j2c5", "j2c6", "j2c7", "j2c8", "j2c9", "j2c10", "j2c11", "j2c12", "j2c13", "j2c14", "j2c15", "j2c16", "j2c17", "j2c18", "j3c1", "j3c2", "j3c3", "j3c4", "j3c5", "j3c6", "j4c1", "j4c2", "j4c3", "j4c4", "j4c5", "j4c6", "j4c7", "j4c8", "j4c9", "j4c10", "j4c11", "j4c12", "j4c13", "j4c14", "j4c15", "j4c16", "j4c17", "j4c18", "j4c19", "j4c20", "j4c21", "j5c1", "j5c2", "j5c3", "j5c4", "j5c5", "j5c6", "j5c7", "j5c8", "j5c9", "j6c1", "j6c2", "j6c3", "j6c4", "j6c5", "j6c6", "j6c7", "j6c8", "j6c9", "j6c10", "j6c11", "j6c12", "j6c13", "j6c14", "j6c15", "j7c1", "j7c2", "j7c3", "j7c4", "j7c5", "j7c6", "j7c7", "j7c8", "j7c9", "j7c10", "j8c1", "j8c2", "j9c1", "j9c2", "j9c3", "j9c4", "j10c1", "j10c2", "j10c3", "j10c4", "j10c5", "j10c6", "j10c7", "j10c8", "j10c9", "j10c10", "j11c1", "j11c2", "j11c3", "j11c4", "j12c1", "j12c2", "j12c3", "j12c4", "j14c1", "j14c2", "j14c3", "j14c4", "j15c1", "j15c2", "j15c3", "j15c4", "j15c5", "j15c6", "j15c7", "j16c1", "j16c2", "j16c3", "j16c4"], "junction_id": null, "tags": {"junction_ids": ["j1", "j2", "j3", "j4", "j5", "j6", "j7", "j8", "j9", "j10", "j11", "j12", "j14", "j15", "j16"]}}}, {"type": "Feature", "geometry": {"type": "Polygon", "coordinates": [[[-210.015, 218.369], [-235.146, 193.52], [-247.215, 181.799], [-254.855, 189.667], [-242.822, 201.353], [-217.726, 226.167], [-210.015, 218.369]]]}, "properties": {"id": "drivable_1", "kind": "drivable", "z_offset": 0.0, "source": "osm_tags", "confidence": 1.0, "road_ids": ["r14"], "junction_id": null, "tags": {}}}, {"type": "Feature", "geometry": {"type": "Polygon", "coordinates": [[[-231.112, -196.497], [-235.646, -201.062], [-238.876, -204.295], [-245.065, -198.127], [-220.708, -173.8], [-220.707, -173.799], [-215.816, -170.541], [-210.789, -175.371], [-160.635, -223.563], [-160.958, -223.899], [-168.837, -216.268], [-172.868, -212.37], [-185.28, -200.364], [-195.475, -190.446], [-199.69, -186.347], [-201.179, -185.748], [-202.858, -185.765], [-212.2, -176.789], [-212.799, -177.391], [-216.479, -178.057], [-213.846, -180.709], [-219.164, -185.991], [-219.637, -186.002], [-220.942, -186.225], [-221.594, -186.78], [-231.112, -196.497]]]}, "properties": {"id": "sidewalk_0", "kind": "sidewalk", "z_offset": 0.15, "source": "osm_tags", "confidence": 1.0, "road_ids": ["r53", "r57"], "junction_id": "j1", "tags": {}}}, {"type": "Feature", "geometry": {"type": "Polygon", "coordinates": [[[-212.677, -168.01], [-206.543, -163.064], [-205.563, -163.054], [-205.571, -162.281], [-202.024, -159.42], [-198.4, -162.92], [-135.603, -223.56], [-143.939, -232.192], [-156.9, -219.676], [-157.864, -220.679], [-207.967, -172.535], [-212.677, -168.01]]]}, "properties": {"id": "sidewalk_1", "kind": "sidewalk", "z_offset": 0.15, "source": "osm_tags", "confidence": 1.0, "road_ids": ["r18", "r53"], "junction_id": "j1", "tags": {}}}, {"type": "Feature", "geometry": {"type": "Polygon", "coordinates": [[[-254.869, -173.77], [-252.648, -175.939], [-245.806, -168.931], [-245.146, -167.01], [-245.159, -164.065], [-238.163, -157.117], [-245.206, -150.429], [-245.203, -149.24], [-245.747, -147.985], [-246.851, -146.697], [-255.27, -138.575], [-252.294, -135.48], [-241.792, -145.579], [-232.184, -154.701], [-232.18, -154.697], [-230.789, -156.026], [-230.627, -156.333], [-231.768, -160.179], [-232.295, -160.973], [-232.887, -161.656], [-232.384, -162.141], [-243.397, -173.077], [-256.753, -186.481], [-262.163, -181.09], [-254.869, -173.77]]]}, "properties": {"id": "sidewalk_2", "kind": "sidewalk", "z_offset": 0.15, "source": "osm_tags", "confidence": 1.0, "road_ids": ["r56", "r57"], "junction_id": "j1", "tags": {}}}, {"type": "Feature", "geometry": {"type": "Polygon", "coordinates": [[[-84.688, -65.853], [-81.445, -69.392], [-78.862, -72.346], [-75.747, -76.116], [-71.655, -81.532], [-71.655, -81.533], [-70.578, -83.493], [-69.591, -85.084], [-69.319, -84.952], [-69.298, -84.985], [-69.022, -85.404], [-68.919, -85.562], [-60.631, -98.209], [-58.452, -100.998], [-47.793, -112.516], [-19.256, -142.061], [-19.304, -143.495], [-19.448, -147.8], [-33.177, -161.579], [-35.284, -163.715], [-35.285, -163.714], [-91.331, -220.546], [-97.247, -214.711], [-96.508, -213.97], [-90.879, -208.384], [-88.663, -206.196], [-82.507, -199.799], [-77.263, -194.912], [-70.02, -187.705], [-64.325, -181.974], [-60.051, -177.709], [-55.091, -172.723], [-46.426, -164.071], [-40.798, -158.474], [-40.794, -158.282], [-40.5, -158.572], [-40.482, -157.729], [-34.968, -143.065], [-56.513, -120.761], [-67.484, -108.905], [-69.039, -107.026], [-70.486, -105.064], [-79.356, -91.529], [-70.992, -86.048], [-91.67, -82.827], [-93.381, -80.995], [-97.711, -78.896], [-112.003, -79.075], [-113.087, -79.491], [-115.082, -79.18], [-114.186, -80.071], [-114.446, -80.332], [-116.646, -81.174], [-125.093, -89.77], [-125.637, -89.247], [-125.637, -89.248], [-127.259, -90.892], [-126.707, -91.425], [-129.877, -94.645], [-129.274, -95.235], [-134.472, -100.459], [-135.071, -99.854], [-141.862, -106.44], [-149.272, -114.003], [-154.366, -118.89], [-160.421, -125.042], [-165.505, -130.062], [-165.506, -130.062], [-171.386, -135.948], [-174.414, -139.014], [-178.571, -143.089], [-181.916, -146.455], [-182.426, -146.91], [-182.736, -147.265], [-182.911, -147.61], [-182.978, -148.087], [-182.968, -149.005], [-183.766, -148.212], [-192.263, -156.752], [-182.77, -165.919], [-182.711, -166.323], [-182.519, -167.034], [-182.327, -167.501], [-181.95, -168.0], [-178.295, -171.599], [-174.632, -175.164], [-169.907, -179.718], [-164.713, -184.76], [-158.7, -190.569], [-154.008, -195.0], [-148.898, -200.087], [-145.461, -203.374], [-140.518, -208.239], [-138.77, -209.96], [-136.269, -212.382], [-134.245, -214.259], [-131.552, -216.98], [-130.367, -218.138], [-132.825, -220.683], [-195.578, -160.083], [-199.229, -156.558], [-187.478, -144.526], [-187.475, -144.523], [-187.474, -144.522], [-187.423, -144.471], [-186.358, -143.401], [-117.699, -74.457], [-116.159, -73.181], [-114.533, -72.017], [-112.834, -70.963], [-111.073, -70.016], [-109.26, -69.171], [-105.515, -67.772], [-101.653, -66.734], [-97.717, -66.029], [-93.737, -65.638], [-89.739, -65.547], [-86.742, -65.672], [-84.688, -65.853]]]}, "properties": {"id": "sidewalk_3", "kind": "sidewalk", "z_offset": 0.15, "source": "osm_tags", "confidence": 1.0, "road_ids": ["r6", "r7", "r18", "r47", "r55"], "junction_id": null, "tags": {"junction_ids": ["j1", "j4", "j6"]}}}, {"type": "Feature", "geometry": {"type": "Polygon", "coordinates": [[[-241.417, -124.17], [-253.685, -112.324], [-252.295, -110.885], [-252.294, -110.885], [-228.197, -134.153], [-219.818, -142.244], [-218.325, -143.686], [-227.838, -153.311], [-249.521, -132.597], [-241.417, -124.17]]]}, "properties": {"id": "sidewalk_4", "kind": "sidewalk", "z_offset": 0.15, "source": "osm_tags", "confidence": 1.0, "road_ids": ["r19", "r56"], "junction_id": "j1", "tags": {}}}, {"type": "Feature", "geometry": {"type": "Polygon", "coordinates": [[[-147.937, -17.776], [-148.811, -17.134], [-149.621, -16.614], [-152.905, -14.788], [-156.147, -12.639], [-159.175, -10.198], [-160.562, -8.888], [-165.495, -3.63], [-187.474, 20.127], [-189.498, 22.293], [-189.827, 22.299], [-195.514, 28.375], [-208.7, 23.608], [-207.799, 22.737], [-207.894, 22.639], [-209.034, 22.66], [-225.109, 6.501], [-227.401, 4.191], [-230.153, 1.425], [-239.294, -7.77], [-244.35, -12.845], [-247.876, -9.232], [-230.411, 7.811], [-209.959, 28.97], [-207.194, 31.741], [-204.382, 34.381], [-200.764, 37.399], [-198.536, 38.97], [-197.039, 39.864], [-195.558, 40.585], [-194.146, 41.075], [-192.906, 41.277], [-191.936, 41.19], [-191.164, 40.85], [-190.433, 40.218], [-190.295, 40.359], [-152.697, 0.189], [-151.278, -1.15], [-149.05, -2.946], [-146.665, -4.527], [-143.457, -6.311], [-142.011, -7.239], [-140.605, -8.272], [-138.675, -9.941], [-137.439, -11.19], [-123.299, -26.412], [-119.11, -31.081], [-113.78, -36.696], [-113.216, -37.399], [-113.262, -38.83], [-113.384, -42.643], [-114.044, -43.924], [-115.389, -45.991], [-131.893, -62.452], [-131.979, -62.368], [-200.663, -131.4], [-215.512, -140.841], [-216.976, -139.428], [-249.517, -108.008], [-246.735, -105.126], [-244.307, -107.481], [-235.902, -115.611], [-226.602, -124.574], [-225.808, -125.352], [-223.54, -126.142], [-213.409, -135.924], [-204.367, -127.715], [-205.23, -126.856], [-204.353, -125.974], [-204.352, -125.973], [-202.59, -125.352], [-193.281, -116.034], [-176.211, -99.031], [-165.681, -88.581], [-155.879, -78.819], [-146.001, -68.923], [-135.739, -58.627], [-135.526, -58.839], [-134.381, -57.69], [-134.363, -57.117], [-123.348, -44.046], [-127.929, -39.22], [-132.162, -34.503], [-146.102, -19.496], [-146.94, -18.649], [-147.75, -17.928], [-147.937, -17.776]], [[-149.789, -5.718], [-151.679, -7.328], [-147.614, -12.049], [-146.82, -11.405], [-145.733, -10.438], [-149.789, -5.718]]]}, "properties": {"id": "sidewalk_5", "kind": "sidewalk", "z_offset": 0.15, "source": "osm_tags", "confidence": 1.0, "road_ids": ["r5", "r15", "r19", "r28", "r55"], "junction_id": null, "tags": {"junction_ids": ["j1", "j2", "j4"]}}}, {"type": "Feature", "geometry": {"type": "Polygon", "coordinates": [[[-113.065, -32.656], [-116.685, -28.842], [-120.862, -24.187], [-135.056, -8.906], [-136.402, -7.546], [-137.84, -6.265], [-140.141, -4.518], [-141.762, -3.478], [-144.949, -1.706], [-147.099, -0.281], [-149.107, 1.339], [-150.358, 2.519], [-188.996, 43.803], [-187.824, 43.781], [-180.22, 43.638], [-176.892, 40.007], [-112.097, -30.694], [-113.037, -31.81], [-113.065, -32.656]]]}, "properties": {"id": "sidewalk_6", "kind": "sidewalk", "z_offset": 0.15, "source": "osm_tags", "confidence": 1.0, "road_ids": ["r15", "r28"], "junction_id": null, "tags": {"junction_ids": ["j2", "j4"]}}}, {"type": "Feature", "geometry": {"type": "Polygon", "coordinates": [[[-122.195, 19.617], [-121.073, 18.164], [-120.088, 16.615], [-119.249, 14.981], [-118.184, 12.267], [-117.285, 10.305], [-116.207, 8.434], [-114.96, 6.672], [-113.568, 5.048], [-98.204, -11.264], [-94.45, -14.985], [-98.063, -14.926], [-98.452, -14.502], [-113.71, 2.147], [-136.908, 27.46], [-161.907, 54.737], [-167.133, 60.439], [-167.789, 62.144], [-169.172, 65.741], [-169.172, 65.742], [-168.64, 67.145], [-167.83, 68.632], [-122.195, 19.617]]]}, "properties": {"id": "sidewalk_7", "kind": "sidewalk", "z_offset": 0.15, "source": "osm_tags", "confidence": 1.0, "road_ids": ["r15", "r29"], "junction_id": null, "tags": {"junction_ids": ["j2", "j4"]}}}, {"type": "Feature", "geometry": {"type": "Polygon", "coordinates": [[[-257.148, 94.375], [-260.865, 98.347], [-253.821, 104.938], [-267.326, 119.368], [-258.564, 127.568], [-229.823, 96.798], [-205.409, 70.906], [-204.38, 69.815], [-202.191, 61.859], [-202.192, 61.858], [-201.072, 57.786], [-201.081, 57.516], [-202.181, 58.248], [-203.65, 59.601], [-249.694, 108.801], [-252.103, 106.546], [-201.791, 52.759], [-215.422, 38.447], [-237.855, 15.218], [-255.209, -1.718], [-258.535, 1.691], [-253.001, 7.212], [-245.223, 14.942], [-245.887, 15.62], [-245.267, 16.226], [-244.612, 15.564], [-237.094, 23.138], [-224.849, 35.565], [-223.419, 37.775], [-223.41, 37.823], [-222.917, 37.345], [-217.701, 52.224], [-223.587, 58.514], [-223.678, 58.844], [-224.865, 60.077], [-227.307, 62.642], [-231.464, 66.985], [-235.244, 71.183], [-238.865, 75.037], [-240.579, 76.925], [-243.347, 79.946], [-246.124, 82.9], [-248.675, 85.644], [-250.632, 87.754], [-254.328, 91.741], [-256.962, 94.562], [-257.148, 94.375]]]}, "properties": {"id": "sidewalk_8", "kind": "sidewalk", "z_offset": 0.15, "source": "osm_tags", "confidence": 1.0, "road_ids": ["r5", "r24", "r24", "r59"], "junction_id": "j2", "tags": {}}}, {"type": "Feature", "geometry": {"type": "Polygon", "coordinates": [[[-239.541, 145.371], [-181.019, 82.693], [-179.829, 81.239], [-179.286, 80.399], [-178.821, 79.514], [-178.303, 78.082], [-181.162, 75.666], [-187.331, 82.344], [-190.163, 85.347], [-214.418, 111.072], [-216.387, 113.234], [-243.231, 141.917], [-241.001, 144.004], [-253.638, 157.538], [-252.176, 158.903], [-239.541, 145.371]]]}, "properties": {"id": "sidewalk_9", "kind": "sidewalk", "z_offset": 0.15, "source": "osm_tags", "confidence": 1.0, "road_ids": ["r27", "r59"], "junction_id": "j2", "tags": {}}}, {"type": "Feature", "geometry": {"type": "Polygon", "coordinates": [[[-159.906, 100.535], [-159.404, 100.546], [-158.668, 100.735], [-158.125, 100.968], [-157.539, 101.301], [-156.644, 102.478], [-156.552, 103.722], [-155.967, 103.256], [-147.001, 112.585], [-146.6, 112.662], [-145.872, 112.984], [-145.871, 112.984], [-145.304, 113.384], [-144.693, 114.095], [-144.241, 114.717], [-143.815, 115.905], [-142.552, 117.238], [-125.594, 134.7], [-125.382, 134.487], [-125.031, 134.848], [-125.245, 135.06], [-124.2, 136.136], [-123.986, 135.924], [-123.647, 135.588], [-121.436, 137.82], [-121.39, 137.789], [-122.678, 134.923], [-121.743, 134.504], [-122.008, 134.103], [-123.489, 132.577], [-128.741, 127.17], [-128.753, 127.158], [-128.777, 127.136], [-157.915, 98.236], [-157.903, 98.224], [-162.133, 94.026], [-174.766, 81.136], [-249.618, 161.292], [-241.363, 169.0], [-238.443, 165.872], [-238.444, 165.774], [-237.515, 163.353], [-236.679, 162.465], [-234.304, 159.955], [-228.258, 153.413], [-221.76, 146.394], [-214.852, 139.652], [-209.04, 132.777], [-203.353, 127.102], [-195.717, 118.55], [-189.98, 112.397], [-182.395, 104.156], [-181.692, 103.389], [-181.324, 103.7], [-181.266, 103.212], [-181.09, 102.579], [-180.789, 102.057], [-180.271, 101.479], [-179.577, 100.979], [-178.857, 100.768], [-178.013, 100.735], [-177.651, 100.763], [-172.891, 95.665], [-159.679, 100.014], [-160.228, 100.567], [-159.906, 100.535]]]}, "properties": {"id": "sidewalk_10", "kind": "sidewalk", "z_offset": 0.15, "source": "osm_tags", "confidence": 1.0, "road_ids": ["r8", "r25", "r27", "r59"], "junction_id": null, "tags": {"junction_ids": ["j2", "j3"]}}}, {"type": "Feature", "geometry": {"type": "Polygon", "coordinates": [[[-139.212, 161.308], [-139.714, 160.805], [-141.62, 162.694], [-140.566, 163.747], [-138.661, 161.86], [-139.212, 161.308]]]}, "properties": {"id": "sidewalk_11", "kind": "sidewalk", "z_offset": 0.15, "source": "osm_tags", "confidence": 1.0, "road_ids": ["r8"], "junction_id": null, "tags": {}}}, {"type": "Feature", "geometry": {"type": "Polygon", "coordinates": [[[-235.146, 193.52], [-210.015, 218.369], [-206.848, 215.166], [-215.937, 206.544], [-224.351, 197.749], [-231.326, 190.596], [-236.595, 185.521], [-237.522, 183.395], [-243.308, 177.776], [-247.215, 181.799], [-235.146, 193.52]]]}, "properties": {"id": "sidewalk_12", "kind": "sidewalk", "z_offset": 0.15, "source": "osm_tags", "confidence": 1.0, "road_ids": ["r14"], "junction_id": null, "tags": {}}}, {"type": "Feature", "geometry": {"type": "Polygon", "coordinates": [[[-182.135, 202.844], [-181.091, 203.888], [-176.188, 199.03], [-177.235, 197.988], [-177.629, 198.379], [-182.135, 202.844]]]}, "properties": {"id": "sidewalk_13", "kind": "sidewalk", "z_offset": 0.15, "source": "osm_tags", "confidence": 1.0, "road_ids": ["r8"], "junction_id": null, "tags": {}}}, {"type": "Feature", "geometry": {"type": "Polygon", "coordinates": [[[-249.967, 200.659], [-249.75, 201.326], [-249.248, 201.126], [-249.248, 201.127], [-245.593, 205.435], [-239.279, 211.065], [-234.302, 216.007], [-229.1, 221.627], [-221.807, 228.401], [-220.861, 229.337], [-217.726, 226.167], [-242.822, 201.353], [-254.855, 189.667], [-258.762, 193.69], [-252.96, 199.324], [-252.719, 199.249], [-251.84, 199.171], [-251.063, 199.426], [-250.335, 200.026], [-249.967, 200.659]]]}, "properties": {"id": "sidewalk_14", "kind": "sidewalk", "z_offset": 0.15, "source": "osm_tags", "confidence": 1.0, "road_ids": ["r14"], "junction_id": null, "tags": {}}}, {"type": "Feature", "geometry": {"type": "Polygon", "coordinates": [[[-205.388, 216.551], [-205.957, 216.011], [-206.476, 215.518], [-207.097, 216.133], [-208.253, 217.336], [-209.652, 219.012], [-208.5, 219.973], [-207.135, 218.338], [-206.028, 217.185], [-205.388, 216.551]]]}, "properties": {"id": "sidewalk_15", "kind": "sidewalk", "z_offset": 0.15, "source": "osm_tags", "confidence": 1.0, "road_ids": ["r8"], "junction_id": null, "tags": {}}}, {"type": "Feature", "geometry": {"type": "Polygon", "coordinates": [[[-200.73, 221.271], [-202.216, 222.744], [-203.434, 224.203], [-202.282, 225.164], [-201.098, 223.746], [-200.256, 222.87], [-199.692, 222.311], [-200.39, 221.612], [-200.73, 221.271]]]}, "properties": {"id": "sidewalk_16", "kind": "sidewalk", "z_offset": 0.15, "source": "osm_tags", "confidence": 1.0, "road_ids": ["r8"], "junction_id": null, "tags": {}}}, {"type": "Feature", "geometry": {"type": "Polygon", "coordinates": [[[-30.55, -164.428], [-27.664, -161.886], [-23.13, -158.176], [-20.18, -156.197], [-17.83, -154.87], [-15.475, -153.813], [-13.194, -153.135], [-11.797, -152.954], [-10.579, -153.014], [-9.57, -153.303], [-8.717, -153.814], [-8.047, -154.424], [-8.046, -154.424], [-7.714, -154.06], [-6.174, -155.667], [-3.444, -158.774], [56.294, -223.244], [58.715, -221.001], [-0.994, -156.562], [-4.382, -152.768], [-1.252, -153.472], [4.281, -156.439], [4.589, -156.152], [36.226, -189.676], [72.641, -229.247], [63.81, -237.373], [53.333, -225.988], [47.492, -231.4], [-12.353, -166.814], [-12.709, -166.409], [-27.147, -171.74], [-26.237, -172.637], [-26.664, -173.07], [-27.316, -173.334], [-28.319, -173.878], [-32.416, -177.954], [-32.417, -177.954], [-38.69, -184.184], [-45.665, -190.792], [-51.277, -196.745], [-56.212, -201.41], [-60.678, -206.141], [-62.694, -208.162], [-64.852, -210.184], [-67.603, -213.071], [-70.096, -215.559], [-74.219, -219.624], [-79.538, -225.043], [-78.719, -225.854], [-82.283, -229.468], [-88.625, -223.214], [-32.604, -166.407], [-30.55, -164.428]]]}, "properties": {"id": "sidewalk_17", "kind": "sidewalk", "z_offset": 0.15, "source": "osm_tags", "confidence": 1.0, "road_ids": ["r30", "r32", "r32", "r47"], "junction_id": "j6", "tags": {}}}, {"type": "Feature", "geometry": {"type": "Polygon", "coordinates": [[[88.093, -215.027], [51.59, -175.359], [13.956, -135.407], [14.004, -134.519], [14.438, -126.545], [20.712, -133.852], [92.748, -210.744], [94.502, -212.617], [93.094, -214.039], [91.276, -212.098], [88.093, -215.027]]]}, "properties": {"id": "sidewalk_18", "kind": "sidewalk", "z_offset": 0.15, "source": "osm_tags", "confidence": 1.0, "road_ids": ["r30", "r34"], "junction_id": "j6", "tags": {}}}, {"type": "Feature", "geometry": {"type": "Polygon", "coordinates": [[[161.26, -51.009], [164.249, -54.068], [174.286, -63.859], [174.919, -64.498], [174.911, -64.506], [198.979, -88.784], [198.98, -88.785], [198.982, -88.788], [199.995, -89.968], [201.086, -91.747], [201.082, -105.248], [201.08, -109.883], [201.08, -109.884], [200.221, -111.332], [198.972, -112.847], [198.973, -112.847], [199.048, -112.919], [116.723, -196.065], [116.68, -196.108], [114.512, -198.553], [111.459, -202.532], [105.52, -202.43], [104.604, -202.414], [97.037, -210.056], [95.397, -208.306], [95.396, -208.307], [23.366, -131.42], [21.02, -128.668], [20.25, -127.535], [19.761, -126.347], [19.489, -125.014], [19.435, -124.296], [19.483, -122.78], [19.915, -120.377], [20.406, -118.736], [21.389, -116.273], [22.611, -113.841], [24.022, -111.464], [25.591, -109.157], [27.758, -106.372], [30.695, -103.44], [30.697, -103.442], [82.199, -52.04], [82.208, -52.049], [107.778, -25.91], [108.414, -25.26], [111.493, -25.39], [114.853, -25.212], [114.871, -25.212], [114.871, -25.549], [114.872, -25.549], [118.613, -25.885], [128.411, -25.879], [128.405, -25.869], [132.492, -25.857], [132.495, -25.854], [136.677, -25.845], [140.182, -29.434], [140.348, -29.604], [161.258, -51.011], [161.26, -51.009]], [[65.111, -160.861], [79.011, -175.799], [83.678, -180.808], [88.337, -185.805], [91.958, -189.715], [93.38, -190.403], [93.405, -190.925], [93.547, -191.458], [93.857, -191.88], [94.35, -192.169], [94.936, -192.213], [95.454, -191.847], [95.455, -191.847], [95.51, -191.797], [95.536, -191.774], [105.067, -201.947], [113.777, -193.149], [112.901, -192.281], [113.202, -191.977], [113.586, -192.08], [114.072, -192.058], [114.632, -191.791], [114.866, -191.325], [115.017, -190.603], [116.087, -190.014], [121.908, -183.761], [128.315, -177.797], [131.643, -174.476], [136.243, -169.901], [146.898, -159.283], [172.674, -133.672], [192.403, -113.98], [195.28, -111.425], [195.281, -109.089], [196.153, -109.953], [196.015, -91.83], [195.288, -92.551], [195.288, -91.545], [193.54, -89.768], [191.315, -87.525], [186.632, -82.794], [180.409, -76.486], [178.661, -74.72], [175.508, -71.544], [171.687, -67.702], [171.9, -67.49], [171.313, -66.901], [165.653, -61.206], [165.441, -60.992], [165.23, -60.78], [160.629, -56.171], [160.415, -56.38], [159.709, -55.673], [151.387, -47.322], [145.993, -41.902], [137.671, -33.528], [137.119, -32.962], [134.827, -30.652], [133.608, -30.655], [131.248, -28.239], [129.839, -27.878], [129.84, -30.666], [121.334, -30.69], [118.616, -30.698], [118.614, -27.547], [114.873, -27.549], [114.873, -27.212], [114.188, -27.212], [111.766, -27.377], [115.171, -30.708], [115.073, -30.708], [112.246, -33.495], [109.57, -36.139], [105.054, -40.626], [105.053, -40.626], [102.544, -43.124], [100.077, -45.568], [98.538, -47.101], [95.26, -50.332], [92.86, -52.731], [88.628, -56.93], [87.849, -57.701], [87.85, -57.702], [83.108, -62.405], [73.406, -72.056], [66.951, -78.476], [66.95, -78.476], [52.757, -92.57], [46.058, -99.244], [36.532, -108.962], [36.515, -109.272], [36.104, -108.86], [31.671, -123.596], [31.777, -123.716], [35.513, -127.704], [35.445, -128.953], [40.898, -134.806], [45.757, -140.037], [51.177, -145.857], [52.766, -147.567], [54.347, -149.266], [60.042, -155.397], [65.111, -160.861]]]}, "properties": {"id": "sidewalk_19", "kind": "sidewalk", "z_offset": 0.15, "source": "osm_tags", "confidence": 1.0, "road_ids": ["r10", "r11", "r13", "r30", "r34", "r42", "r46", "r52", "r68", "r69", "r70"], "junction_id": null, "tags": {"junction_ids": ["j6", "j8", "j11", "j12", "j15"]}}}, {"type": "Feature", "geometry": {"type": "Polygon", "coordinates": [[[-20.055, -136.481], [-45.395, -110.249], [-55.968, -98.824], [-57.921, -96.324], [-66.955, -82.525], [-67.967, -80.8], [-68.884, -79.023], [-70.16, -76.035], [-70.101, -75.997], [-23.792, -125.698], [-18.885, -130.965], [-19.037, -135.497], [-19.1, -137.371], [-20.055, -136.481]]]}, "properties": {"id": "sidewalk_20", "kind": "sidewalk", "z_offset": 0.15, "source": "osm_tags", "confidence": 1.0, "road_ids": ["r6", "r7"], "junction_id": null, "tags": {"junction_ids": ["j4", "j6"]}}}, {"type": "Feature", "geometry": {"type": "Polygon", "coordinates": [[[-34.878, -73.994], [2.634, -113.917], [3.69, -115.184], [2.153, -115.272], [2.152, -115.273], [1.41, -115.315], [0.361, -114.991], [-0.66, -114.991], [-3.898, -116.244], [-8.532, -111.271], [-49.405, -67.401], [-49.409, -67.405], [-66.246, -49.336], [-68.034, -47.417], [-68.035, -47.416], [-68.776, -45.267], [-68.776, -45.266], [-68.527, -42.547], [-48.078, -63.821], [-48.078, -63.822], [-46.9, -65.047], [-46.365, -65.603], [-44.822, -66.964], [-43.173, -68.193], [-41.428, -69.281], [-38.988, -70.643], [-37.531, -71.64], [-36.162, -72.756], [-34.878, -73.994]]]}, "properties": {"id": "sidewalk_21", "kind": "sidewalk", "z_offset": 0.15, "source": "osm_tags", "confidence": 1.0, "road_ids": ["r6", "r31"], "junction_id": null, "tags": {"junction_ids": ["j4", "j6"]}}}, {"type": "Feature", "geometry": {"type": "Polygon", "coordinates": [[[-12.821, 22.557], [-15.765, 19.636], [-21.837, 13.616], [-25.283, 10.195], [-36.381, -0.844], [-48.959, -13.505], [-49.901, -16.157], [-49.958, -16.215], [-50.842, -15.336], [-50.715, -17.556], [-51.245, -19.049], [-51.074, -21.778], [-51.016, -28.753], [-51.084, -33.678], [-49.541, -38.148], [-49.432, -40.052], [-35.633, -54.401], [-35.048, -54.917], [-34.426, -55.38], [-33.545, -55.93], [-30.991, -57.356], [-26.746, -61.883], [-16.401, -73.145], [-13.633, -76.122], [-8.38, -81.719], [-5.67, -84.618], [-4.098, -86.284], [-3.354, -87.072], [1.004, -91.715], [1.464, -91.537], [1.832, -92.425], [2.35, -93.203], [3.061, -93.736], [3.998, -94.025], [4.784, -93.98], [5.086, -93.876], [10.285, -99.418], [22.604, -95.334], [22.016, -94.744], [22.473, -94.713], [23.368, -94.336], [23.987, -93.691], [24.355, -93.036], [24.539, -92.548], [24.865, -92.725], [30.677, -86.961], [34.625, -83.007], [45.857, -71.734], [76.885, -40.648], [100.955, -16.802], [106.636, -22.359], [84.072, -45.424], [84.07, -45.426], [79.514, -49.35], [79.513, -49.351], [79.497, -49.366], [78.624, -50.237], [13.123, -115.541], [8.96, -115.367], [7.039, -113.342], [5.447, -111.364], [5.447, -111.363], [5.184, -111.521], [-32.396, -71.526], [-33.837, -70.135], [-35.433, -68.835], [-37.143, -67.665], [-39.648, -66.266], [-41.198, -65.299], [-42.615, -64.244], [-43.941, -63.073], [-44.338, -62.66], [-44.91, -62.065], [-45.456, -61.498], [-48.384, -58.454], [-65.781, -40.365], [-67.858, -38.084], [-66.958, -34.012], [-65.84, -30.172], [-64.47, -26.415], [-63.272, -23.665], [-61.438, -20.111], [-59.877, -17.55], [-58.148, -15.098], [-56.245, -12.78], [-54.876, -11.323], [23.151, 67.112], [29.032, 72.572], [39.855, 72.46], [44.286, 67.768], [46.259, 66.987], [79.331, 32.959], [100.86, 11.799], [105.315, 7.58], [106.744, 5.657], [109.167, 1.702], [109.172, -3.485], [103.495, 1.467], [101.24, 4.249], [100.757, 3.733], [91.086, 13.539], [82.413, 22.335], [64.306, 40.649], [55.574, 49.489], [46.141, 59.029], [44.298, 59.699], [43.366, 60.66], [41.654, 62.366], [41.885, 62.598], [41.016, 62.942], [37.378, 66.795], [31.225, 66.859], [26.031, 62.082], [26.984, 61.134], [24.773, 58.911], [22.807, 58.107], [-0.435, 34.918], [-3.638, 31.719], [-9.576, 25.8], [-12.821, 22.557]]]}, "properties": {"id": "sidewalk_22", "kind": "sidewalk", "z_offset": 0.15, "source": "osm_tags", "confidence": 1.0, "road_ids": ["r6", "r17", "r20", "r31", "r42", "r52"], "junction_id": null, "tags": {"junction_ids": ["j4", "j6", "j9", "j7"]}}}, {"type": "Feature", "geometry": {"type": "Polygon", "coordinates": [[[118.608, -19.885], [114.868, -20.224], [111.534, -20.727], [111.532, -20.727], [111.18, -20.751], [111.181, -20.78], [107.468, -21.34], [107.333, -19.345], [111.066, -19.092], [111.043, -18.755], [113.892, -18.563], [114.867, -18.562], [114.867, -18.224], [118.608, -18.222], [118.608, -17.885], [122.727, -17.883], [122.048, -16.928], [122.049, -16.927], [122.729, -17.883], [124.151, -19.881], [124.149, -19.881], [118.645, -19.885], [118.618, -19.885], [118.609, -19.885], [118.608, -19.885]]]}, "properties": {"id": "sidewalk_23", "kind": "sidewalk", "z_offset": 0.15, "source": "osm_tags", "confidence": 1.0, "road_ids": ["r46", "r68", "r69", "r70"], "junction_id": "j11", "tags": {}}}, {"type": "Feature", "geometry": {"type": "Polygon", "coordinates": [[[119.436, -11.924], [116.251, -8.6], [120.869, -10.528], [121.513, -14.021], [119.436, -11.924]]]}, "properties": {"id": "sidewalk_24", "kind": "sidewalk", "z_offset": 0.15, "source": "osm_tags", "confidence": 1.0, "road_ids": ["r41"], "junction_id": null, "tags": {}}}, {"type": "Feature", "geometry": {"type": "Polygon", "coordinates": [[[122.754, 1.814], [124.123, 3.275], [129.392, -2.223], [131.756, -4.61], [133.233, -6.003], [131.801, -7.402], [127.96, -3.619], [122.754, 1.814]]]}, "properties": {"id": "sidewalk_25", "kind": "sidewalk", "z_offset": 0.15, "source": "osm_tags", "confidence": 1.0, "road_ids": ["r41"], "junction_id": null, "tags": {}}}, {"type": "Feature", "geometry": {"type": "Polygon", "coordinates": [[[136.256, 20.77], [158.947, 42.045], [164.492, 37.064], [164.492, 37.063], [144.659, 14.986], [143.924, 14.224], [141.936, 12.163], [139.907, 12.12], [139.743, 12.116], [139.735, 12.453], [135.503, 12.7], [131.271, 12.947], [123.724, 12.785], [123.707, 12.785], [118.556, 12.802], [118.555, 12.809], [116.529, 12.809], [115.367, 13.485], [114.589, 14.113], [110.342, 18.116], [110.35, 18.119], [108.545, 19.808], [87.205, 40.783], [58.158, 70.722], [58.145, 70.71], [53.437, 75.559], [52.815, 76.342], [51.733, 78.022], [50.849, 79.815], [50.152, 81.689], [49.643, 83.622], [49.53, 84.333], [51.365, 82.911], [53.193, 81.26], [54.745, 80.276], [57.254, 78.019], [58.64, 79.41], [59.789, 78.265], [59.789, 75.067], [115.724, 20.769], [116.714, 20.769], [116.006, 20.014], [117.447, 18.665], [117.048, 20.769], [136.256, 20.77]]]}, "properties": {"id": "sidewalk_26", "kind": "sidewalk", "z_offset": 0.15, "source": "osm_tags", "confidence": 1.0, "road_ids": ["r20", "r36", "r44", "r60", "r61", "r62"], "junction_id": null, "tags": {"junction_ids": ["j9", "j7"]}}}, {"type": "Feature", "geometry": {"type": "Polygon", "coordinates": [[[-53.823, 163.292], [-52.315, 163.263], [-52.314, 163.263], [-51.868, 163.705], [-50.531, 162.356], [-14.174, 125.691], [5.246, 106.107], [5.676, 105.673], [9.448, 102.03], [9.96, 100.955], [9.788, 90.613], [9.93, 81.69], [10.574, 80.252], [9.177, 78.848], [9.307, 78.721], [-78.434, -9.425], [-81.661, -12.052], [-83.121, -13.054], [-84.577, -13.904], [-85.994, -14.546], [-86.665, -14.769], [-87.864, -14.988], [-88.806, -14.919], [-89.593, -14.593], [-90.378, -13.959], [-90.443, -14.031], [-95.697, -8.821], [-110.964, 7.388], [-112.197, 8.826], [-113.256, 10.323], [-114.171, 11.911], [-114.962, 13.637], [-116.055, 16.424], [-117.048, 18.356], [-118.205, 20.176], [-118.205, 20.177], [-119.524, 21.884], [-163.008, 68.659], [-163.353, 69.383], [-163.423, 70.216], [-163.348, 70.744], [-162.947, 71.983], [-161.809, 74.064], [-160.802, 75.481], [-159.053, 77.587], [-155.755, 81.013], [-148.074, 88.278], [-148.057, 88.295], [-148.056, 88.295], [-129.289, 106.908], [-118.918, 117.194], [-113.519, 122.548], [-106.845, 129.669], [-106.231, 130.254], [-103.748, 132.617], [-100.899, 135.459], [-100.959, 135.519], [-74.293, 161.93], [-72.301, 163.39], [-71.879, 163.528], [-71.878, 163.528], [-63.425, 163.48], [-53.824, 163.293], [-53.823, 163.292]], [[-105.105, 21.368], [-103.913, 18.331], [-103.494, 17.417], [-103.137, 16.798], [-102.724, 16.213], [-102.037, 15.412], [-87.102, -0.444], [-84.316, -3.206], [-71.671, 5.384], [-72.55, 6.258], [-71.611, 7.202], [-71.067, 7.448], [-68.899, 8.43], [-68.898, 8.43], [-69.032, 8.763], [-56.712, 21.457], [-45.421, 32.086], [-40.939, 36.795], [-35.436, 41.992], [-26.378, 51.111], [-15.631, 61.872], [-11.809, 65.693], [-7.376, 70.091], [-4.968, 72.945], [-0.36, 77.066], [2.969, 80.353], [3.897, 82.763], [3.892, 83.103], [4.212, 83.425], [4.098, 90.615], [4.238, 99.071], [3.917, 99.369], [3.922, 99.644], [2.885, 101.821], [-3.446, 108.218], [-8.338, 113.149], [-12.185, 117.048], [-15.062, 119.924], [-18.156, 123.034], [-18.157, 123.034], [-20.925, 125.755], [-22.874, 127.776], [-26.068, 130.975], [-30.685, 135.717], [-34.733, 139.671], [-39.232, 144.114], [-42.552, 147.545], [-43.227, 146.868], [-45.784, 149.446], [-45.111, 150.133], [-47.52, 152.565], [-49.427, 154.465], [-52.212, 157.297], [-54.676, 158.414], [-55.93, 159.679], [-55.033, 160.569], [-72.967, 159.487], [-72.064, 158.575], [-72.292, 158.349], [-74.424, 157.652], [-77.452, 154.62], [-81.726, 150.733], [-84.368, 147.712], [-89.579, 143.103], [-93.024, 139.083], [-101.664, 130.476], [-104.126, 128.132], [-104.337, 128.345], [-106.634, 126.158], [-111.813, 120.804], [-111.605, 120.595], [-114.41, 118.115], [-116.818, 115.383], [-119.729, 112.44], [-121.769, 110.429], [-131.011, 101.189], [-134.624, 97.58], [-134.833, 97.713], [-134.834, 97.713], [-139.257, 93.36], [-139.065, 93.182], [-144.802, 87.673], [-145.379, 87.918], [-146.082, 86.305], [-146.31, 86.534], [-147.069, 84.795], [-146.885, 84.725], [-150.748, 73.038], [-146.463, 68.435], [-146.475, 67.505], [-146.751, 67.383], [-145.589, 64.362], [-145.104, 64.45], [-144.201, 63.384], [-143.021, 62.229], [-139.233, 58.053], [-133.471, 52.056], [-125.074, 42.993], [-123.033, 40.838], [-115.799, 32.942], [-106.892, 23.579], [-105.658, 22.445], [-105.105, 21.368]]]}, "properties": {"id": "sidewalk_27", "kind": "sidewalk", "z_offset": 0.15, "source": "osm_tags", "confidence": 1.0, "road_ids": ["r15", "r16", "r17", "r25", "r26", "r29"], "junction_id": null, "tags": {"junction_ids": ["j2", "j3", "j4", "j5", "j7"]}}}, {"type": "Feature", "geometry": {"type": "Polygon", "coordinates": [[[43.469, 86.705], [45.5, 88.662], [45.476, 86.414], [45.569, 85.205], [45.969, 82.73], [43.135, 85.397], [43.469, 86.705]]]}, "properties": {"id": "sidewalk_28", "kind": "sidewalk", "z_offset": 0.15, "source": "osm_tags", "confidence": 1.0, "road_ids": [], "junction_id": "j7", "tags": {}}}, {"type": "Feature", "geometry": {"type": "Polygon", "coordinates": [[[196.938, 78.936], [199.853, 75.594], [199.879, 77.475], [199.604, 77.479], [199.621, 78.705], [199.595, 80.853], [196.267, 80.812], [196.179, 87.65], [196.135, 91.072], [199.193, 91.11], [197.069, 97.214], [196.19, 96.337], [196.066, 96.461], [196.044, 98.181], [138.242, 155.611], [138.455, 155.824], [134.817, 159.437], [119.727, 155.992], [119.977, 155.741], [115.555, 154.732], [99.832, 136.928], [101.566, 135.431], [85.439, 119.356], [85.28, 119.503], [59.789, 95.524], [59.789, 93.791], [57.585, 91.594], [57.585, 91.184], [56.859, 90.871], [56.397, 90.41], [56.215, 90.593], [54.215, 89.73], [53.026, 88.871], [51.79, 87.81], [49.81, 85.608], [49.389, 85.228], [49.33, 85.597], [49.235, 87.593], [49.28, 88.592], [49.582, 90.567], [50.216, 92.461], [50.675, 93.349], [51.235, 94.177], [51.895, 94.927], [116.894, 159.689], [117.665, 160.326], [119.341, 161.415], [121.147, 162.271], [123.039, 162.916], [124.987, 163.366], [126.968, 163.635], [128.965, 163.731], [130.963, 163.657], [133.929, 163.222], [135.86, 162.704], [136.803, 162.372], [138.625, 161.55], [139.494, 161.055], [141.115, 159.887], [200.386, 100.522], [200.84, 99.971], [201.084, 99.487], [201.084, 99.486], [201.088, 99.172], [201.111, 97.351], [201.32, 80.875], [201.831, 74.028], [201.831, 74.027], [202.28, 74.02], [202.265, 72.898], [202.265, 72.896], [202.264, 72.828], [202.251, 71.851], [200.839, 70.62], [187.664, 59.13], [187.548, 59.029], [187.74, 58.836], [184.598, 56.217], [181.715, 53.338], [181.551, 53.502], [181.486, 53.438], [181.466, 53.419], [170.299, 42.395], [165.235, 36.573], [165.234, 36.572], [164.849, 36.967], [164.849, 36.968], [163.837, 38.004], [166.591, 40.689], [166.37, 40.916], [169.122, 43.601], [168.902, 43.827], [174.299, 49.088], [174.334, 49.123], [174.371, 49.159], [180.137, 54.917], [175.466, 59.595], [176.313, 60.441], [176.993, 59.764], [182.147, 64.437], [187.422, 59.154], [187.544, 59.267], [182.643, 64.887], [196.312, 77.279], [196.298, 78.378], [196.938, 78.936]]]}, "properties": {"id": "sidewalk_29", "kind": "sidewalk", "z_offset": 0.15, "source": "osm_tags", "confidence": 1.0, "road_ids": ["r9", "r22", "r40", "r49", "r50", "r51", "r63", "r64", "r65", "r66", "r67", "r71", "r72"], "junction_id": null, "tags": {"junction_ids": ["j10", "j14", "j7"]}}}, {"type": "Feature", "geometry": {"type": "Polygon", "coordinates": [[[-39.339, 191.123], [-39.556, 190.908], [-40.455, 191.814], [-41.25, 174.236], [-40.339, 175.14], [-39.655, 174.45], [-39.817, 173.922], [-39.767, 172.878], [-39.299, 172.057], [-38.538, 171.456], [-37.927, 171.213], [-37.367, 171.101], [-37.618, 170.746], [-35.828, 168.98], [-31.529, 164.693], [-25.157, 158.34], [-18.767, 151.943], [-12.277, 145.424], [-5.612, 138.694], [7.611, 125.444], [16.2, 116.87], [17.764, 115.304], [19.029, 115.301], [20.495, 113.938], [20.462, 113.902], [20.983, 113.419], [23.688, 110.791], [28.623, 105.644], [33.147, 110.351], [33.844, 114.004], [34.912, 114.004], [36.008, 115.097], [37.459, 115.093], [53.391, 131.019], [63.076, 140.671], [71.43, 148.978], [83.841, 161.351], [93.476, 170.969], [98.418, 175.933], [98.438, 177.32], [98.454, 177.336], [99.372, 176.415], [101.589, 193.146], [100.685, 192.246], [98.683, 194.255], [98.702, 195.591], [95.324, 198.99], [94.579, 199.745], [83.155, 211.339], [80.083, 214.447], [83.761, 218.111], [111.783, 189.942], [111.667, 181.881], [107.153, 176.67], [103.24, 172.535], [103.113, 172.661], [103.112, 172.661], [99.997, 169.555], [42.582, 112.331], [42.591, 112.322], [30.462, 100.229], [29.13, 99.687], [27.258, 99.949], [14.756, 111.438], [-44.364, 171.05], [-44.378, 171.064], [-44.413, 171.098], [-44.414, 171.1], [-44.394, 171.312], [-44.502, 171.5], [-44.502, 171.501], [-44.647, 174.526], [-44.647, 174.528], [-44.363, 175.454], [-44.363, 175.455], [-44.045, 190.107], [-44.423, 191.317], [-44.247, 191.926], [-42.392, 193.767], [-18.287, 217.677], [-16.214, 215.587], [-16.768, 215.026], [-31.822, 199.955], [-37.484, 194.313], [-37.166, 193.936], [-37.952, 193.614], [-38.688, 193.114], [-39.14, 192.325], [-39.416, 191.37], [-39.339, 191.123]]]}, "properties": {"id": "sidewalk_30", "kind": "sidewalk", "z_offset": 0.15, "source": "osm_tags", "confidence": 1.0, "road_ids": ["r4", "r9", "r16", "r23"], "junction_id": null, "tags": {"junction_ids": ["j5", "j10", "j7"]}}}, {"type": "Feature", "geometry": {"type": "Polygon", "coordinates": [[[-86.988, 192.331], [-87.612, 191.729], [-87.596, 191.782], [-87.747, 192.648], [-88.148, 193.325], [-88.8, 193.681], [-89.126, 193.636], [-88.876, 194.181], [-90.423, 195.735], [-93.333, 198.667], [-96.519, 201.899], [-99.221, 204.587], [-102.215, 207.586], [-107.751, 213.15], [-109.461, 214.862], [-105.949, 218.298], [-82.437, 194.185], [-82.467, 174.386], [-81.885, 174.159], [-116.986, 139.382], [-117.755, 138.734], [-117.872, 139.218], [-118.59, 140.118], [-118.728, 140.008], [-119.635, 140.907], [-119.196, 141.343], [-118.573, 141.963], [-118.36, 141.752], [-117.994, 142.115], [-118.205, 142.328], [-115.981, 144.536], [-111.223, 149.268], [-105.879, 154.61], [-105.653, 154.843], [-100.743, 159.596], [-97.398, 162.995], [-94.705, 165.604], [-93.275, 167.093], [-91.577, 168.859], [-89.051, 171.235], [-88.642, 171.646], [-89.127, 171.835], [-88.683, 171.946], [-88.299, 172.146], [-87.705, 172.657], [-87.396, 173.368], [-87.496, 173.967], [-87.58, 174.123], [-87.532, 174.17], [-86.622, 173.254], [-86.938, 189.784], [-86.936, 191.282], [-86.967, 191.283], [-86.988, 192.331]]]}, "properties": {"id": "sidewalk_31", "kind": "sidewalk", "z_offset": 0.15, "source": "osm_tags", "confidence": 1.0, "road_ids": ["r3", "r8", "r26"], "junction_id": null, "tags": {"junction_ids": ["j3", "j5"]}}}, {"type": "Feature", "geometry": {"type": "Polygon", "coordinates": [[[-28.146, 227.617], [-52.251, 203.707], [-53.007, 203.018], [-54.57, 201.889], [-72.356, 201.949], [-75.553, 203.348], [-76.142, 202.78], [-80.424, 207.225], [-98.444, 225.641], [-94.299, 229.697], [-87.794, 223.048], [-88.566, 222.279], [-74.524, 208.13], [-72.314, 207.164], [-71.966, 206.803], [-72.858, 205.944], [-54.189, 205.659], [-55.073, 206.552], [-54.774, 206.849], [-54.773, 206.85], [-52.203, 207.841], [-48.113, 212.083], [-42.493, 217.547], [-36.162, 223.989], [-30.768, 229.387], [-31.414, 230.021], [-30.969, 230.462], [-28.146, 227.617]]]}, "properties": {"id": "sidewalk_32", "kind": "sidewalk", "z_offset": 0.15, "source": "osm_tags", "confidence": 1.0, "road_ids": ["r3", "r4"], "junction_id": "j5", "tags": {}}}, {"type": "Feature", "geometry": {"type": "Polygon", "coordinates": [[[94.957, 229.27], [100.115, 224.067], [112.577, 211.495], [114.107, 211.443], [117.017, 208.523], [116.102, 207.61], [117.922, 206.808], [122.292, 211.164], [133.1, 210.796], [142.307, 220.67], [137.065, 225.89], [148.653, 237.441], [157.125, 228.943], [128.719, 200.627], [125.955, 197.871], [122.806, 197.978], [119.506, 198.09], [117.724, 199.44], [115.618, 201.27], [112.633, 204.155], [112.632, 204.156], [112.562, 204.087], [91.198, 225.523], [94.957, 229.27]]]}, "properties": {"id": "sidewalk_33", "kind": "sidewalk", "z_offset": 0.15, "source": "osm_tags", "confidence": 1.0, "road_ids": ["r23", "r54"], "junction_id": "j10", "tags": {}}}, {"type": "Feature", "geometry": {"type": "Polygon", "coordinates": [[[227.476, -125.34], [228.4, -124.424], [210.216, -123.876], [211.09, -124.741], [210.174, -125.666], [209.214, -125.663], [207.767, -127.107], [197.899, -136.914], [194.955, -139.835], [188.172, -146.577], [168.518, -166.224], [162.731, -171.988], [154.677, -180.007], [151.783, -182.894], [152.134, -183.25], [152.645, -183.768], [144.737, -191.755], [143.779, -190.824], [140.885, -193.69], [129.344, -205.129], [128.934, -205.018], [127.976, -207.207], [127.748, -206.981], [127.603, -207.312], [114.007, -221.044], [113.368, -219.521], [115.033, -218.652], [115.355, -218.484], [116.7, -217.782], [116.7, -217.781], [116.745, -215.916], [116.792, -214.004], [114.799, -211.656], [117.448, -205.6], [124.895, -204.156], [207.271, -120.96], [206.491, -120.188], [206.823, -119.856], [230.516, -119.934], [231.714, -121.139], [231.578, -121.274], [231.577, -121.274], [247.84, -137.68], [244.454, -141.037], [241.716, -138.279], [238.253, -134.791], [232.858, -129.35], [229.262, -125.729], [227.857, -125.724], [227.476, -125.34]]]}, "properties": {"id": "sidewalk_34", "kind": "sidewalk", "z_offset": 0.15, "source": "osm_tags", "confidence": 1.0, "road_ids": ["r13", "r21"], "junction_id": null, "tags": {"junction_ids": ["j8", "j15"]}}}, {"type": "Feature", "geometry": {"type": "Polygon", "coordinates": [[[242.852, -110.097], [243.158, -109.794], [243.206, -109.842], [243.203, -110.269], [243.279, -111.013], [243.613, -111.546], [244.164, -112.179], [255.674, -123.951], [256.443, -123.196], [259.421, -126.2], [255.933, -129.657], [239.67, -113.251], [239.663, -113.258], [237.451, -111.029], [237.451, -111.025], [237.442, -104.64], [242.852, -110.097]]]}, "properties": {"id": "sidewalk_35", "kind": "sidewalk", "z_offset": 0.15, "source": "osm_tags", "confidence": 1.0, "road_ids": ["r21"], "junction_id": "j15", "tags": {}}}, {"type": "Feature", "geometry": {"type": "Polygon", "coordinates": [[[230.637, -97.559], [254.826, -73.279], [256.24, -74.694], [243.717, -87.199], [231.938, -99.088], [230.529, -97.667], [230.637, -97.559]]]}, "properties": {"id": "sidewalk_36", "kind": "sidewalk", "z_offset": 0.15, "source": "osm_tags", "confidence": 1.0, "road_ids": ["r12"], "junction_id": null, "tags": {}}}, {"type": "Feature", "geometry": {"type": "Polygon", "coordinates": [[[222.715, -89.783], [220.491, -87.54], [219.117, -86.35], [227.874, -77.512], [229.244, -77.517], [234.588, -72.197], [237.807, -68.987], [243.821, -62.979], [244.182, -62.62], [246.983, -65.424], [234.436, -77.954], [222.761, -89.736], [222.715, -89.783]]]}, "properties": {"id": "sidewalk_37", "kind": "sidewalk", "z_offset": 0.15, "source": "osm_tags", "confidence": 1.0, "road_ids": ["r12"], "junction_id": null, "tags": {}}}, {"type": "Feature", "geometry": {"type": "Polygon", "coordinates": [[[255.19, 16.293], [250.308, 11.433], [247.046, 8.178], [242.137, 3.28], [238.892, 0.093], [234.059, -4.65], [230.605, -8.115], [225.971, -12.757], [222.752, -15.978], [217.859, -20.876], [213.845, -24.897], [209.856, -28.895], [209.855, -28.896], [209.948, -28.995], [207.514, -31.416], [206.134, -32.794], [204.227, -34.704], [201.844, -37.092], [201.768, -37.014], [198.223, -40.537], [184.918, -53.076], [185.027, -53.204], [184.935, -53.294], [185.573, -53.936], [185.787, -53.725], [194.141, -62.114], [199.544, -67.534], [205.842, -73.842], [206.294, -74.297], [209.439, -77.451], [210.516, -77.455], [209.736, -78.229], [215.559, -83.27], [208.741, -83.247], [182.596, -56.888], [178.91, -53.274], [180.54, -51.657], [182.156, -50.054], [186.333, -45.733], [253.757, 17.814], [255.19, 16.293]]]}, "properties": {"id": "sidewalk_38", "kind": "sidewalk", "z_offset": 0.15, "source": "osm_tags", "confidence": 1.0, "road_ids": ["r2", "r11"], "junction_id": null, "tags": {"junction_ids": ["j12", "j15"]}}}, {"type": "Feature", "geometry": {"type": "Polygon", "coordinates": [[[210.624, -6.583], [215.249, -2.007], [218.645, 1.436], [219.598, 2.402], [223.403, 6.079], [224.215, 6.885], [224.22, 6.89], [231.691, 13.931], [234.727, 10.801], [176.514, -44.065], [177.793, -45.422], [176.969, -46.231], [175.953, -46.634], [174.973, -46.828], [173.975, -46.865], [172.986, -46.73], [172.211, -46.45], [172.209, -46.449], [171.398, -45.653], [169.018, -43.32], [169.017, -43.319], [168.915, -43.422], [147.366, -21.361], [145.427, -19.375], [145.426, -19.374], [144.965, -18.566], [144.226, -16.12], [144.229, -14.394], [144.232, -12.091], [145.381, -13.268], [146.277, -12.393], [149.028, -15.21], [149.028, -15.414], [149.404, -16.658], [149.898, -17.524], [150.466, -18.246], [151.169, -18.957], [154.004, -21.833], [165.538, -33.528], [174.478, -42.29], [178.267, -38.569], [182.582, -34.327], [186.329, -30.639], [190.762, -26.264], [194.358, -22.698], [198.916, -18.178], [202.537, -14.591], [207.12, -10.059], [210.624, -6.583]]]}, "properties": {"id": "sidewalk_39", "kind": "sidewalk", "z_offset": 0.15, "source": "osm_tags", "confidence": 1.0, "road_ids": ["r2", "r10"], "junction_id": null, "tags": {"junction_ids": ["j11", "j12"]}}}, {"type": "Feature", "geometry": {"type": "Polygon", "coordinates": [[[139.87, 6.142], [139.877, 5.805], [135.653, 5.714], [135.66, 5.377], [131.436, 5.286], [131.443, 4.949], [125.573, 4.823], [127.484, 6.864], [131.4, 6.948], [135.617, 7.376], [139.834, 7.804], [144.052, 8.232], [144.095, 6.233], [139.87, 6.142]]]}, "properties": {"id": "sidewalk_40", "kind": "sidewalk", "z_offset": 0.15, "source": "osm_tags", "confidence": 1.0, "road_ids": ["r44", "r60", "r61", "r62"], "junction_id": null, "tags": {}}}, {"type": "Feature", "geometry": {"type": "Polygon", "coordinates": [[[241.91, 23.562], [242.906, 22.572], [242.521, 22.094], [241.71, 22.294], [241.158, 22.853], [241.91, 23.562]]]}, "properties": {"id": "sidewalk_41", "kind": "sidewalk", "z_offset": 0.15, "source": "osm_tags", "confidence": 1.0, "road_ids": ["r2"], "junction_id": null, "tags": {}}}, {"type": "Feature", "geometry": {"type": "Polygon", "coordinates": [[[187.943, 52.867], [190.567, 56.006], [194.758, 60.275], [194.761, 60.278], [205.24, 69.416], [210.031, 63.922], [206.574, 60.487], [200.804, 54.756], [196.162, 50.125], [189.104, 43.083], [184.754, 38.728], [184.7, 38.674], [180.674, 34.642], [179.245, 33.22], [175.104, 37.467], [172.351, 34.782], [172.13, 35.009], [169.564, 32.507], [174.275, 28.275], [172.135, 26.146], [168.497, 22.525], [163.596, 17.661], [159.883, 13.984], [154.321, 8.487], [150.608, 4.822], [150.196, 4.275], [144.351, 9.914], [144.351, 9.915], [147.075, 12.737], [159.755, 26.852], [173.929, 38.672], [179.43, 44.036], [185.225, 49.823], [185.06, 49.988], [187.943, 52.867]]]}, "properties": {"id": "sidewalk_42", "kind": "sidewalk", "z_offset": 0.15, "source": "osm_tags", "confidence": 1.0, "road_ids": ["r36", "r49", "r50", "r51", "r63", "r64", "r71", "r72"], "junction_id": null, "tags": {}}}, {"type": "Feature", "geometry": {"type": "Polygon", "coordinates": [[[227.855, 64.53], [228.747, 65.447], [223.57, 70.482], [217.58, 76.308], [223.57, 70.483], [230.097, 70.431], [231.046, 69.244], [231.735, 68.519], [236.038, 64.185], [236.206, 64.012], [246.289, 53.861], [243.099, 50.693], [229.908, 63.797], [228.598, 63.807], [227.855, 64.53]]]}, "properties": {"id": "sidewalk_43", "kind": "sidewalk", "z_offset": 0.15, "source": "osm_tags", "confidence": 1.0, "road_ids": ["r58"], "junction_id": "j16", "tags": {}}}, {"type": "Feature", "geometry": {"type": "Polygon", "coordinates": [[[207.06, 77.874], [207.06, 77.877], [207.319, 80.949], [207.246, 86.876], [207.53, 86.726], [209.227, 88.418], [209.319, 80.974], [209.044, 80.97], [209.072, 78.697], [209.053, 77.346], [208.778, 77.35], [208.73, 73.93], [208.28, 73.936], [208.232, 70.516], [206.232, 70.544], [206.73, 73.958], [207.018, 77.374], [207.052, 77.373], [207.06, 77.874]]]}, "properties": {"id": "sidewalk_44", "kind": "sidewalk", "z_offset": 0.15, "source": "osm_tags", "confidence": 1.0, "road_ids": ["r40", "r65", "r66", "r67"], "junction_id": null, "tags": {}}}, {"type": "Feature", "geometry": {"type": "Polygon", "coordinates": [[[211.504, 90.689], [211.689, 90.505], [211.948, 90.246], [220.325, 81.872], [221.619, 80.599], [221.629, 80.589], [221.687, 80.531], [220.293, 79.098], [218.917, 80.452], [210.088, 89.277], [211.504, 90.689]]]}, "properties": {"id": "sidewalk_45", "kind": "sidewalk", "z_offset": 0.15, "source": "osm_tags", "confidence": 1.0, "road_ids": ["r35"], "junction_id": null, "tags": {}}}, {"type": "Feature", "geometry": {"type": "Polygon", "coordinates": [[[241.255, 86.271], [242.932, 80.033], [243.229, 80.339], [244.082, 79.51], [244.075, 78.091], [257.122, 64.909], [257.769, 65.699], [257.986, 65.48], [254.023, 61.544], [243.823, 71.817], [243.812, 71.829], [242.802, 72.87], [242.792, 72.856], [239.407, 76.265], [238.55, 77.294], [237.899, 78.491], [237.447, 79.748], [239.262, 86.443], [239.313, 87.038], [239.596, 90.309], [239.79, 98.03], [239.79, 98.033], [239.929, 99.882], [240.424, 102.234], [240.964, 103.797], [241.693, 105.366], [242.462, 106.654], [243.498, 108.042], [244.696, 109.345], [252.998, 117.479], [257.771, 112.607], [249.596, 104.597], [248.755, 103.682], [248.086, 102.786], [247.92, 102.523], [247.767, 102.252], [247.297, 101.241], [247.158, 100.838], [244.166, 97.86], [244.112, 86.024], [241.255, 86.271]]]}, "properties": {"id": "sidewalk_46", "kind": "sidewalk", "z_offset": 0.15, "source": "osm_tags", "confidence": 1.0, "road_ids": ["r37", "r58"], "junction_id": "j16", "tags": {}}}, {"type": "Feature", "geometry": {"type": "Polygon", "coordinates": [[[225.732, 103.306], [226.424, 106.269], [227.452, 109.251], [228.724, 111.987], [230.559, 111.987], [238.972, 120.084], [244.665, 125.984], [248.799, 121.765], [240.385, 113.521], [238.873, 111.878], [237.514, 110.057], [236.907, 109.096], [236.35, 108.106], [235.392, 106.046], [234.651, 103.898], [234.135, 101.685], [233.963, 100.562], [233.796, 98.335], [233.603, 90.643], [233.49, 89.341], [231.154, 90.266], [228.59, 87.629], [225.137, 94.115], [225.253, 98.763], [225.461, 101.531], [225.732, 103.306]]]}, "properties": {"id": "sidewalk_47", "kind": "sidewalk", "z_offset": 0.15, "source": "osm_tags", "confidence": 1.0, "road_ids": ["r35", "r37"], "junction_id": null, "tags": {}}}, {"type": "Feature", "geometry": {"type": "Polygon", "coordinates": [[[140.738, 187.192], [141.426, 187.878], [169.833, 216.195], [175.591, 210.418], [153.899, 188.928], [153.899, 187.409], [147.556, 181.086], [152.603, 169.934], [153.521, 170.85], [153.9, 170.47], [153.9, 169.193], [191.661, 131.011], [211.039, 111.986], [211.88, 111.986], [211.138, 111.246], [215.442, 106.93], [208.972, 106.93], [207.883, 107.999], [207.879, 107.995], [203.806, 111.963], [183.885, 131.935], [179.246, 136.586], [149.286, 166.623], [149.285, 166.625], [140.739, 175.281], [140.739, 179.989], [140.738, 187.192]]]}, "properties": {"id": "sidewalk_48", "kind": "sidewalk", "z_offset": 0.15, "source": "osm_tags", "confidence": 1.0, "road_ids": ["r22", "r54"], "junction_id": null, "tags": {"junction_ids": ["j10", "j14"]}}}, {"type": "Feature", "geometry": {"type": "Polygon", "coordinates": [[[122.265, -11.96], [119.473, -9.095], [126.564, -2.187], [129.355, -5.052], [122.265, -11.96]]]}, "properties": {"id": "crossing_0", "kind": "crossing", "z_offset": 0.003, "source": "osm_tags", "confidence": 1.0, "road_ids": ["r41"], "junction_id": null, "tags": {"signal_id": "sig28"}}}, {"type": "Feature", "geometry": {"type": "Polygon", "coordinates": [[[-215.455, -170.887], [-212.684, -168.003], [-212.677, -168.01], [-209.8, -170.775], [-212.571, -173.659], [-215.455, -170.887]]]}, "properties": {"id": "crossing_1", "kind": "crossing", "z_offset": 0.003, "source": "osm_tags", "confidence": 1.0, "road_ids": ["r53"], "junction_id": null, "tags": {"signal_id": "sig29"}}}, {"type": "Feature", "geometry": {"type": "Polygon", "coordinates": [[[113.268, 156.098], [99.926, 169.484], [102.758, 172.308], [116.101, 158.922], [113.268, 156.098]]]}, "properties": {"id": "crossing_2", "kind": "crossing", "z_offset": 0.003, "source": "osm_tags", "confidence": 1.0, "road_ids": ["r9"], "junction_id": null, "tags": {"signal_id": "sig30"}}}, {"type": "Feature", "geometry": {"type": "Polygon", "coordinates": [[[148.834, 195.262], [147.815, 194.247], [135.107, 206.995], [137.94, 209.819], [150.648, 197.071], [148.834, 195.262]]]}, "properties": {"id": "crossing_3", "kind": "crossing", "z_offset": 0.003, "source": "osm_tags", "confidence": 1.0, "road_ids": ["r54"], "junction_id": null, "tags": {"signal_id": "sig31"}}}, {"type": "Feature", "geometry": {"type": "Polygon", "coordinates": [[[52.249, 95.28], [38.916, 108.657], [41.748, 111.482], [55.082, 98.104], [52.249, 95.28]]]}, "properties": {"id": "crossing_4", "kind": "crossing", "z_offset": 0.003, "source": "osm_tags", "confidence": 1.0, "road_ids": ["r9"], "junction_id": null, "tags": {"signal_id": "sig32"}}}, {"type": "Feature", "geometry": {"type": "Polygon", "coordinates": [[[18.893, 62.835], [6.132, 75.53], [7.999, 77.407], [8.953, 78.365], [21.714, 65.671], [18.893, 62.835]]]}, "properties": {"id": "crossing_5", "kind": "crossing", "z_offset": 0.003, "source": "osm_tags", "confidence": 1.0, "road_ids": ["r17"], "junction_id": null, "tags": {"signal_id": "sig33"}}}, {"type": "Feature", "geometry": {"type": "Polygon", "coordinates": [[[46.566, 66.702], [54.459, 74.506], [54.476, 74.489], [57.246, 71.636], [49.379, 63.857], [46.566, 66.702]]]}, "properties": {"id": "crossing_6", "kind": "crossing", "z_offset": 0.003, "source": "osm_tags", "confidence": 1.0, "road_ids": ["r20"], "junction_id": null, "tags": {"signal_id": "sig34"}}}, {"type": "Feature", "geometry": {"type": "Polygon", "coordinates": [[[202.399, -76.864], [194.715, -84.48], [191.9, -81.639], [199.583, -74.023], [202.399, -76.864]]]}, "properties": {"id": "crossing_7", "kind": "crossing", "z_offset": 0.003, "source": "osm_tags", "confidence": 1.0, "road_ids": ["r11"], "junction_id": null, "tags": {"signal_id": "sig35"}}}, {"type": "Feature", "geometry": {"type": "Polygon", "coordinates": [[[240.889, -87.204], [233.057, -79.403], [235.88, -76.569], [243.712, -84.37], [240.889, -87.204]]]}, "properties": {"id": "crossing_8", "kind": "crossing", "z_offset": 0.003, "source": "osm_tags", "confidence": 1.0, "road_ids": ["r12"], "junction_id": null, "tags": {"signal_id": "sig36"}}}, {"type": "Feature", "geometry": {"type": "Polygon", "coordinates": [[[242.832, -116.453], [234.746, -124.47], [231.93, -121.629], [240.015, -113.613], [242.832, -116.453]]]}, "properties": {"id": "crossing_9", "kind": "crossing", "z_offset": 0.003, "source": "osm_tags", "confidence": 1.0, "road_ids": ["r21"], "junction_id": null, "tags": {"signal_id": "sig37"}}}, {"type": "Feature", "geometry": {"type": "Polygon", "coordinates": [[[195.933, -116.066], [198.747, -113.224], [206.919, -121.315], [204.104, -124.158], [195.933, -116.066]]]}, "properties": {"id": "crossing_10", "kind": "crossing", "z_offset": 0.003, "source": "osm_tags", "confidence": 1.0, "road_ids": ["r13"], "junction_id": null, "tags": {"signal_id": "sig38"}}}, {"type": "Feature", "geometry": {"type": "Polygon", "coordinates": [[[97.277, -210.313], [100.012, -213.232], [97.384, -215.693], [94.65, -212.774], [97.277, -210.313]]]}, "properties": {"id": "crossing_11", "kind": "crossing", "z_offset": 0.003, "source": "osm_tags", "confidence": 1.0, "road_ids": ["r34"], "junction_id": null, "tags": {"signal_id": "sig39"}}}, {"type": "Feature", "geometry": {"type": "Polygon", "coordinates": [[[206.366, -80.865], [198.681, -88.483], [195.866, -85.642], [203.549, -78.025], [206.366, -80.865]]]}, "properties": {"id": "crossing_12", "kind": "crossing", "z_offset": 0.003, "source": "osm_tags", "confidence": 1.0, "road_ids": ["r11"], "junction_id": null, "tags": {"signal_id": "sig40"}}}, {"type": "Feature", "geometry": {"type": "Polygon", "coordinates": [[[87.755, -214.659], [72.302, -228.879], [69.594, -225.936], [85.046, -211.716], [87.755, -214.659]]]}, "properties": {"id": "crossing_13", "kind": "crossing", "z_offset": 0.003, "source": "osm_tags", "confidence": 1.0, "road_ids": ["r30"], "junction_id": null, "tags": {"signal_id": "sig41"}}}, {"type": "Feature", "geometry": {"type": "Polygon", "coordinates": [[[-200.899, -184.875], [-198.127, -181.991], [-195.243, -184.762], [-198.014, -187.646], [-200.899, -184.875]]]}, "properties": {"id": "crossing_14", "kind": "crossing", "z_offset": 0.003, "source": "osm_tags", "confidence": 1.0, "road_ids": ["r53"], "junction_id": null, "tags": {"signal_id": "sig42"}}}, {"type": "Feature", "geometry": {"type": "Polygon", "coordinates": [[[-189.327, -171.68], [-186.549, -168.803], [-183.671, -171.582], [-186.45, -174.459], [-189.327, -171.68]]]}, "properties": {"id": "crossing_15", "kind": "crossing", "z_offset": 0.003, "source": "osm_tags", "confidence": 1.0, "road_ids": ["r18"], "junction_id": null, "tags": {"signal_id": "sig43"}}}, {"type": "Feature", "geometry": {"type": "Polygon", "coordinates": [[[-237.582, -144.068], [-240.313, -146.927], [-243.205, -144.163], [-240.474, -141.305], [-237.582, -144.068]]]}, "properties": {"id": "crossing_16", "kind": "crossing", "z_offset": 0.003, "source": "osm_tags", "confidence": 1.0, "road_ids": ["r56"], "junction_id": null, "tags": {"signal_id": "sig44"}}}, {"type": "Feature", "geometry": {"type": "Polygon", "coordinates": [[[-185.036, -142.072], [-198.225, -128.95], [-195.404, -126.114], [-182.214, -139.237], [-185.036, -142.072]]]}, "properties": {"id": "crossing_17", "kind": "crossing", "z_offset": 0.003, "source": "osm_tags", "confidence": 1.0, "road_ids": ["r55"], "junction_id": null, "tags": {"signal_id": "sig45"}}}, {"type": "Feature", "geometry": {"type": "Polygon", "coordinates": [[[-233.155, -186.168], [-244.78, -174.523], [-241.95, -171.696], [-230.324, -183.342], [-233.155, -186.168]]]}, "properties": {"id": "crossing_18", "kind": "crossing", "z_offset": 0.003, "source": "osm_tags", "confidence": 1.0, "road_ids": ["r57"], "junction_id": null, "tags": {"signal_id": "sig46"}}}, {"type": "Feature", "geometry": {"type": "Polygon", "coordinates": [[[-225.028, -131.653], [-227.806, -134.531], [-230.684, -131.752], [-227.905, -128.875], [-225.028, -131.653]]]}, "properties": {"id": "crossing_19", "kind": "crossing", "z_offset": 0.003, "source": "osm_tags", "confidence": 1.0, "road_ids": ["r19"], "junction_id": null, "tags": {"signal_id": "sig47"}}}, {"type": "Feature", "geometry": {"type": "Polygon", "coordinates": [[[-67.261, -43.864], [-68.527, -42.547], [-69.993, -40.941], [-67.408, -38.582], [-66.145, -39.966], [-65.781, -40.365], [-65.765, -40.382], [-64.711, -41.536], [-67.261, -43.864]]]}, "properties": {"id": "crossing_20", "kind": "crossing", "z_offset": 0.003, "source": "osm_tags", "confidence": 1.0, "road_ids": ["r31"], "junction_id": null, "tags": {"signal_id": "sig48"}}}, {"type": "Feature", "geometry": {"type": "Polygon", "coordinates": [[[-64.439, -82.071], [-49.078, -67.759], [-46.351, -70.686], [-61.713, -84.998], [-64.439, -82.071]]]}, "properties": {"id": "crossing_21", "kind": "crossing", "z_offset": 0.003, "source": "osm_tags", "confidence": 1.0, "road_ids": ["r6"], "junction_id": null, "tags": {"signal_id": "sig49"}}}, {"type": "Feature", "geometry": {"type": "Polygon", "coordinates": [[[-116.532, -25.854], [-101.051, -11.666], [-98.348, -14.615], [-113.83, -28.803], [-116.532, -25.854]]]}, "properties": {"id": "crossing_22", "kind": "crossing", "z_offset": 0.003, "source": "osm_tags", "confidence": 1.0, "road_ids": ["r15"], "junction_id": null, "tags": {"signal_id": "sig50"}}}, {"type": "Feature", "geometry": {"type": "Polygon", "coordinates": [[[-116.691, -28.835], [-116.685, -28.842], [-116.679, -28.849], [-115.328, -30.312], [-117.733, -32.532], [-119.076, -31.117], [-119.143, -31.044], [-120.446, -29.592], [-118.041, -27.373], [-116.691, -28.835]]]}, "properties": {"id": "crossing_23", "kind": "crossing", "z_offset": 0.003, "source": "osm_tags", "confidence": 1.0, "road_ids": ["r28"], "junction_id": null, "tags": {"signal_id": "sig51"}}}, {"type": "Feature", "geometry": {"type": "Polygon", "coordinates": [[[-64.464, 4.561], [-51.702, -8.133], [-54.523, -10.968], [-67.284, 1.726], [-64.464, 4.561]]]}, "properties": {"id": "crossing_24", "kind": "crossing", "z_offset": 0.003, "source": "osm_tags", "confidence": 1.0, "road_ids": ["r17"], "junction_id": null, "tags": {"signal_id": "sig52"}}}, {"type": "Feature", "geometry": {"type": "Polygon", "coordinates": [[[-97.524, -11.938], [-98.208, -11.26], [-99.161, -10.248], [-96.73, -7.797], [-95.702, -8.816], [-95.697, -8.821], [-93.89, -10.613], [-96.354, -13.098], [-97.524, -11.938]]]}, "properties": {"id": "crossing_25", "kind": "crossing", "z_offset": 0.003, "source": "osm_tags", "confidence": 1.0, "road_ids": ["r29"], "junction_id": null, "tags": {"signal_id": "sig53"}}}, {"type": "Feature", "geometry": {"type": "Polygon", "coordinates": [[[-66.853, -88.716], [-69.045, -85.37], [-66.285, -83.561], [-64.092, -86.907], [-66.853, -88.716]]]}, "properties": {"id": "crossing_26", "kind": "crossing", "z_offset": 0.003, "source": "osm_tags", "confidence": 1.0, "road_ids": ["r7"], "junction_id": null, "tags": {"signal_id": "sig54"}}}, {"type": "Feature", "geometry": {"type": "Polygon", "coordinates": [[[-121.964, -78.681], [-135.153, -65.558], [-132.332, -62.723], [-119.143, -75.845], [-121.964, -78.681]]]}, "properties": {"id": "crossing_27", "kind": "crossing", "z_offset": 0.003, "source": "osm_tags", "confidence": 1.0, "road_ids": ["r55"], "junction_id": null, "tags": {"signal_id": "sig55"}}}, {"type": "Feature", "geometry": {"type": "Polygon", "coordinates": [[[14.745, 111.449], [14.756, 111.438], [14.766, 111.428], [16.195, 110.049], [8.933, 102.527], [6.056, 105.306], [13.317, 112.827], [14.745, 111.449]]]}, "properties": {"id": "crossing_28", "kind": "crossing", "z_offset": 0.003, "source": "osm_tags", "confidence": 1.0, "road_ids": ["r16"], "junction_id": null, "tags": {"signal_id": "sig56"}}}, {"type": "Feature", "geometry": {"type": "Polygon", "coordinates": [[[-48.701, 160.511], [-51.517, 163.351], [-44.061, 170.744], [-42.69, 169.362], [-41.245, 167.904], [-48.701, 160.511]]]}, "properties": {"id": "crossing_29", "kind": "crossing", "z_offset": 0.003, "source": "osm_tags", "confidence": 1.0, "road_ids": ["r16"], "junction_id": null, "tags": {"signal_id": "sig57"}}}, {"type": "Feature", "geometry": {"type": "Polygon", "coordinates": [[[-75.223, 161.046], [-78.063, 158.229], [-87.922, 168.169], [-85.082, 170.986], [-75.223, 161.046]]]}, "properties": {"id": "crossing_30", "kind": "crossing", "z_offset": 0.003, "source": "osm_tags", "confidence": 1.0, "road_ids": ["r26"], "junction_id": null, "tags": {"signal_id": "sig58"}}}, {"type": "Feature", "geometry": {"type": "Polygon", "coordinates": [[[-86.984, 198.9], [-79.444, 206.165], [-76.651, 203.302], [-84.209, 196.02], [-86.984, 198.9]]]}, "properties": {"id": "crossing_31", "kind": "crossing", "z_offset": 0.003, "source": "osm_tags", "confidence": 1.0, "road_ids": ["r3"], "junction_id": null, "tags": {"signal_id": "sig59"}}}, {"type": "Feature", "geometry": {"type": "Polygon", "coordinates": [[[-37.793, 198.329], [-40.633, 195.512], [-50.492, 205.451], [-47.652, 208.268], [-37.793, 198.329]]]}, "properties": {"id": "crossing_32", "kind": "crossing", "z_offset": 0.003, "source": "osm_tags", "confidence": 1.0, "road_ids": ["r4"], "junction_id": null, "tags": {"signal_id": "sig60"}}}, {"type": "Feature", "geometry": {"type": "Polygon", "coordinates": [[[-208.953, 60.437], [-211.686, 63.358], [-209.276, 65.613], [-206.543, 62.692], [-208.953, 60.437]]]}, "properties": {"id": "crossing_33", "kind": "crossing", "z_offset": 0.003, "source": "osm_tags", "confidence": 1.0, "road_ids": ["r24"], "junction_id": null, "tags": {"signal_id": "sig61"}}}, {"type": "Feature", "geometry": {"type": "Polygon", "coordinates": [[[-187.319, 37.18], [-190.052, 40.1], [-187.643, 42.355], [-184.909, 39.435], [-187.319, 37.18]]]}, "properties": {"id": "crossing_34", "kind": "crossing", "z_offset": 0.003, "source": "osm_tags", "confidence": 1.0, "road_ids": ["r28"], "junction_id": null, "tags": {"signal_id": "sig62"}}}, {"type": "Feature", "geometry": {"type": "Polygon", "coordinates": [[[-162.369, 67.91], [-159.643, 64.982], [-162.205, 62.598], [-164.93, 65.525], [-162.369, 67.91]]]}, "properties": {"id": "crossing_35", "kind": "crossing", "z_offset": 0.003, "source": "osm_tags", "confidence": 1.0, "road_ids": ["r29"], "junction_id": null, "tags": {"signal_id": "sig63"}}}, {"type": "Feature", "geometry": {"type": "Polygon", "coordinates": [[[-179.206, 85.879], [-181.764, 83.491], [-184.494, 86.414], [-181.936, 88.803], [-179.206, 85.879]]]}, "properties": {"id": "crossing_36", "kind": "crossing", "z_offset": 0.003, "source": "osm_tags", "confidence": 1.0, "road_ids": ["r27"], "junction_id": null, "tags": {"signal_id": "sig64"}}}, {"type": "Feature", "geometry": {"type": "Polygon", "coordinates": [[[-212.381, 26.469], [-215.16, 23.593], [-222.711, 30.889], [-219.931, 33.766], [-212.381, 26.469]]]}, "properties": {"id": "crossing_37", "kind": "crossing", "z_offset": 0.003, "source": "osm_tags", "confidence": 1.0, "road_ids": ["r5"], "junction_id": null, "tags": {"signal_id": "sig65"}}}, {"type": "Feature", "geometry": {"type": "Polygon", "coordinates": [[[-204.049, 69.478], [-188.703, 83.799], [-187.343, 82.356], [-187.319, 82.331], [-185.974, 80.875], [-201.32, 66.554], [-204.049, 69.478]]]}, "properties": {"id": "crossing_38", "kind": "crossing", "z_offset": 0.003, "source": "osm_tags", "confidence": 1.0, "road_ids": ["r59"], "junction_id": null, "tags": {"signal_id": "sig66"}}}, {"type": "Feature", "geometry": {"type": "Polygon", "coordinates": [[[-147.701, 88.648], [-157.549, 98.576], [-154.71, 101.394], [-144.861, 91.464], [-147.701, 88.648]]]}, "properties": {"id": "crossing_39", "kind": "crossing", "z_offset": 0.003, "source": "osm_tags", "confidence": 1.0, "road_ids": ["r25"], "junction_id": null, "tags": {"signal_id": "sig67"}}}, {"type": "Feature", "geometry": {"type": "Polygon", "coordinates": [[[-183.425, 47.135], [-167.943, 61.323], [-167.133, 60.44], [-167.133, 60.439], [-165.241, 58.374], [-180.722, 44.186], [-183.425, 47.135]]]}, "properties": {"id": "crossing_40", "kind": "crossing", "z_offset": 0.003, "source": "osm_tags", "confidence": 1.0, "road_ids": ["r15"], "junction_id": null, "tags": {"signal_id": "sig68"}}}, {"type": "Feature", "geometry": {"type": "Polygon", "coordinates": [[[232.114, 68.192], [239.803, 75.866], [242.621, 73.028], [234.94, 65.361], [232.114, 68.192]]]}, "properties": {"id": "crossing_41", "kind": "crossing", "z_offset": 0.003, "source": "osm_tags", "confidence": 1.0, "road_ids": ["r58"], "junction_id": null, "tags": {"signal_id": "sig69"}}}, {"type": "Feature", "geometry": {"type": "Polygon", "coordinates": [[[204.643, 111.123], [207.467, 108.291], [200.033, 100.876], [197.208, 103.708], [204.643, 111.123]]]}, "properties": {"id": "crossing_42", "kind": "crossing", "z_offset": 0.003, "source": "osm_tags", "confidence": 1.0, "road_ids": ["r22"], "junction_id": null, "tags": {"signal_id": "sig70"}}}, {"type": "Feature", "geometry": {"type": "Polygon", "coordinates": [[[100.942, 11.722], [108.529, 19.823], [108.545, 19.808], [111.44, 17.08], [103.861, 8.988], [100.942, 11.722]]]}, "properties": {"id": "crossing_43", "kind": "crossing", "z_offset": 0.003, "source": "osm_tags", "confidence": 1.0, "road_ids": ["r20"], "junction_id": null, "tags": {"signal_id": "sig71"}}}, {"type": "Feature", "geometry": {"type": "Polygon", "coordinates": [[[142.701, -16.584], [145.496, -19.446], [137.784, -26.978], [136.677, -25.845], [134.989, -24.117], [142.701, -16.584]]]}, "properties": {"id": "crossing_44", "kind": "crossing", "z_offset": 0.003, "source": "osm_tags", "confidence": 1.0, "road_ids": ["r10"], "junction_id": null, "tags": {"signal_id": "sig72"}}}, {"type": "Feature", "geometry": {"type": "Polygon", "coordinates": [[[1.226, -152.554], [-1.498, -149.625], [13.877, -135.321], [13.956, -135.406], [13.956, -135.407], [14.021, -135.476], [16.601, -138.25], [1.226, -152.554]]]}, "properties": {"id": "crossing_45", "kind": "crossing", "z_offset": 0.003, "source": "osm_tags", "confidence": 1.0, "road_ids": ["r30"], "junction_id": null, "tags": {"signal_id": "sig73"}}}, {"type": "Feature", "geometry": {"type": "Polygon", "coordinates": [[[21.476, -134.668], [20.712, -133.852], [18.834, -131.665], [21.471, -129.303], [23.362, -131.416], [23.366, -131.42], [23.37, -131.424], [24.139, -132.283], [21.476, -134.668]]]}, "properties": {"id": "crossing_46", "kind": "crossing", "z_offset": 0.003, "source": "osm_tags", "confidence": 1.0, "road_ids": ["r34"], "junction_id": null, "tags": {"signal_id": "sig74"}}}, {"type": "Feature", "geometry": {"type": "Polygon", "coordinates": [[[24.032, -132.177], [21.362, -134.546], [20.712, -133.852], [18.725, -131.538], [21.377, -129.185], [24.032, -132.177]]]}, "properties": {"id": "crossing_47", "kind": "crossing", "z_offset": 0.003, "source": "osm_tags", "confidence": 1.0, "road_ids": ["r34"], "junction_id": null, "tags": {"signal_id": "sig75"}}}, {"type": "Feature", "geometry": {"type": "Polygon", "coordinates": [[[-0.445, -110.635], [2.104, -108.243], [4.843, -111.159], [2.292, -113.553], [-0.445, -110.635]]]}, "properties": {"id": "crossing_48", "kind": "crossing", "z_offset": 0.003, "source": "osm_tags", "confidence": 1.0, "road_ids": ["r31"], "junction_id": null, "tags": {"signal_id": "sig76"}}}, {"type": "Feature", "geometry": {"type": "Polygon", "coordinates": [[[-1.912, -118.376], [-17.277, -132.692], [-18.885, -130.965], [-20.003, -129.765], [-4.639, -115.45], [-1.912, -118.376]]]}, "properties": {"id": "crossing_49", "kind": "crossing", "z_offset": 0.003, "source": "osm_tags", "confidence": 1.0, "road_ids": ["r6"], "junction_id": null, "tags": {"signal_id": "sig77"}}}, {"type": "Feature", "geometry": {"type": "Polygon", "coordinates": [[[-22.776, -138.414], [-25.555, -135.537], [-23.182, -133.245], [-20.403, -136.122], [-22.776, -138.414]]]}, "properties": {"id": "crossing_50", "kind": "crossing", "z_offset": 0.003, "source": "osm_tags", "confidence": 1.0, "road_ids": ["r7"], "junction_id": null, "tags": {"signal_id": "sig78"}}}, {"type": "Feature", "geometry": {"type": "Polygon", "coordinates": [[[240.487, -87.617], [232.629, -79.832], [235.452, -76.998], [243.303, -84.776], [240.487, -87.617]]]}, "properties": {"id": "crossing_51", "kind": "crossing", "z_offset": 0.003, "source": "osm_tags", "confidence": 1.0, "road_ids": ["r12"], "junction_id": null, "tags": {"signal_id": "sig79"}}}, {"type": "Feature", "geometry": {"type": "Polygon", "coordinates": [[[243.134, -116.757], [235.047, -124.774], [232.231, -121.933], [240.317, -113.918], [243.134, -116.757]]]}, "properties": {"id": "crossing_52", "kind": "crossing", "z_offset": 0.003, "source": "osm_tags", "confidence": 1.0, "road_ids": ["r21"], "junction_id": null, "tags": {"signal_id": "sig80"}}}, {"type": "Feature", "geometry": {"type": "Polygon", "coordinates": [[[202.43, -76.896], [194.747, -84.512], [191.932, -81.671], [199.614, -74.055], [202.43, -76.896]]]}, "properties": {"id": "crossing_53", "kind": "crossing", "z_offset": 0.003, "source": "osm_tags", "confidence": 1.0, "road_ids": ["r11"], "junction_id": null, "tags": {"signal_id": "sig81"}}}, {"type": "Feature", "geometry": {"type": "Polygon", "coordinates": [[[-39.197, 196.936], [-42.037, 194.119], [-51.896, 204.059], [-49.056, 206.876], [-39.197, 196.936]]]}, "properties": {"id": "crossing_54", "kind": "crossing", "z_offset": 0.003, "source": "osm_tags", "confidence": 1.0, "road_ids": ["r4"], "junction_id": null, "tags": {"signal_id": "sig82"}}}, {"type": "Feature", "geometry": {"type": "Polygon", "coordinates": [[[113.268, 156.098], [99.926, 169.484], [102.758, 172.308], [116.101, 158.922], [113.268, 156.098]]]}, "properties": {"id": "crossing_55", "kind": "crossing", "z_offset": 0.003, "source": "osm_tags", "confidence": 1.0, "road_ids": ["r9"], "junction_id": null, "tags": {"signal_id": "sig83"}}}, {"type": "Feature", "geometry": {"type": "Polygon", "coordinates": [[[225.556, 90.641], [218.564, 83.646], [215.732, 86.471], [222.727, 93.469], [225.556, 90.641]]]}, "properties": {"id": "crossing_56", "kind": "crossing", "z_offset": 0.003, "source": "osm_tags", "confidence": 1.0, "road_ids": ["r35"], "junction_id": null, "tags": {"signal_id": "sig84"}}}, {"type": "Feature", "geometry": {"type": "Polygon", "coordinates": [[[101.95, 199.86], [109.387, 207.271], [112.21, 204.438], [104.774, 197.027], [101.95, 199.86]]]}, "properties": {"id": "crossing_57", "kind": "crossing", "z_offset": 0.003, "source": "osm_tags", "confidence": 1.0, "road_ids": ["r23"], "junction_id": null, "tags": {"signal_id": "sig85"}}}, {"type": "Feature", "geometry": {"type": "Polygon", "coordinates": [[[143.402, 157.656], [150.836, 165.07], [153.66, 162.237], [146.227, 154.823], [143.402, 157.656]]]}, "properties": {"id": "crossing_58", "kind": "crossing", "z_offset": 0.003, "source": "osm_tags", "confidence": 1.0, "road_ids": ["r22"], "junction_id": null, "tags": {"signal_id": "sig86"}}}, {"type": "Feature", "geometry": {"type": "Polygon", "coordinates": [[[228.704, 87.506], [221.731, 80.478], [221.682, 80.526], [221.687, 80.531], [218.904, 83.307], [225.864, 90.323], [228.704, 87.506]]]}, "properties": {"id": "crossing_59", "kind": "crossing", "z_offset": 0.003, "source": "osm_tags", "confidence": 1.0, "road_ids": ["r35"], "junction_id": null, "tags": {"signal_id": "sig87"}}}, {"type": "Feature", "geometry": {"type": "Polygon", "coordinates": [[[-86.825, 198.735], [-79.284, 206.001], [-76.491, 203.138], [-84.05, 195.855], [-86.825, 198.735]]]}, "properties": {"id": "crossing_60", "kind": "crossing", "z_offset": 0.003, "source": "osm_tags", "confidence": 1.0, "road_ids": ["r3"], "junction_id": null, "tags": {"signal_id": "sig88"}}}, {"type": "Feature", "geometry": {"type": "Polygon", "coordinates": [[[-178.802, 85.447], [-181.36, 83.059], [-184.09, 85.982], [-181.532, 88.371], [-178.802, 85.447]]]}, "properties": {"id": "crossing_61", "kind": "crossing", "z_offset": 0.003, "source": "osm_tags", "confidence": 1.0, "road_ids": ["r27"], "junction_id": null, "tags": {"signal_id": "sig89"}}}, {"type": "Feature", "geometry": {"type": "Polygon", "coordinates": [[[-199.727, 64.815], [-202.441, 67.753], [-187.015, 82.002], [-186.376, 81.311], [-184.301, 79.064], [-199.727, 64.815]]]}, "properties": {"id": "crossing_62", "kind": "crossing", "z_offset": 0.003, "source": "osm_tags", "confidence": 1.0, "road_ids": ["r59"], "junction_id": null, "tags": {"signal_id": "sig90"}}}, {"type": "Feature", "geometry": {"type": "Polygon", "coordinates": [[[-206.402, 57.711], [-209.135, 60.632], [-206.725, 62.887], [-203.992, 59.966], [-206.402, 57.711]]]}, "properties": {"id": "crossing_63", "kind": "crossing", "z_offset": 0.003, "source": "osm_tags", "confidence": 1.0, "road_ids": ["r24"], "junction_id": null, "tags": {"signal_id": "sig91"}}}, {"type": "Feature", "geometry": {"type": "Polygon", "coordinates": [[[52.249, 95.28], [38.916, 108.657], [41.748, 111.482], [55.082, 98.104], [52.249, 95.28]]]}, "properties": {"id": "crossing_64", "kind": "crossing", "z_offset": 0.003, "source": "osm_tags", "confidence": 1.0, "road_ids": ["r9"], "junction_id": null, "tags": {"signal_id": "sig92"}}}, {"type": "Feature", "geometry": {"type": "Polygon", "coordinates": [[[31.197, -97.573], [33.881, -100.262], [31.049, -103.087], [28.366, -100.399], [31.197, -97.573]]]}, "properties": {"id": "crossing_65", "kind": "crossing", "z_offset": 0.003, "source": "osm_tags", "confidence": 1.0, "road_ids": ["r42"], "junction_id": null, "tags": {"signal_id": "sig93"}}}, {"type": "Feature", "geometry": {"type": "Polygon", "coordinates": [[[-35.739, -169.586], [-38.444, -166.919], [-35.635, -164.071], [-32.931, -166.738], [-35.739, -169.586]]]}, "properties": {"id": "crossing_66", "kind": "crossing", "z_offset": 0.003, "source": "osm_tags", "confidence": 1.0, "road_ids": ["r47"], "junction_id": null, "tags": {"signal_id": "sig94"}}}, {"type": "Feature", "geometry": {"type": "Polygon", "coordinates": [[[-75.24, 161.029], [-78.08, 158.212], [-87.938, 168.152], [-85.098, 170.969], [-75.24, 161.029]]]}, "properties": {"id": "crossing_67", "kind": "crossing", "z_offset": 0.003, "source": "osm_tags", "confidence": 1.0, "road_ids": ["r26"], "junction_id": null, "tags": {"signal_id": "sig95"}}}, {"type": "Feature", "geometry": {"type": "Polygon", "coordinates": [[[-38.099, 198.025], [-40.939, 195.208], [-50.798, 205.148], [-47.959, 207.965], [-38.099, 198.025]]]}, "properties": {"id": "crossing_68", "kind": "crossing", "z_offset": 0.003, "source": "osm_tags", "confidence": 1.0, "road_ids": ["r4"], "junction_id": null, "tags": {"signal_id": "sig96"}}}, {"type": "Feature", "geometry": {"type": "Polygon", "coordinates": [[[-86.825, 198.735], [-79.284, 206.001], [-76.491, 203.138], [-84.05, 195.855], [-86.825, 198.735]]]}, "properties": {"id": "crossing_69", "kind": "crossing", "z_offset": 0.003, "source": "osm_tags", "confidence": 1.0, "road_ids": ["r3"], "junction_id": null, "tags": {"signal_id": "sig97"}}}, {"type": "Feature", "geometry": {"type": "Polygon", "coordinates": [[[232.179, 68.132], [239.885, 75.784], [242.703, 72.945], [234.998, 65.294], [232.179, 68.132]]]}, "properties": {"id": "crossing_70", "kind": "crossing", "z_offset": 0.003, "source": "osm_tags", "confidence": 1.0, "road_ids": ["r58"], "junction_id": null, "tags": {"signal_id": "sig98"}}}, {"type": "Feature", "geometry": {"type": "Polygon", "coordinates": [[[-205.318, 216.482], [-206.028, 217.185], [-206.803, 217.992], [-207.138, 218.342], [-208.036, 219.418], [-203.342, 223.919], [-202.22, 222.748], [-202.216, 222.744], [-202.205, 222.733], [-200.574, 221.032], [-205.318, 216.482]]]}, "properties": {"id": "crossing_71", "kind": "crossing", "z_offset": 0.003, "source": "osm_tags", "confidence": 1.0, "road_ids": ["r8"], "junction_id": null, "tags": {"signal_id": "sig99"}}}, {"type": "Feature", "geometry": {"type": "Polygon", "coordinates": [[[-122.2, 143.444], [-119.358, 140.629], [-124.002, 135.94], [-126.844, 138.755], [-122.2, 143.444]]]}, "properties": {"id": "crossing_72", "kind": "crossing", "z_offset": 0.003, "source": "osm_tags", "confidence": 1.0, "road_ids": ["r8"], "junction_id": null, "tags": {"signal_id": "sig100"}}}, {"type": "Feature", "geometry": {"type": "Polygon", "coordinates": [[[-178.802, 85.447], [-181.36, 83.059], [-184.09, 85.982], [-181.532, 88.371], [-178.802, 85.447]]]}, "properties": {"id": "crossing_73", "kind": "crossing", "z_offset": 0.003, "source": "osm_tags", "confidence": 1.0, "road_ids": ["r27"], "junction_id": null, "tags": {"signal_id": "sig101"}}}, {"type": "Feature", "geometry": {"type": "Polygon", "coordinates": [[[203.735, 112.034], [206.56, 109.202], [199.125, 101.787], [196.3, 104.619], [203.735, 112.034]]]}, "properties": {"id": "crossing_74", "kind": "crossing", "z_offset": 0.003, "source": "osm_tags", "confidence": 1.0, "road_ids": ["r22"], "junction_id": null, "tags": {"signal_id": "sig102"}}}, {"type": "Feature", "geometry": {"type": "Polygon", "coordinates": [[[204.643, 111.123], [207.467, 108.291], [200.033, 100.876], [197.208, 103.708], [204.643, 111.123]]]}, "properties": {"id": "crossing_75", "kind": "crossing", "z_offset": 0.003, "source": "osm_tags", "confidence": 1.0, "road_ids": ["r22"], "junction_id": null, "tags": {"signal_id": "sig103"}}}, {"type": "Feature", "geometry": {"type": "Polygon", "coordinates": [[[-215.455, -170.887], [-212.684, -168.003], [-212.677, -168.01], [-209.8, -170.775], [-212.571, -173.659], [-215.455, -170.887]]]}, "properties": {"id": "crossing_76", "kind": "crossing", "z_offset": 0.003, "source": "osm_tags", "confidence": 1.0, "road_ids": ["r53"], "junction_id": null, "tags": {"signal_id": "sig104"}}}, {"type": "Feature", "geometry": {"type": "Polygon", "coordinates": [[[218.872, -93.662], [221.687, -90.821], [229.572, -98.633], [226.757, -101.475], [218.872, -93.662]]]}, "properties": {"id": "crossing_77", "kind": "crossing", "z_offset": 0.003, "source": "osm_tags", "confidence": 1.0, "road_ids": ["r12"], "junction_id": null, "tags": {"signal_id": "sig105"}}}, {"type": "Feature", "geometry": {"type": "Polygon", "coordinates": [[[-7.54, -154.182], [-5.111, -151.948], [-4.35, -152.775], [-4.382, -152.768], [-2.448, -154.933], [-4.832, -157.126], [-7.54, -154.182]]]}, "properties": {"id": "crossing_78", "kind": "crossing", "z_offset": 0.003, "source": "osm_tags", "confidence": 1.0, "road_ids": ["r32"], "junction_id": null, "tags": {"signal_id": "sig106"}}}, {"type": "Feature", "geometry": {"type": "Polygon", "coordinates": [[[-5.032, -152.023], [-4.345, -152.776], [-4.382, -152.768], [-2.376, -155.014], [-4.777, -157.202], [-6.135, -155.711], [-6.174, -155.667], [-6.203, -155.636], [-7.471, -154.245], [-5.032, -152.023]]]}, "properties": {"id": "crossing_79", "kind": "crossing", "z_offset": 0.003, "source": "osm_tags", "confidence": 1.0, "road_ids": ["r32"], "junction_id": null, "tags": {"signal_id": "sig107"}}}, {"type": "Feature", "geometry": {"type": "Polygon", "coordinates": [[[129.334, -19.878], [129.338, -25.861], [125.338, -25.87], [125.334, -19.88], [129.334, -19.878]]]}, "properties": {"id": "crossing_80", "kind": "crossing", "z_offset": 0.003, "source": "osm_tags", "confidence": 1.0, "road_ids": ["r46"], "junction_id": null, "tags": {"signal_id": "sig108"}}}, {"type": "Feature", "geometry": {"type": "Polygon", "coordinates": [[[119.889, -192.867], [128.061, -200.959], [125.246, -203.801], [117.075, -195.71], [119.889, -192.867]]]}, "properties": {"id": "crossing_81", "kind": "crossing", "z_offset": 0.003, "source": "osm_tags", "confidence": 1.0, "road_ids": ["r13"], "junction_id": null, "tags": {"signal_id": "sig109"}}}, {"type": "Feature", "geometry": {"type": "Polygon", "coordinates": [[[-121.964, -78.681], [-135.153, -65.558], [-132.332, -62.723], [-119.143, -75.845], [-121.964, -78.681]]]}, "properties": {"id": "crossing_82", "kind": "crossing", "z_offset": 0.003, "source": "osm_tags", "confidence": 1.0, "road_ids": ["r55"], "junction_id": null, "tags": {"signal_id": "sig110"}}}, {"type": "Feature", "geometry": {"type": "Polygon", "coordinates": [[[-206.402, 57.711], [-209.135, 60.632], [-206.725, 62.887], [-203.992, 59.966], [-206.402, 57.711]]]}, "properties": {"id": "crossing_83", "kind": "crossing", "z_offset": 0.003, "source": "osm_tags", "confidence": 1.0, "road_ids": ["r24"], "junction_id": null, "tags": {"signal_id": "sig111"}}}, {"type": "Feature", "geometry": {"type": "Polygon", "coordinates": [[[-157.864, -220.679], [-156.9, -219.676], [-154.37, -222.119], [-159.248, -222.119], [-157.864, -220.679]]]}, "properties": {"id": "ground_0", "kind": "ground", "z_offset": 0.15, "source": "osm_tags", "confidence": 0.5, "road_ids": [], "junction_id": null, "tags": {}}}, {"type": "Feature", "geometry": {"type": "Polygon", "coordinates": [[[-126.115, -222.119], [-134.212, -222.119], [-132.825, -220.683], [-130.367, -218.138], [-126.827, -221.6], [-126.333, -221.989], [-126.115, -222.119]]]}, "properties": {"id": "ground_1", "kind": "ground", "z_offset": 0.15, "source": "osm_tags", "confidence": 0.5, "road_ids": [], "junction_id": null, "tags": {}}}, {"type": "Feature", "geometry": {"type": "Polygon", "coordinates": [[[-104.753, -222.119], [-104.571, -222.0], [-104.169, -221.634], [-98.725, -216.192], [-97.247, -214.711], [-91.331, -220.546], [-89.736, -222.119], [-104.753, -222.119]]]}, "properties": {"id": "ground_2", "kind": "ground", "z_offset": 0.15, "source": "osm_tags", "confidence": 0.5, "road_ids": [], "junction_id": null, "tags": {}}}, {"type": "Feature", "geometry": {"type": "Polygon", "coordinates": [[[-247.374, -212.768], [-250.91, -209.244], [-250.91, -192.303], [-245.065, -198.127], [-238.876, -204.295], [-242.713, -208.136], [-247.374, -212.768]]]}, "properties": {"id": "ground_3", "kind": "ground", "z_offset": 0.15, "source": "osm_tags", "confidence": 0.5, "road_ids": [], "junction_id": null, "tags": {}}}, {"type": "Feature", "geometry": {"type": "Polygon", "coordinates": [[[-202.858, -185.765], [-215.004, -185.892], [-219.164, -185.991], [-213.846, -180.709], [-216.479, -178.057], [-212.799, -177.391], [-212.2, -176.789], [-202.858, -185.765]]]}, "properties": {"id": "ground_4", "kind": "ground", "z_offset": 0.15, "source": "osm_tags", "confidence": 0.5, "road_ids": [], "junction_id": null, "tags": {}}}, {"type": "Feature", "geometry": {"type": "Polygon", "coordinates": [[[-238.163, -157.117], [-245.159, -164.065], [-245.212, -152.572], [-245.206, -150.429], [-238.163, -157.117]]]}, "properties": {"id": "ground_5", "kind": "ground", "z_offset": 0.15, "source": "osm_tags", "confidence": 0.5, "road_ids": [], "junction_id": null, "tags": {}}}, {"type": "Feature", "geometry": {"type": "Polygon", "coordinates": [[[-183.766, -148.212], [-182.968, -149.005], [-182.795, -165.746], [-182.77, -165.919], [-192.263, -156.752], [-183.766, -148.212]]]}, "properties": {"id": "ground_6", "kind": "ground", "z_offset": 0.15, "source": "osm_tags", "confidence": 0.5, "road_ids": [], "junction_id": null, "tags": {}}}, {"type": "Feature", "geometry": {"type": "Polygon", "coordinates": [[[-205.961, -126.541], [-204.353, -125.974], [-205.23, -126.856], [-204.367, -127.715], [-213.409, -135.924], [-223.54, -126.142], [-221.76, -126.762], [-205.961, -126.541]]]}, "properties": {"id": "ground_7", "kind": "ground", "z_offset": 0.15, "source": "osm_tags", "confidence": 0.5, "road_ids": [], "junction_id": null, "tags": {}}}, {"type": "Feature", "geometry": {"type": "Polygon", "coordinates": [[[-250.91, -134.041], [-250.91, -115.004], [-241.417, -124.17], [-249.521, -132.597], [-250.91, -134.041]]]}, "properties": {"id": "ground_8", "kind": "ground", "z_offset": 0.15, "source": "osm_tags", "confidence": 0.5, "road_ids": [], "junction_id": null, "tags": {}}}, {"type": "Feature", "geometry": {"type": "Polygon", "coordinates": [[[-246.735, -105.126], [-249.517, -108.008], [-250.91, -109.451], [-250.91, -101.076], [-246.735, -105.126]]]}, "properties": {"id": "ground_9", "kind": "ground", "z_offset": 0.15, "source": "osm_tags", "confidence": 0.5, "road_ids": [], "junction_id": null, "tags": {}}}, {"type": "Feature", "geometry": {"type": "Polygon", "coordinates": [[[-134.472, -100.459], [-129.274, -95.235], [-129.116, -95.39], [-130.22, -96.489], [-121.878, -104.814], [-125.966, -108.923], [-126.02, -108.972], [-132.696, -102.253], [-134.472, -100.459]]]}, "properties": {"id": "ground_10", "kind": "ground", "z_offset": 0.15, "source": "osm_tags", "confidence": 0.5, "road_ids": [], "junction_id": null, "tags": {}}}, {"type": "Feature", "geometry": {"type": "Polygon", "coordinates": [[[-146.102, -19.496], [-132.162, -34.503], [-127.929, -39.22], [-123.348, -44.046], [-134.363, -57.117], [-134.381, -57.69], [-135.526, -58.839], [-135.739, -58.627], [-134.677, -57.562], [-134.024, -37.149], [-137.06, -33.895], [-146.703, -23.632], [-157.441, -12.215], [-160.562, -8.888], [-159.175, -10.198], [-156.147, -12.639], [-152.905, -14.788], [-149.621, -16.614], [-148.811, -17.134], [-147.937, -17.776], [-147.75, -17.928], [-146.94, -18.649], [-146.102, -19.496]]]}, "properties": {"id": "ground_11", "kind": "ground", "z_offset": 0.15, "source": "osm_tags", "confidence": 0.5, "road_ids": [], "junction_id": null, "tags": {}}}, {"type": "Feature", "geometry": {"type": "Polygon", "coordinates": [[[-244.35, -12.845], [-248.854, -17.366], [-250.91, -19.418], [-250.91, -6.123], [-247.876, -9.232], [-244.35, -12.845]]]}, "properties": {"id": "ground_12", "kind": "ground", "z_offset": 0.15, "source": "osm_tags", "confidence": 0.5, "road_ids": [], "junction_id": null, "tags": {}}}, {"type": "Feature", "geometry": {"type": "Polygon", "coordinates": [[[-71.671, 5.384], [-84.316, -3.206], [-87.102, -0.444], [-102.037, 15.412], [-102.724, 16.213], [-103.137, 16.798], [-103.494, 17.417], [-103.913, 18.331], [-105.105, 21.368], [-105.658, 22.445], [-102.117, 19.192], [-97.517, 13.606], [-93.244, 9.074], [-93.294, 8.774], [-87.49, 6.164], [-87.322, 6.453], [-84.194, 6.02], [-84.061, 5.654], [-78.583, 5.565], [-78.482, 5.909], [-75.43, 5.909], [-75.279, 5.542], [-71.611, 7.202], [-72.55, 6.258], [-71.671, 5.384]]]}, "properties": {"id": "ground_13", "kind": "ground", "z_offset": 0.15, "source": "osm_tags", "confidence": 0.5, "road_ids": [], "junction_id": null, "tags": {}}}, {"type": "Feature", "geometry": {"type": "Polygon", "coordinates": [[[-245.267, 16.226], [-245.887, 15.62], [-250.91, 20.749], [-250.91, 21.92], [-245.267, 16.226]]]}, "properties": {"id": "ground_14", "kind": "ground", "z_offset": 0.15, "source": "osm_tags", "confidence": 0.5, "road_ids": [], "junction_id": null, "tags": {}}}, {"type": "Feature", "geometry": {"type": "Polygon", "coordinates": [[[-189.827, 22.299], [-207.894, 22.639], [-207.799, 22.737], [-208.7, 23.608], [-195.514, 28.375], [-189.827, 22.299]]]}, "properties": {"id": "ground_15", "kind": "ground", "z_offset": 0.15, "source": "osm_tags", "confidence": 0.5, "road_ids": [], "junction_id": null, "tags": {}}}, {"type": "Feature", "geometry": {"type": "Polygon", "coordinates": [[[-223.41, 37.823], [-223.001, 40.108], [-222.959, 46.649], [-222.682, 55.223], [-223.587, 58.514], [-217.701, 52.224], [-222.917, 37.345], [-223.41, 37.823]]]}, "properties": {"id": "ground_16", "kind": "ground", "z_offset": 0.15, "source": "osm_tags", "confidence": 0.5, "road_ids": [], "junction_id": null, "tags": {}}}, {"type": "Feature", "geometry": {"type": "Polygon", "coordinates": [[[-146.082, 86.305], [-146.667, 84.964], [-146.258, 84.808], [-146.463, 68.435], [-150.748, 73.038], [-146.885, 84.725], [-147.069, 84.795], [-146.31, 86.534], [-146.082, 86.305]]]}, "properties": {"id": "ground_17", "kind": "ground", "z_offset": 0.15, "source": "osm_tags", "confidence": 0.5, "road_ids": [], "junction_id": null, "tags": {}}}, {"type": "Feature", "geometry": {"type": "Polygon", "coordinates": [[[-176.273, 100.713], [-161.905, 100.557], [-161.938, 101.19], [-161.294, 100.823], [-160.567, 100.601], [-160.228, 100.567], [-159.679, 100.014], [-172.891, 95.665], [-177.651, 100.763], [-177.586, 100.768], [-177.051, 100.99], [-176.223, 101.468], [-176.273, 100.713]]]}, "properties": {"id": "ground_18", "kind": "ground", "z_offset": 0.15, "source": "osm_tags", "confidence": 0.5, "road_ids": [], "junction_id": null, "tags": {}}}, {"type": "Feature", "geometry": {"type": "Polygon", "coordinates": [[[-104.126, 128.132], [-106.423, 125.945], [-111.558, 120.636], [-111.605, 120.595], [-111.813, 120.804], [-106.634, 126.158], [-104.337, 128.345], [-104.126, 128.132]]]}, "properties": {"id": "ground_19", "kind": "ground", "z_offset": 0.15, "source": "osm_tags", "confidence": 0.5, "road_ids": [], "junction_id": null, "tags": {}}}, {"type": "Feature", "geometry": {"type": "Polygon", "coordinates": [[[-243.231, 141.917], [-250.91, 134.731], [-250.91, 154.616], [-241.001, 144.004], [-243.231, 141.917]]]}, "properties": {"id": "ground_20", "kind": "ground", "z_offset": 0.15, "source": "osm_tags", "confidence": 0.5, "road_ids": [], "junction_id": null, "tags": {}}}, {"type": "Feature", "geometry": {"type": "Polygon", "coordinates": [[[-137.901, 165.172], [-138.152, 163.573], [-137.508, 163.017], [-138.661, 161.86], [-140.566, 163.747], [-138.528, 165.783], [-137.901, 165.172]]]}, "properties": {"id": "ground_21", "kind": "ground", "z_offset": 0.15, "source": "osm_tags", "confidence": 0.5, "road_ids": [], "junction_id": null, "tags": {}}}, {"type": "Feature", "geometry": {"type": "Polygon", "coordinates": [[[-238.443, 165.872], [-241.363, 169.0], [-249.618, 161.292], [-250.91, 160.085], [-250.91, 185.604], [-247.215, 181.799], [-243.308, 177.776], [-237.522, 183.395], [-238.251, 181.723], [-238.443, 165.872]]]}, "properties": {"id": "ground_22", "kind": "ground", "z_offset": 0.15, "source": "osm_tags", "confidence": 0.5, "road_ids": [], "junction_id": null, "tags": {}}}, {"type": "Feature", "geometry": {"type": "Polygon", "coordinates": [[[-179.047, 205.932], [-177.425, 204.344], [-171.015, 210.797], [-167.742, 207.554], [-167.683, 207.49], [-176.188, 199.03], [-181.091, 203.888], [-179.047, 205.932]]]}, "properties": {"id": "ground_23", "kind": "ground", "z_offset": 0.15, "source": "osm_tags", "confidence": 0.5, "road_ids": [], "junction_id": null, "tags": {}}}, {"type": "Feature", "geometry": {"type": "Polygon", "coordinates": [[[-109.461, 214.862], [-112.401, 217.804], [-116.803, 222.127], [-102.036, 222.127], [-105.949, 218.298], [-109.461, 214.862]]]}, "properties": {"id": "ground_24", "kind": "ground", "z_offset": 0.15, "source": "osm_tags", "confidence": 0.5, "road_ids": [], "junction_id": null, "tags": {}}}, {"type": "Feature", "geometry": {"type": "Polygon", "coordinates": [[[-207.097, 216.133], [-206.476, 215.518], [-206.848, 215.166], [-210.015, 218.369], [-213.731, 222.127], [-205.92, 222.127], [-208.5, 219.973], [-209.652, 219.012], [-208.253, 217.336], [-207.097, 216.133]]]}, "properties": {"id": "ground_25", "kind": "ground", "z_offset": 0.15, "source": "osm_tags", "confidence": 0.5, "road_ids": [], "junction_id": null, "tags": {}}}, {"type": "Feature", "geometry": {"type": "Polygon", "coordinates": [[[93.094, -214.039], [90.025, -217.138], [95.055, -222.119], [80.387, -222.119], [88.093, -215.027], [91.276, -212.098], [93.094, -214.039]]]}, "properties": {"id": "ground_26", "kind": "ground", "z_offset": 0.15, "source": "osm_tags", "confidence": 0.5, "road_ids": [], "junction_id": null, "tags": {}}}, {"type": "Feature", "geometry": {"type": "Polygon", "coordinates": [[[127.976, -207.207], [126.801, -209.894], [127.178, -210.338], [126.884, -222.119], [112.943, -222.119], [114.007, -221.044], [127.603, -207.312], [127.748, -206.981], [127.976, -207.207]]]}, "properties": {"id": "ground_27", "kind": "ground", "z_offset": 0.15, "source": "osm_tags", "confidence": 0.5, "road_ids": [], "junction_id": null, "tags": {}}}, {"type": "Feature", "geometry": {"type": "Polygon", "coordinates": [[[113.001, -191.924], [113.202, -191.977], [112.901, -192.281], [113.777, -193.149], [105.067, -201.947], [95.536, -191.774], [95.881, -191.469], [97.043, -191.991], [111.102, -192.235], [112.65, -191.713], [113.001, -191.924]]]}, "properties": {"id": "ground_28", "kind": "ground", "z_offset": 0.15, "source": "osm_tags", "confidence": 0.5, "road_ids": [], "junction_id": null, "tags": {}}}, {"type": "Feature", "geometry": {"type": "Polygon", "coordinates": [[[-7.318, -174.289], [-7.987, -173.811], [-8.69, -173.434], [-9.384, -173.278], [-10.639, -173.123], [-25.333, -172.789], [-26.63, -173.056], [-26.664, -173.07], [-26.237, -172.637], [-27.147, -171.74], [-12.709, -166.409], [-12.353, -166.814], [38.892, -222.119], [37.871, -222.119], [33.212, -217.381], [29.089, -212.694], [23.795, -207.33], [20.784, -204.131], [18.601, -201.799], [15.991, -199.022], [13.348, -196.19], [11.333, -194.047], [5.813, -188.16], [1.606, -183.529], [-1.857, -179.953], [-4.558, -177.165], [-6.557, -174.966], [-7.318, -174.289]]]}, "properties": {"id": "ground_29", "kind": "ground", "z_offset": 0.15, "source": "osm_tags", "confidence": 0.5, "road_ids": [], "junction_id": null, "tags": {}}}, {"type": "Feature", "geometry": {"type": "Polygon", "coordinates": [[[-91.062, -83.917], [-93.563, -81.241], [-97.778, -79.197], [-111.945, -79.375], [-114.446, -80.332], [-114.186, -80.071], [-115.082, -79.18], [-113.087, -79.491], [-112.003, -79.075], [-97.711, -78.896], [-93.381, -80.995], [-91.67, -82.827], [-70.992, -86.048], [-79.356, -91.529], [-70.486, -105.064], [-69.039, -107.026], [-67.484, -108.905], [-56.513, -120.761], [-34.968, -143.065], [-40.482, -157.729], [-40.5, -158.572], [-40.794, -158.282], [-40.588, -148.434], [-40.245, -138.183], [-48.358, -129.542], [-50.775, -126.81], [-59.114, -118.025], [-61.531, -115.437], [-63.747, -113.094], [-66.624, -109.973], [-69.049, -107.374], [-71.901, -104.331], [-75.824, -100.21], [-78.182, -97.645], [-81.042, -94.602], [-86.454, -88.76], [-91.062, -83.917]]]}, "properties": {"id": "ground_30", "kind": "ground", "z_offset": 0.15, "source": "osm_tags", "confidence": 0.5, "road_ids": [], "junction_id": null, "tags": {}}}, {"type": "Feature", "geometry": {"type": "Polygon", "coordinates": [[[36.515, -109.272], [35.513, -127.704], [31.777, -123.716], [31.671, -123.596], [36.104, -108.86], [36.515, -109.272]]]}, "properties": {"id": "ground_31", "kind": "ground", "z_offset": 0.15, "source": "osm_tags", "confidence": 0.5, "road_ids": [], "junction_id": null, "tags": {}}}, {"type": "Feature", "geometry": {"type": "Polygon", "coordinates": [[[19.964, -94.702], [20.064, -94.191], [20.8, -94.558], [21.051, -94.624], [21.653, -94.769], [22.016, -94.744], [22.604, -95.334], [10.285, -99.418], [5.086, -93.876], [5.428, -93.758], [5.804, -93.569], [5.905, -94.114], [19.964, -94.702]]]}, "properties": {"id": "ground_32", "kind": "ground", "z_offset": 0.15, "source": "osm_tags", "confidence": 0.5, "road_ids": [], "junction_id": null, "tags": {}}}, {"type": "Feature", "geometry": {"type": "Polygon", "coordinates": [[[-51.084, -33.678], [-51.016, -28.753], [-51.074, -21.778], [-51.245, -19.049], [-50.715, -17.556], [-50.842, -15.336], [-49.958, -16.215], [-49.901, -16.157], [-50.942, -19.091], [-50.774, -21.768], [-50.716, -28.754], [-50.783, -33.629], [-49.043, -38.671], [-44.009, -43.791], [-35.076, -52.998], [-30.991, -57.356], [-33.545, -55.93], [-34.426, -55.38], [-35.048, -54.917], [-35.633, -54.401], [-49.432, -40.052], [-49.541, -38.148], [-51.084, -33.678]]]}, "properties": {"id": "ground_33", "kind": "ground", "z_offset": 0.15, "source": "osm_tags", "confidence": 0.5, "road_ids": [], "junction_id": null, "tags": {}}}, {"type": "Feature", "geometry": {"type": "Polygon", "coordinates": [[[129.839, -27.878], [131.248, -28.239], [133.608, -30.655], [129.84, -30.666], [129.839, -27.878]]]}, "properties": {"id": "ground_34", "kind": "ground", "z_offset": 0.15, "source": "osm_tags", "confidence": 0.5, "road_ids": [], "junction_id": null, "tags": {}}}, {"type": "Feature", "geometry": {"type": "Polygon", "coordinates": [[[115.171, -30.708], [111.766, -27.377], [114.188, -27.212], [114.873, -27.212], [114.873, -27.549], [118.614, -27.547], [118.616, -30.698], [115.171, -30.708]]]}, "properties": {"id": "ground_35", "kind": "ground", "z_offset": 0.15, "source": "osm_tags", "confidence": 0.5, "road_ids": [], "junction_id": null, "tags": {}}}, {"type": "Feature", "geometry": {"type": "Polygon", "coordinates": [[[118.608, -18.222], [114.867, -18.224], [114.867, -18.562], [113.892, -18.563], [111.043, -18.755], [111.066, -19.092], [107.333, -19.345], [107.468, -21.34], [107.601, -23.303], [106.636, -22.359], [100.955, -16.802], [101.223, -16.536], [101.206, 3.277], [100.757, 3.733], [101.24, 4.249], [103.495, 1.467], [109.172, -3.485], [113.914, -7.624], [116.251, -8.6], [119.436, -11.924], [121.513, -14.021], [122.049, -16.927], [122.048, -16.928], [122.727, -17.883], [118.608, -17.885], [118.608, -18.222]]]}, "properties": {"id": "ground_36", "kind": "ground", "z_offset": 0.15, "source": "osm_tags", "confidence": 0.5, "road_ids": [], "junction_id": null, "tags": {}}}, {"type": "Feature", "geometry": {"type": "Polygon", "coordinates": [[[26.984, 61.134], [26.031, 62.082], [31.225, 66.859], [37.378, 66.795], [41.016, 62.942], [41.885, 62.598], [41.654, 62.366], [43.366, 60.66], [44.298, 59.699], [42.536, 60.34], [27.097, 59.862], [24.773, 58.911], [26.984, 61.134]]]}, "properties": {"id": "ground_37", "kind": "ground", "z_offset": 0.15, "source": "osm_tags", "confidence": 0.5, "road_ids": [], "junction_id": null, "tags": {}}}, {"type": "Feature", "geometry": {"type": "Polygon", "coordinates": [[[56.397, 90.41], [56.859, 90.871], [57.585, 91.184], [57.585, 91.594], [59.789, 93.791], [59.789, 78.265], [58.64, 79.41], [57.254, 78.019], [54.745, 80.276], [53.193, 81.26], [51.365, 82.911], [49.53, 84.333], [49.33, 85.597], [49.389, 85.228], [49.81, 85.608], [51.79, 87.81], [53.026, 88.871], [54.215, 89.73], [56.215, 90.593], [56.397, 90.41]]]}, "properties": {"id": "ground_38", "kind": "ground", "z_offset": 0.15, "source": "osm_tags", "confidence": 0.5, "road_ids": [], "junction_id": null, "tags": {}}}, {"type": "Feature", "geometry": {"type": "Polygon", "coordinates": [[[4.238, 99.071], [4.098, 90.615], [4.212, 83.425], [3.892, 83.103], [3.772, 90.615], [3.917, 99.369], [4.238, 99.071]]]}, "properties": {"id": "ground_39", "kind": "ground", "z_offset": 0.15, "source": "osm_tags", "confidence": 0.5, "road_ids": [], "junction_id": null, "tags": {}}}, {"type": "Feature", "geometry": {"type": "Polygon", "coordinates": [[[32.976, 115.104], [36.008, 115.097], [34.912, 114.004], [33.844, 114.004], [33.147, 110.351], [28.623, 105.644], [23.688, 110.791], [20.983, 113.419], [20.462, 113.902], [20.495, 113.938], [19.029, 115.301], [21.82, 115.293], [32.976, 115.104]]]}, "properties": {"id": "ground_40", "kind": "ground", "z_offset": 0.15, "source": "osm_tags", "confidence": 0.5, "road_ids": [], "junction_id": null, "tags": {}}}, {"type": "Feature", "geometry": {"type": "Polygon", "coordinates": [[[101.566, 135.431], [110.641, 127.596], [110.038, 126.932], [94.257, 111.202], [85.439, 119.356], [101.566, 135.431]]]}, "properties": {"id": "ground_41", "kind": "ground", "z_offset": 0.15, "source": "osm_tags", "confidence": 0.5, "road_ids": [], "junction_id": null, "tags": {}}}, {"type": "Feature", "geometry": {"type": "Polygon", "coordinates": [[[-52.504, 139.18], [-54.183, 140.873], [-45.784, 149.446], [-43.227, 146.868], [-44.676, 145.413], [-45.504, 146.213], [-52.504, 139.18]]]}, "properties": {"id": "ground_42", "kind": "ground", "z_offset": 0.15, "source": "osm_tags", "confidence": 0.5, "road_ids": [], "junction_id": null, "tags": {}}}, {"type": "Feature", "geometry": {"type": "Polygon", "coordinates": [[[119.977, 155.741], [119.727, 155.992], [134.817, 159.437], [138.455, 155.824], [138.242, 155.611], [134.723, 159.108], [119.977, 155.741]]]}, "properties": {"id": "ground_43", "kind": "ground", "z_offset": 0.15, "source": "osm_tags", "confidence": 0.5, "road_ids": [], "junction_id": null, "tags": {}}}, {"type": "Feature", "geometry": {"type": "Polygon", "coordinates": [[[-72.967, 159.487], [-55.033, 160.569], [-55.93, 159.679], [-54.676, 158.414], [-54.905, 158.518], [-63.485, 158.685], [-71.129, 158.729], [-72.292, 158.349], [-72.064, 158.575], [-72.967, 159.487]]]}, "properties": {"id": "ground_44", "kind": "ground", "z_offset": 0.15, "source": "osm_tags", "confidence": 0.5, "road_ids": [], "junction_id": null, "tags": {}}}, {"type": "Feature", "geometry": {"type": "Polygon", "coordinates": [[[-87.83, 191.015], [-87.612, 191.729], [-86.988, 192.331], [-86.967, 191.283], [-86.936, 191.282], [-86.938, 189.784], [-86.622, 173.254], [-87.532, 174.17], [-87.58, 174.123], [-87.83, 174.589], [-87.262, 174.711], [-87.236, 190.993], [-87.83, 191.015]]]}, "properties": {"id": "ground_45", "kind": "ground", "z_offset": 0.15, "source": "osm_tags", "confidence": 0.5, "road_ids": [], "junction_id": null, "tags": {}}}, {"type": "Feature", "geometry": {"type": "Polygon", "coordinates": [[[-39.566, 175.488], [-39.19, 175.4], [-39.575, 174.711], [-39.655, 174.45], [-40.339, 175.14], [-41.25, 174.236], [-40.455, 191.814], [-39.556, 190.908], [-39.339, 191.123], [-39.156, 190.537], [-38.763, 189.782], [-39.257, 189.738], [-39.566, 175.488]]]}, "properties": {"id": "ground_46", "kind": "ground", "z_offset": 0.15, "source": "osm_tags", "confidence": 0.5, "road_ids": [], "junction_id": null, "tags": {}}}, {"type": "Feature", "geometry": {"type": "Polygon", "coordinates": [[[100.685, 192.246], [101.589, 193.146], [99.372, 176.415], [98.454, 177.336], [98.438, 177.32], [98.683, 194.255], [100.685, 192.246]]]}, "properties": {"id": "ground_47", "kind": "ground", "z_offset": 0.15, "source": "osm_tags", "confidence": 0.5, "road_ids": [], "junction_id": null, "tags": {}}}, {"type": "Feature", "geometry": {"type": "Polygon", "coordinates": [[[-72.858, 205.944], [-71.966, 206.803], [-72.314, 207.164], [-71.346, 206.741], [-55.197, 206.686], [-54.774, 206.849], [-55.073, 206.552], [-54.189, 205.659], [-72.858, 205.944]]]}, "properties": {"id": "ground_48", "kind": "ground", "z_offset": 0.15, "source": "osm_tags", "confidence": 0.5, "road_ids": [], "junction_id": null, "tags": {}}}, {"type": "Feature", "geometry": {"type": "Polygon", "coordinates": [[[114.107, 211.443], [122.292, 211.164], [117.922, 206.808], [116.102, 207.61], [117.017, 208.523], [114.107, 211.443]]]}, "properties": {"id": "ground_49", "kind": "ground", "z_offset": 0.15, "source": "osm_tags", "confidence": 0.5, "road_ids": [], "junction_id": null, "tags": {}}}, {"type": "Feature", "geometry": {"type": "Polygon", "coordinates": [[[80.083, 214.447], [72.491, 222.127], [87.791, 222.127], [83.761, 218.111], [80.083, 214.447]]]}, "properties": {"id": "ground_50", "kind": "ground", "z_offset": 0.15, "source": "osm_tags", "confidence": 0.5, "road_ids": [], "junction_id": null, "tags": {}}}, {"type": "Feature", "geometry": {"type": "Polygon", "coordinates": [[[-22.701, 222.127], [-9.763, 222.127], [-16.214, 215.587], [-18.287, 217.677], [-22.701, 222.127]]]}, "properties": {"id": "ground_51", "kind": "ground", "z_offset": 0.15, "source": "osm_tags", "confidence": 0.5, "road_ids": [], "junction_id": null, "tags": {}}}, {"type": "Feature", "geometry": {"type": "Polygon", "coordinates": [[[149.032, -193.934], [148.162, -195.1], [146.305, -193.279], [144.737, -191.755], [152.645, -183.768], [154.192, -185.338], [155.965, -187.137], [150.278, -192.968], [150.161, -192.768], [149.032, -193.934]]]}, "properties": {"id": "ground_52", "kind": "ground", "z_offset": 0.15, "source": "osm_tags", "confidence": 0.5, "road_ids": [], "junction_id": null, "tags": {}}}, {"type": "Feature", "geometry": {"type": "Polygon", "coordinates": [[[244.454, -141.037], [247.84, -137.68], [250.895, -134.651], [250.895, -147.526], [244.454, -141.037]]]}, "properties": {"id": "ground_53", "kind": "ground", "z_offset": 0.15, "source": "osm_tags", "confidence": 0.5, "road_ids": [], "junction_id": null, "tags": {}}}, {"type": "Feature", "geometry": {"type": "Polygon", "coordinates": [[[210.216, -123.876], [228.4, -124.424], [227.476, -125.34], [227.857, -125.724], [210.174, -125.666], [211.09, -124.741], [210.216, -123.876]]]}, "properties": {"id": "ground_54", "kind": "ground", "z_offset": 0.15, "source": "osm_tags", "confidence": 0.5, "road_ids": [], "junction_id": null, "tags": {}}}, {"type": "Feature", "geometry": {"type": "Polygon", "coordinates": [[[196.153, -109.953], [195.281, -109.089], [195.288, -92.551], [196.015, -91.83], [196.153, -109.953]]]}, "properties": {"id": "ground_55", "kind": "ground", "z_offset": 0.15, "source": "osm_tags", "confidence": 0.5, "road_ids": [], "junction_id": null, "tags": {}}}, {"type": "Feature", "geometry": {"type": "Polygon", "coordinates": [[[249.985, -85.18], [245.511, -89.523], [244.223, -90.766], [243.629, -91.433], [243.353, -91.988], [243.32, -92.754], [243.206, -109.842], [243.158, -109.794], [242.852, -110.097], [237.442, -104.64], [231.938, -99.088], [243.717, -87.199], [250.895, -80.031], [250.895, -84.301], [249.985, -85.18]]]}, "properties": {"id": "ground_56", "kind": "ground", "z_offset": 0.15, "source": "osm_tags", "confidence": 0.5, "road_ids": [], "junction_id": null, "tags": {}}}, {"type": "Feature", "geometry": {"type": "Polygon", "coordinates": [[[219.117, -86.35], [215.56, -83.27], [215.559, -83.27], [209.736, -78.229], [210.516, -77.455], [227.874, -77.512], [219.117, -86.35]]]}, "properties": {"id": "ground_57", "kind": "ground", "z_offset": 0.15, "source": "osm_tags", "confidence": 0.5, "road_ids": [], "junction_id": null, "tags": {}}}, {"type": "Feature", "geometry": {"type": "Polygon", "coordinates": [[[246.983, -65.424], [244.182, -62.62], [250.895, -55.941], [250.895, -69.342], [246.983, -65.424]]]}, "properties": {"id": "ground_58", "kind": "ground", "z_offset": 0.15, "source": "osm_tags", "confidence": 0.5, "road_ids": [], "junction_id": null, "tags": {}}}, {"type": "Feature", "geometry": {"type": "Polygon", "coordinates": [[[165.23, -60.78], [165.441, -60.992], [165.653, -61.206], [171.313, -66.901], [171.9, -67.49], [171.687, -67.702], [171.1, -67.112], [165.229, -61.204], [160.415, -56.38], [160.629, -56.171], [165.23, -60.78]]]}, "properties": {"id": "ground_59", "kind": "ground", "z_offset": 0.15, "source": "osm_tags", "confidence": 0.5, "road_ids": [], "junction_id": null, "tags": {}}}, {"type": "Feature", "geometry": {"type": "Polygon", "coordinates": [[[185.787, -53.725], [185.573, -53.936], [184.935, -53.294], [185.027, -53.204], [184.918, -53.076], [198.223, -40.537], [197.98, -40.779], [193.572, -45.155], [189.583, -49.109], [185.36, -53.296], [185.787, -53.725]]]}, "properties": {"id": "ground_60", "kind": "ground", "z_offset": 0.15, "source": "osm_tags", "confidence": 0.5, "road_ids": [], "junction_id": null, "tags": {}}}, {"type": "Feature", "geometry": {"type": "Polygon", "coordinates": [[[131.443, 4.949], [131.436, 5.286], [135.66, 5.377], [135.653, 5.714], [139.877, 5.805], [139.87, 6.142], [144.095, 6.233], [144.052, 8.232], [144.009, 10.244], [144.351, 9.915], [144.351, 9.914], [150.196, 4.275], [149.688, 3.6], [149.337, 2.834], [149.12, 2.012], [149.053, 1.434], [149.028, -15.21], [146.277, -12.393], [145.381, -13.268], [144.232, -12.091], [135.819, -3.478], [133.233, -6.003], [131.756, -4.61], [129.392, -2.223], [124.123, 3.275], [125.573, 4.823], [131.443, 4.949]]]}, "properties": {"id": "ground_61", "kind": "ground", "z_offset": 0.15, "source": "osm_tags", "confidence": 0.5, "road_ids": [], "junction_id": null, "tags": {}}}, {"type": "Feature", "geometry": {"type": "Polygon", "coordinates": [[[248.697, 23.183], [250.895, 25.395], [250.895, 20.85], [248.697, 23.183]]]}, "properties": {"id": "ground_62", "kind": "ground", "z_offset": 0.15, "source": "osm_tags", "confidence": 0.5, "road_ids": [], "junction_id": null, "tags": {}}}, {"type": "Feature", "geometry": {"type": "Polygon", "coordinates": [[[172.13, 35.009], [172.351, 34.782], [175.104, 37.467], [179.245, 33.22], [174.275, 28.275], [169.564, 32.507], [172.13, 35.009]]]}, "properties": {"id": "ground_63", "kind": "ground", "z_offset": 0.15, "source": "osm_tags", "confidence": 0.5, "road_ids": [], "junction_id": null, "tags": {}}}, {"type": "Feature", "geometry": {"type": "Polygon", "coordinates": [[[250.895, 42.969], [244.386, 49.415], [243.099, 50.693], [246.289, 53.861], [250.895, 58.437], [250.895, 42.969]]]}, "properties": {"id": "ground_64", "kind": "ground", "z_offset": 0.15, "source": "osm_tags", "confidence": 0.5, "road_ids": [], "junction_id": null, "tags": {}}}, {"type": "Feature", "geometry": {"type": "Polygon", "coordinates": [[[163.98, 56.12], [163.695, 57.262], [163.523, 58.427], [163.466, 59.603], [163.525, 60.779], [163.698, 61.944], [163.985, 63.086], [164.382, 64.194], [164.886, 65.258], [165.492, 66.268], [166.194, 67.213], [166.986, 68.085], [167.807, 68.905], [176.313, 60.441], [175.466, 59.595], [180.137, 54.917], [174.371, 49.159], [174.334, 49.123], [174.299, 49.088], [168.902, 43.827], [169.122, 43.601], [166.37, 40.916], [166.591, 40.689], [163.837, 38.004], [164.849, 36.968], [164.849, 36.967], [165.234, 36.572], [165.148, 36.473], [164.492, 37.063], [164.492, 37.064], [158.947, 42.045], [160.326, 43.338], [151.595, 51.524], [151.645, 51.567], [152.622, 52.243], [153.661, 52.818], [154.751, 53.288], [155.883, 53.647], [157.045, 53.893], [158.225, 54.023], [159.413, 54.036], [160.596, 53.931], [161.763, 53.71], [161.829, 53.69], [164.068, 55.873], [163.98, 56.12]]]}, "properties": {"id": "ground_65", "kind": "ground", "z_offset": 0.15, "source": "osm_tags", "confidence": 0.5, "road_ids": [], "junction_id": null, "tags": {}}}, {"type": "Feature", "geometry": {"type": "Polygon", "coordinates": [[[187.422, 59.154], [182.147, 64.437], [182.643, 64.887], [187.544, 59.267], [187.422, 59.154]]]}, "properties": {"id": "ground_66", "kind": "ground", "z_offset": 0.15, "source": "osm_tags", "confidence": 0.5, "road_ids": [], "junction_id": null, "tags": {}}}, {"type": "Feature", "geometry": {"type": "Polygon", "coordinates": [[[209.227, 88.418], [210.088, 89.277], [218.917, 80.452], [220.293, 79.098], [217.58, 76.308], [223.57, 70.482], [228.747, 65.447], [227.855, 64.53], [228.598, 63.807], [210.062, 63.952], [210.031, 63.922], [205.24, 69.416], [204.233, 70.572], [206.232, 70.544], [208.232, 70.516], [208.28, 73.936], [208.73, 73.93], [208.778, 77.35], [209.053, 77.346], [209.072, 78.697], [209.044, 80.97], [209.319, 80.974], [209.227, 88.418]]]}, "properties": {"id": "ground_67", "kind": "ground", "z_offset": 0.15, "source": "osm_tags", "confidence": 0.5, "road_ids": [], "junction_id": null, "tags": {}}}, {"type": "Feature", "geometry": {"type": "Polygon", "coordinates": [[[196.938, 78.936], [196.298, 78.378], [196.267, 80.812], [199.595, 80.853], [199.621, 78.705], [199.604, 77.479], [199.879, 77.475], [199.853, 75.594], [196.938, 78.936]]]}, "properties": {"id": "ground_68", "kind": "ground", "z_offset": 0.15, "source": "osm_tags", "confidence": 0.5, "road_ids": [], "junction_id": null, "tags": {}}}, {"type": "Feature", "geometry": {"type": "Polygon", "coordinates": [[[244.082, 79.51], [243.229, 80.339], [242.932, 80.033], [241.255, 86.271], [244.112, 86.024], [244.082, 79.51]]]}, "properties": {"id": "ground_69", "kind": "ground", "z_offset": 0.15, "source": "osm_tags", "confidence": 0.5, "road_ids": [], "junction_id": null, "tags": {}}}, {"type": "Feature", "geometry": {"type": "Polygon", "coordinates": [[[196.066, 96.461], [196.19, 96.337], [197.069, 97.214], [199.193, 91.11], [196.135, 91.072], [196.066, 96.461]]]}, "properties": {"id": "ground_70", "kind": "ground", "z_offset": 0.15, "source": "osm_tags", "confidence": 0.5, "road_ids": [], "junction_id": null, "tags": {}}}, {"type": "Feature", "geometry": {"type": "Polygon", "coordinates": [[[225.732, 103.306], [225.461, 101.531], [225.253, 98.763], [225.137, 94.115], [221.599, 100.758], [215.442, 106.93], [211.138, 111.246], [211.88, 111.986], [228.724, 111.987], [227.452, 109.251], [226.424, 106.269], [225.732, 103.306]]]}, "properties": {"id": "ground_71", "kind": "ground", "z_offset": 0.15, "source": "osm_tags", "confidence": 0.5, "road_ids": [], "junction_id": null, "tags": {}}}, {"type": "Feature", "geometry": {"type": "Polygon", "coordinates": [[[248.086, 102.786], [248.755, 103.682], [249.596, 104.597], [250.895, 105.87], [250.895, 104.557], [247.158, 100.838], [247.297, 101.241], [247.767, 102.252], [247.92, 102.523], [248.086, 102.786]]]}, "properties": {"id": "ground_72", "kind": "ground", "z_offset": 0.15, "source": "osm_tags", "confidence": 0.5, "road_ids": [], "junction_id": null, "tags": {}}}, {"type": "Feature", "geometry": {"type": "Polygon", "coordinates": [[[244.665, 125.984], [249.376, 130.868], [250.895, 132.402], [250.895, 119.626], [248.799, 121.765], [244.665, 125.984]]]}, "properties": {"id": "ground_73", "kind": "ground", "z_offset": 0.15, "source": "osm_tags", "confidence": 0.5, "road_ids": [], "junction_id": null, "tags": {}}}, {"type": "Feature", "geometry": {"type": "Polygon", "coordinates": [[[153.9, 170.47], [153.521, 170.85], [152.603, 169.934], [147.556, 181.086], [153.899, 187.409], [153.9, 170.47]]]}, "properties": {"id": "ground_74", "kind": "ground", "z_offset": 0.15, "source": "osm_tags", "confidence": 0.5, "road_ids": [], "junction_id": null, "tags": {}}}, {"type": "Feature", "geometry": {"type": "Polygon", "coordinates": [[[180.863, 222.127], [184.09, 218.889], [184.102, 218.875], [179.549, 214.34], [175.591, 210.418], [169.833, 216.195], [163.92, 222.127], [180.863, 222.127]]]}, "properties": {"id": "ground_75", "kind": "ground", "z_offset": 0.15, "source": "osm_tags", "confidence": 0.5, "road_ids": [], "junction_id": null, "tags": {}}}]}